-- MySQL dump 10.13  Distrib 5.1.55, for Win32 (ia32)
--
-- Host: localhost    Database: costco
-- ------------------------------------------------------
-- Server version	5.1.55-community

/*!40101 SET @OLD_CHARACTER_SET_CLIENT=@@CHARACTER_SET_CLIENT */;
/*!40101 SET @OLD_CHARACTER_SET_RESULTS=@@CHARACTER_SET_RESULTS */;
/*!40101 SET @OLD_COLLATION_CONNECTION=@@COLLATION_CONNECTION */;
/*!40101 SET NAMES utf8 */;
/*!40103 SET @OLD_TIME_ZONE=@@TIME_ZONE */;
/*!40103 SET TIME_ZONE='+00:00' */;
/*!40014 SET @OLD_UNIQUE_CHECKS=@@UNIQUE_CHECKS, UNIQUE_CHECKS=0 */;
/*!40014 SET @OLD_FOREIGN_KEY_CHECKS=@@FOREIGN_KEY_CHECKS, FOREIGN_KEY_CHECKS=0 */;
/*!40101 SET @OLD_SQL_MODE=@@SQL_MODE, SQL_MODE='NO_AUTO_VALUE_ON_ZERO' */;
/*!40111 SET @OLD_SQL_NOTES=@@SQL_NOTES, SQL_NOTES=0 */;

--
-- Table structure for table `categoria`
--

DROP TABLE IF EXISTS `categoria`;
/*!40101 SET @saved_cs_client     = @@character_set_client */;
/*!40101 SET character_set_client = utf8 */;
CREATE TABLE `categoria` (
  `idCat` int(11) NOT NULL,
  `nombre` varchar(40) DEFAULT NULL,
  `idDepto` int(11) DEFAULT NULL,
  PRIMARY KEY (`idCat`),
  KEY `idDepto` (`idDepto`),
  CONSTRAINT `categoria_ibfk_1` FOREIGN KEY (`idDepto`) REFERENCES `departamento` (`idDepto`) ON DELETE CASCADE ON UPDATE CASCADE
) ENGINE=InnoDB DEFAULT CHARSET=latin1;
/*!40101 SET character_set_client = @saved_cs_client */;

--
-- Dumping data for table `categoria`
--

LOCK TABLES `categoria` WRITE;
/*!40000 ALTER TABLE `categoria` DISABLE KEYS */;
INSERT INTO `categoria` VALUES (1,'TV Y VIDEO',1),(2,'AUDIO',1),(3,'COMPUTACIàN',1),(4,'SOFTWARE',1),(5,'APPLE',1),(6,'IMPRESIàN',1),(7,'MéSICA',1),(8,'COMUNICACIàN',1),(9,'SERVICIOS DE MANTENIMIENTO',1),(10,'FOTOGRAFÖA',1),(11,'CONSOLAS Y VIDEOJUEGOS',1),(12,'SEGURIDAD',1),(13,'REFRIGERADORES Y CONGELADORES',2),(14,'LAVANDERÖA',2),(15,'ENSERES MENORES',2),(16,'ELECTRODOMSTICOS',2),(17,'COCINAS INTEGRALES',2),(18,'EQUIPOS INDUSTRIALES',2),(19,'MµQUINAS DE COSER Y CUIDADO DE PRENDAS',2),(20,'ASPIRADORAS Y CUIDADO DE PISOS',2),(21,'MUEBLES',3),(22,'COLCHONES',3),(23,'BLANCOS',3),(24,'DECORACIàN',3),(25,'COCINA Y COMEDOR',3),(26,'CLIMATIZACIàN PARA EL HOGAR',3),(27,'ALMACENAJE Y ORGANIZACIàN PARA EL HOGAR',3),(28,'LIMPIEZA',3),(29,'LIBROS',3),(30,'PELÖCULAS',3),(31,'VINOS',4),(32,'LICORES',4),(33,'REGALOS',4),(34,'BOTANAS Y DULCES',5),(35,'GOURMET',5),(36,'CAF, T Y BEBIDAS',5),(37,'CARNES Y AVES',5),(38,'REPOSTERÖA Y GASTRONOMÖA',5),(39,'INSTITUCIONAL',5),(40,'KIRKLAND SIGNATURE',5),(41,'SALUDABLES',5),(42,'PESCADOS Y MARISCOS',5),(43,'REFRIGERADOS Y DELICATESSEN',5),(44,'ALIMENTOS PREPARADOS',5),(45,'PULSERAS',6),(46,'ARETES',6),(47,'COLLARES',6),(48,'ANILLOS',6),(49,'RELOJES Y JOYEROS',6),(50,'EQUIPAJE Y BOLSAS DE MANO',6),(51,'ROPA PARA DAMA',6),(52,'ROPA PARA CABALLERO',6),(53,'ROPA PARA NI¥OS',6),(54,'ALIMIENTACIàN DEL BEB',7),(55,'HIGIENE DEL BEB',7),(56,'CUARTO DEL BEB',7),(57,'SEGURIDAD DEL BEB',7),(58,'CARRIOLAS Y ASIENTOS PARA BEB',7),(59,'JUGUETES',7),(60,'JUEGOS DE MESA Y ROMPECABEZAS',7),(61,'SALàN DE JUEGOS',7),(62,'JUEGOS DE JARDÖN',7),(63,'MONTABLES',7),(64,'APARATOS DE EJERCICIO',8),(65,'CICLISMO',8),(66,'DEPORTE AL AIRE LIBRE',8),(67,'MOTOCICLISMO Y SCOOTERS',8),(68,'DEPORTES ACUµTICOS',8),(69,'CAMPISMO',8),(70,'TELESCOPIOS Y BINOCULARES',8),(71,'ATRACCIONES Y CERTIFICADOS DE REGALO',8),(72,'EQUIPAJE Y BOLSAS DE MANO',8),(73,'FRAGANCIAS',9),(74,'BELLEZA',9),(75,'SALUD EN CASA',9),(76,'NUTRICIàN Y DIETAS',9),(77,'VITAMINAS, PROTEÖNAS Y SUPLEMENTOS',9),(78,'MEDICAMENTOS SIN PRESCRIPCIàN',9),(79,'ORTOPEDIA Y REHABILITACIàN',9),(80,'MASAJE Y RELAJACIàN',9),(81,'PAQUETES DE EMERGENCIA',9),(82,'AUXILIARES AUDITIVOS',9),(83,'CUIDADO PERSONAL',9),(84,'LENTES PARA LECTURA',10),(85,'LENTES SOLARES',10),(86,'LENTES DE CONTACTO',10),(87,'ARMAZONES OFTµLMICOS',10),(88,'FLORES Y PLANTAS',11),(89,'MUEBLES PARA PATIO',11),(90,'ASADORES',11),(91,'CLIMATIZACIàN PARA EL JARDÖN',11),(92,'COBERTORES DE SOL',11),(93,'ALMACENAJE Y ORGANIZACIàN PARA EL JARDÖN',11),(94,'JARDINERÖA',11),(95,'ILUMINACIàN',11),(96,'SPA Y SAUNAS',11),(97,'MASCOTAS',11),(98,'BA¥O Y GRIFERÖA',12),(99,'COCINA',12),(100,'GARAGE',12),(101,'LLANTAS',12),(102,'GENERADORES Y PANELES SOLARES',12),(103,'MANTENIMIENTO DEL HOGAR',12),(104,'HERRAMIENTAS',12),(105,'SEGURIDAD Y PROTECCIàN',12),(106,'ELECTRICIDAD E ILUMINACIàN',12),(107,'AUTOMàVIL',12),(108,'EQUIPO DE OFICINA',13),(109,'MUEBLES DE OFICINA',13),(110,'ALMACENAMIENTO',13),(111,'ESCRITURA Y ESCOLARES',13),(112,'PAPEL PARA OFICINA',13),(113,'ACCESORIOS DE OFICINA',13),(114,'ACCESORIOS DE ESCRITORIO',13),(115,'CONSUMIBLES',13),(116,'SEGURIDAD EN LA OFICINA',13),(117,'COMESTIBLES Y DESECHABLES',13),(118,'VENTAS MAYOREO',13);
/*!40000 ALTER TABLE `categoria` ENABLE KEYS */;
UNLOCK TABLES;

--
-- Table structure for table `departamento`
--

DROP TABLE IF EXISTS `departamento`;
/*!40101 SET @saved_cs_client     = @@character_set_client */;
/*!40101 SET character_set_client = utf8 */;
CREATE TABLE `departamento` (
  `idDepto` int(11) NOT NULL,
  `nombre` varchar(30) DEFAULT NULL,
  PRIMARY KEY (`idDepto`)
) ENGINE=InnoDB DEFAULT CHARSET=latin1;
/*!40101 SET character_set_client = @saved_cs_client */;

--
-- Dumping data for table `departamento`
--

LOCK TABLES `departamento` WRITE;
/*!40000 ALTER TABLE `departamento` DISABLE KEYS */;
INSERT INTO `departamento` VALUES (1,'Electr¢nica'),(2,'L¡nea Blanca'),(3,'Muebles y Hogar'),(4,'Vinos y Licores'),(5,'Comida y Bebida'),(6,'Joyas y Ropa'),(7,'Beb‚s y Juguetes'),(8,'Deportes y Certificados'),(9,'Salud y Belleza'),(10,'àptica'),(11,'Jard¡n, Flores y Mascotas'),(12,'Ferreter¡a y Automotriz'),(13,'Negocios y Papeler¡a');
/*!40000 ALTER TABLE `departamento` ENABLE KEYS */;
UNLOCK TABLES;

--
-- Table structure for table `estado`
--

DROP TABLE IF EXISTS `estado`;
/*!40101 SET @saved_cs_client     = @@character_set_client */;
/*!40101 SET character_set_client = utf8 */;
CREATE TABLE `estado` (
  `idEdo` int(11) NOT NULL,
  `nombre` varchar(35) DEFAULT NULL,
  PRIMARY KEY (`idEdo`)
) ENGINE=InnoDB DEFAULT CHARSET=latin1;
/*!40101 SET character_set_client = @saved_cs_client */;

--
-- Dumping data for table `estado`
--

LOCK TABLES `estado` WRITE;
/*!40000 ALTER TABLE `estado` DISABLE KEYS */;
INSERT INTO `estado` VALUES (1,'Aguascalientes'),(2,'Baja California'),(3,'Baja California Sur'),(4,'Campeche'),(5,'Chiapas'),(6,'Chihuahua'),(7,'Ciudad de M‚xico'),(8,'Coahuila de Zaragoza'),(9,'Colima'),(10,'Durango'),(11,'Guanajuato'),(12,'Guerrero'),(13,'Hidalgo'),(14,'Jalisco'),(15,'M‚xico'),(16,'Michoac n de Ocampo'),(17,'Morelos'),(18,'Nayarit'),(19,'Nuevo Le¢n'),(20,'Oaxaca'),(21,'Puebla'),(22,'Quer‚taro de Arteaga'),(23,'Quintana Roo'),(24,'San Luis Potos¡'),(25,'Sinaloa'),(26,'Sonora'),(27,'Tabasco'),(28,'Tamaulipas'),(29,'Tlaxcala'),(30,'Veracruz de Ignacio de la Llave'),(31,'Yucat n'),(32,'Zacatecas');
/*!40000 ALTER TABLE `estado` ENABLE KEYS */;
UNLOCK TABLES;

--
-- Table structure for table `producto`
--

DROP TABLE IF EXISTS `producto`;
/*!40101 SET @saved_cs_client     = @@character_set_client */;
/*!40101 SET character_set_client = utf8 */;
CREATE TABLE `producto` (
  `idProducto` int(11) NOT NULL,
  `nombre` varchar(50) DEFAULT NULL,
  `marca` varchar(30) DEFAULT NULL,
  `precioUnitario` double DEFAULT NULL,
  `idSubCat` int(11) DEFAULT NULL,
  PRIMARY KEY (`idProducto`),
  KEY `idSubCat` (`idSubCat`),
  CONSTRAINT `producto_ibfk_1` FOREIGN KEY (`idSubCat`) REFERENCES `subcategoria` (`idSubCat`) ON DELETE CASCADE ON UPDATE CASCADE
) ENGINE=InnoDB DEFAULT CHARSET=latin1;
/*!40101 SET character_set_client = @saved_cs_client */;

--
-- Dumping data for table `producto`
--

LOCK TABLES `producto` WRITE;
/*!40000 ALTER TABLE `producto` DISABLE KEYS */;
INSERT INTO `producto` VALUES (1,'Sony LED 49\" Android TV 4K 60Hz','Sony',12.999,1),(2,'Samsung Led 65\" Smart TV curva UHD 240Hz','Samsung',35.999,1),(3,'LG LED 65\" Smart TV Super Ultra HD 4K','LG',29.999,1),(4,'Hisense ULED 65\" Smart TV Ultra HD 4K','Hisense',25.599,1),(5,'Sharp LED 55\" Smart TV Ultra HD','Sharp',14.999,1),(6,'Da-Lite pantalla manual 73\"','Da-Lite',1.699,2),(7,'Optoma proyector XGA 3,300 lumens 3D','Optoma',7.999,2),(8,'Nec proyector XGA 3000 lumens','Nec',8.999,2),(9,'Nec proyector SVGA 3000 lumens','Nec',7.999,2),(10,'Optoma proyector SVGA 3500 lumens','Optoma',6.999,2),(11,'AVF soporte multi posici¢n para TV de 22\" a...','AVF',1.799,3),(12,'AVF soporte inclinable para TV de 30\" a 90\"','AVF',1.699,3),(13,'Tripp-Lite no break UPS, regulador y supresor','Tripp-Lite',1.999,3),(14,'Peerless soporte para TV de 22\" a 40\" +...','Peerless',569,3),(15,'Smartbitt regulador y supresor de picos','Smartbitt',429,3),(16,'Belkin WeMo interruptor Insight WiFi©','Belkin',1.199,3),(17,'Belkin WeMo interruptor light','Belkin',1.199,3),(18,'Tripp-Lite cable HDMI de alta velocidad','Tripp-Lite',299,3),(19,'Onkyo teatro en casa 5.1.2 canales','Onkyo',24.999,4),(20,'Bose barra de sonido con subwoofer soundtouch','Bose',21.999,4),(21,'Onkyo minicomponente','Onkyo',17.999,5),(22,'Onkyo minicomponente Bluetooth© Hi-Fi','Onkyo',8.599,5),(23,'Behringer micr¢fono para estudio','Behringer',1.599,5),(24,'Bose Barra de sonido Bluetooth©','Bose',4.199,6),(25,'Blackstar amplificador para guitarra','Blackstar',5.499,7),(26,'Bose soundlink mini II bluetooth','Bose',3.299,7),(27,'Kempler & Strauss bocina amplificada','Kempler & Strauss',2.999,7),(28,'Onkyo bocinas de dos v¡as con reflector de...','Onkyo',9.999,7),(29,'EcoBoulder bocina by ECOXGEAR','EcoBoulder',4.999,7),(30,'Kempler & Strauss bocina port til Bluetooth©','Kempler & Strauss',599,8),(31,'Harman Kardon Onyx Studio bocina recargable','Harman Kardon',4.399,8),(32,'iHome bocina bluetooth con luces','iHome',799,8),(33,'Harman Kardon bocina aura','Harman Kardon',4.999,8),(34,'Shure aud¡fonos','Shure',2.499,9),(35,'Jabra Coach Sport, aud¡fonos deportivos con...','Jabra',3.599,9),(36,'Jabra Eclipse Blanco, aud¡fonos manos libres.','Jabra',2.899,9),(37,'Jabra Elite Sport, aud¡fonos deportivos','Jabra',5.999,9),(38,'Aftershokz aud¡fonos de conducci¢n ¢sea...','Aftershokz',2.999,9),(39,'Shure micr¢fono de condensador est‚reo...','Shure',4.299,10),(40,'Tripp-Lite no break UPS, regulador y supresor','Tripp-Lite',1.999,10),(41,'Smartbitt no break, regulador y supresor de...','Smartbitt',2.499,10),(42,'Smartbitt regulador y supresor de picos','Smartbitt',429,10),(43,'Smartbitt no break, regulador y supresor de...','Smartbitt',1.599,10),(44,'Tripp-Lite regulador con supresi¢n de...','Tripp-Lite',549,10),(45,'HP Desktop Omen 870-101LA Intel© Core...','HP',50.999,11),(46,'HP Monitor Envy 27\"','HP',13.999,11),(47,'Acer Desktop Predator Intel© CoreT i7-7700','Acer',35.999,11),(48,'HP All in One 21.5\" AMD Quad Core A6-7310','HP',9.699,11),(49,'Lenovo laptop 14\" Intel© CoreT i5-6200U','Lenovo',15.999,12),(50,'Acer Laptop 13.3\" Intel© CoreT i5-7Y54','Acer',23.699,12),(51,'Asus laptop zenbook flip 13.3\" Intel© Core i5','Asus',22.999,12),(52,'HP Omen laptop 15.6\" Intel© CoreTM i7-7700HQ','HP',21.999,12),(53,'Wacom Intuos© Pro tablet touch chica + l piz','Wacom',4.899,13),(54,'Wacom Intuos© Art tablet touch chica + l piz','Wacom',2.599,13),(55,'Tableta Protab Frozen 7\" + funda','Protab',1.749,13),(56,'Seagate disco duro port til 2TB','Seagate',1.999,14),(57,'Seagate disco duro externo Backup Plus HUB...','Seagate',3.499,14),(58,'Linksys amplificador de se¤al inal mbrica','Linksys',1.899,15),(59,'Wacom Intuos© Pro tablet touch chica + l piz','Wacom',4.899,15),(60,'Smartbitt no break, regulador y supresor de...','Smartbitt',2.499,15),(61,'Targus funda iPad Pro 12.9\"','Targus',999,15),(62,'Microsoft mouse flexible ergon¢mico...','Microsoft',1.399,15),(63,'Tripp-Lite cable HDMI de alta velocidad','Trip-Lite',299,15),(64,'HP Omen teclado steelseries','HP',2.699,15),(65,'Acer Desktop Predator Intel© CoreT i7-7700','Acer',35.999,16),(66,'HP Desktop Omen 870-101LA Intel© Core...','HP',50.999,16),(67,'HP Omen monitor 35\" curvo','HP',23.999,16),(68,'Microsoft© Office Mac Home and Business 2016','Microsoft Mac',6.499,17),(69,'Microsoft© Visio Standard 2016','Microsoft',8.499,17),(70,'Microsoft© Windows© Professional 10','Microsoft',5.499,17),(71,'Apple iPad Pro 9.7\" 32GB rosa','Apple',13.299,18),(72,'Apple iPad Pro 12.9\" 64GB gris espacial','Apple',18.599,18),(73,'Apple iPhone X silver 256gb','Apple',26.999,19),(74,'Apple iPhone 8 Plus space gray 64gb','Apple',18.899,19),(75,'Apple iPhone SE 64GB rosa','Apple',12.299,19),(76,'Epson impresora inyecci¢n de tinta a color...','Epson',14.699,20),(77,'Badgy 200 impresora de credenciales','Badgy',24.999,20),(78,'Epson multifuncional inyecci¢n tinta a color...','Epson',1.599,20),(79,'Epson multifuncional inyecci¢n tinta a color...','Epson',8.999,21),(80,'HP multifuncional deskjet GT 5820','HP',3.299,21),(81,'Epson mulifuncional inyecci¢n tinta a color...','Epson',3.999,21),(82,'HP 664XL cartucho de tinta negro','HP',1.119,22),(83,'HP 78A t¢ner negro','HP',1.999,22),(84,'Epson cinta negro sobre blanco 18mm','Epson',499,22),(85,'Epson cinta negro sobre transparente 12mm','Epson',429,22),(86,'Brother cinta TZe-251 negro sobre blanco 2...','Brother',999,22),(87,'Brother toner TN630 negro','Brother',999,22),(88,'Canon cartucho de tinta PG210 XL color negro...','Canon',549,22),(89,'Canon toner 120 color negro','Canon',2.599,22),(90,'Toner color negro Samsung CLT-K508L (1 pieza)','Samsung',2.469,22),(91,'Samsung toner color negro MLT-D205L','Samsung',2.799,22),(92,'Behringer bateria electr¢nica','Behringer',8.499,23),(93,'Washburn guitarra el‚ctrica edici¢n especial...','Washburn',3.999,23),(94,'Casio piano port til 48 tonos','Casio',5.499,23),(95,'La Sevillana guitarra electro-ac£stica','La Sevillana',3.399,23),(96,'Roy Benson trompeta con estuche','Roy Benson',4.599,23),(97,'Oscar Schmidt guitarra electroac£stica','Oscar Schmidt',2.499,23),(98,'Fender guitarra el‚ctrica stratocaster.','Fender',5.599,23),(99,'Seydel arm¢nica blues session steel','Seydel',1.899,23),(100,'Maxima bater¡a infantil','Maxima',5.599,23),(101,'Vtech tel‚fono inal mbrico 1 auricular','Vtech',1.149,24),(102,'Uniden tel‚fono inal mbrico 4 auriculares','Uniden',1.599,24),(103,'Alcatel tel‚fono inal mbrico 1 auricular','Alcatel',599,24),(104,'Belkin cargador de auto 4 puertos USB','Belkin',749,25),(105,'Outdoor Tech Kodiak Bater¡a port til','Outdoor',1.379,25),(106,'Scosche 3 en 1 cargador de coche + bater¡a.','Scosche',599,25),(107,'iZettle terminal de cobro port til Bluetooth©','iZettle',699,25),(108,'Griffin, cable cargador con Usb (varios...','Griffin',799,25),(109,'Motorola talkabout radio de dos v¡as T200','Motorola',1.499,26),(110,'Uniden radio 2 v¡as 32km 22 canales 2 piezas','Uniden',1.199,26),(111,'Unicomm dispositivo GPS de localizaci¢n,...','Unicomm',6.499,27),(112,'Unicomm p¢liza de renovaci¢n de servicio de...','Unicomm',3.299,27),(113,'Garant¡a extendida TVs de $1 a $7,500','The Warranty Group',699,28),(114,'Garant¡a extendida TVs de $30,001 en adelante','The Warranty Group',2.399,28),(115,'Garant¡a extendida l¡nea blanca de $5,001 a...','The Warranty Group',1.299,29),(116,'Garant¡a extendida l¡nea blanca de $22,000 en','The Warranty Group',2.299,29),(117,'Garant¡a extendida c¢mputo de $10,001 a...','The Warranty Group',899,30),(118,'Garant¡a extendida c¢mputo de $5,001 a $7,000','The Warranty Group',599,30),(119,'Nikon D3400 + 2 Lente + Tripie + SD Card 16 G','Nikon',13.999,31),(120,'Nikon Reflex D7500','Nikon',33.599,31),(121,'Lente Micro Nikkor 105MM F/2.8G IF-ED','Nikon',19.499,32),(122,'Lente Nikkor AF-S 85MM F/1.8G','Nikon',10.499,32),(123,'Star Wars T-65 x-wing starfighter, dron de...','Propel',2.999,33),(124,'Star Wars Tie advanced x1, dron de batalla...','Propel',2.999,33),(125,'Nikon flash SB-5000','Nikon',6.999,34),(126,'Nikon Flash SB-700','Nikon',4.099,34),(127,'Nikon mochila para c mara reflex','Nikon',1.399,34),(128,'Consola Xbox One X 1TB','XBOX',11.499,35),(129,'Xbox One control inal mbrico edici¢n especial','XBOX',1.399,35),(130,'Consola Nintendo 2DS Scarlet Red, incluye el...','Nintendo',2.799,36),(131,'Nintendo switch + SNES classic edition','Nintendo',10.999,36),(132,'Swann sistema de seguridad 4 canales 2...','Swann',4.699,37),(133,'Lorex sistema de seguridad 8 canales 6...','Lorex',17.999,37),(134,'Estevez, l mpara de seguridad con 2...','Estevez',1.499,38),(135,'Luceco, luminaria solar recargable LED de 3W','Luneco',399,38),(136,'LG refrigerador 22 French Door acero...','LG',18.999,39),(137,'Samsung refrigerador 26 French Door acero...','Samsung',19.499,39),(138,'Whirlpool congelador horizontal 7.09','Whirlpool',6.299,40),(139,'Frigidaire congelador 11\' doble función','Frigidaire',9.999,40),(140,'Samsung refrigerador 25\" dúplex black steel','Samsung',26.599,41),(141,'Whirlpool refrigerador 25\"','Whirlpool',21.599,41),(142,'Whirlpool refrigerador 14\" Top Mount','Whirlpool',9.699,42),(143,'GE Profile refrigerador 21´ acero inoxidable.','GE',18.999,42),(144,'Whirlpool lavadora carga superior 18kg','Whirlpool',10.999,43),(145,'Whirlpool lavadora carga superior 15kg','Whirlpool',7.999,43),(146,'GE centro de lavado 17kg','GE',15.999,44),(147,'Sheffield Home, lavadero de uso general 28','Sheffield Home',8.499,44),(148,'LG combo lavadora y secadora 20Kg','LG',34.599,45),(149,'Samsung lavasecadora 20KG','Samsung',24.999,45),(150,'Maytag secadora 19kg','Maytag',13.999,46),(151,'Whirlpool secadora carga frontal 18kg','Whirlpool',9.499,46),(152,'GE Profile parrilla de gas 6 quemadores 36\'','GE',10.999,47),(153,'Teka parilla de gas 5 quemadores 36\'','Teka',8.799,47),(154,'Electrolux horno empotrable de gas 24\'','Electrolux',8.999,48),(155,'Teka horno empotrable de gas 24\'','Teka',9.999,48),(156,'GE horno de microondas 1.4\'','GE',2.899,49),(157,'Panasonic horno de microondas 2.2´','Panasonic',5.999,49),(158,'Whirlpool lavavajillas empotrable 13...','Whirlpool',9.999,50),(159,'Maytag lavavajillas empotrable 14 servicios...','Maytag',12.799,50),(160,'Teka enfriador de vino 51 botellas 2...','Teka',17.499,51),(161,'Frigidaire enfriador de vinos 4.6\' 42...','Frigidaire',9.999,51),(162,'Teka campana empotrable 80cm','Teka',2.999,52),(163,'Whirlpool campana de pared 90cm','Whirlpool',9.999,52),(164,'Hamilton Beach, cafetera industrial para 40...','Hamilton Beach',839,53),(165,'Krups, cafetera Barista automática para...','Krups',28.999,53),(166,'Turmix, parrilla doble de inducción','Turmix',4.099,54),(167,'Hamilton Beach, freidora de inmersión, 12...','Hamilton Beach',1.279,54),(168,'Timco, Kit de cuidado personal, cortadora de...','Timco',499,55),(169,'Conair, kit de cuidado personal, cortadora de','Conair',849,55),(170,'Turmix, extractor de jugos Full Power...','Turmix',2.599,56),(171,'PDH, Exprimidor Industrial 9.6 kg','PDH',4.699,56),(172,'KitchenAid, batidora de 10 velocidades...','KitchenAid',7.499,57),(173,'Cuisinart, fuente de sodas (varios colores)','Cuisinart',3.299,57),(174,'Hamilton Beach, horno doble rosticero con...','Hamilton Beach',2.599,58),(175,'Krups, tostador, 2 rebanadas','Krups',929,58),(176,'Teka cocina integral: horno de gas, parrilla...','Teka',17.099,59),(177,'Teka parrilla de gas 5 quemadores 27\' +...','Teka',8.999,59),(178,'San-Son salamandra 78cm','San-Son',12.599,60),(179,'San-Son estufa compacta','San-Son',37.999,60),(180,'Hamilton Beach, plancha digital, suela...','Hamilton Beach',849,61),(181,'Rowenta, plancha de viaje First Class','Rowenta',659,61),(182,'Singer, máquina de coser de uso rudo, 10...','Singer',4.199,62),(183,'Singer, maquina de coser, Simple 3337','Singer',3.799,62),(184,'Singer, plancha de vapor','Singer',5.899,63),(185,'T-fal, Central de vapor, Master Precision 360','T-fal',2.199,63),(186,'Electrolux, aspiradora con bolsa, Ultra One','Electrolux',3.499,64),(187,'Dirt Devil, aspiradora ciclónica y filtro...','Dirt Devil',2.599,64),(188,'Hoover, aspiradora y barredora ligera con...','Hoover',3.569,65),(189,'Koblenz, aspiradora Aria 1200','Koblenz',2.599,65),(190,'Hoover, barredora con aspiradora manual','Hoover',1.799,66),(191,'Dirt Devil, Scorpion Turbo, aspiradora manual','Dirt Devil',849,66),(192,'iRobot, Roomba 622, robot aspiradora','iRobot',5.999,67),(193,'iRobot, Braava Jet 240, robot trapeador','iRobot',3.999,67),(194,'Karcher, hidrolavadora eléctrica de 1800psi','Karcher',3.599,68),(195,'Hoover, lavadora de alfombras y tapiceria...','Hoover',7.199,68),(196,'Hoover, 4x solución de limpieza para pisos...','Hoover',379,69),(197,'Hoover, 2x detergente de limpieza para...','Hoover',519,69),(198,'Hoover, limpiadora de vapor con depósito para','Hoover',1.989,70),(199,'Karcher, limpiador de vapor','Karcher',3.899,70),(200,'CYM, Juego de 2 bancos estacionarios 30\' de...','CYM',3.699,71),(201,'Pulaski, Davenport, banco ajustable','Pulaski',1.999,71),(202,'Adalyn Home, Cooper, comedor, 9 piezas','Adalyn Home',24.999,72),(203,'American Heritage, Somerset, Comedor de 7...','American Heritage',30.999,72),(204,'Coaster, escritorio elegante para oficina,...','Coaster',26.999,73),(205,'Coaster, librero con 4 repisas, color café','Coaster',10.999,73),(206,'Pulaski, Dana, cabecera matrimonial, café','Pulaski',2.999,74),(207,'Child Craft, Harper, set cuna convertible,...','Child Craft',34.999,74),(208,'Pulaski, Easton, cabecera','Pulaski',6.299,75),(209,'Leggett and Platt, base de metal para cama...','Leggett and Platt',949,75),(210,'Adalyn Home, juego de mesas Cooper, 5 piezas','Adalyn Home',35.999,76),(211,'Adalyn Home, Atwood, sillón','Adalyn Home',16.999,76),(212,'Sealy, colchón King Correct Comfort Recess,...','Sealy',10.274,77),(213,'Spring Air, Lennon, colchón king','Spring Air',10.299,77),(214,'Spring Air, Veronese, colchón queen','Spring Air',14.699,78),(215,'Novaform, Serafina Pearl, colchón, queen size','Novaform',14.999,78),(216,'Sealy, colchón Matrimonial Correct Comfort...','Sealy',6.749,79),(217,'Sealy, box Matrimonial, Clipper','Sealy',2.849,79),(218,'Sealy, Snooze, colchón Individual para litera','Sealy',2.624,80),(219,'Spring Air, Strauss, colchón individual','Spring Air',12.299,80),(220,'Tempur Original Supreme 21, colchón...','Tempur',17.999,81),(221,'Sealy, colchón individual, Harper','Sealy',4.999,81),(222,'Charisma 2 juegos de sábanas de microfibra...','Charisma',389,82),(223,'Kirkland Signature juego de sábanas king de 6','Kirkland',1.999,82),(224,'Sealy edredón varios tamañaos','Sealy',2.499,83),(225,'Costura, edredón Lynae, varios tamaños','Costura',1.599,83),(226,'Life Comfort, frazada suave, varios colores','Life Comfort',219,84),(227,'Life Comfort, cobija suave individual, varios','Life Comfort',349,84),(228,'Sealy, almohada mediana, varios tamaños','Sealy',599,85),(229,'Comforel, almohada Silky Soft, king, 2 piezas','Comforel',449,85),(230,'Sealy, protector Luxury, varios tamaños','Sealy',1.999,86),(231,'Spring Air, protector de colchón, Drytech','Spring Air',529,86),(232,'Disney, edredón individual y funda...','Disney',769,87),(233,'Marvel, edredón individual y funda...','Marvel',769,87),(234,'Grandeur, toalla medio baño','Grandeur',179,88),(235,'Grandeur, toalla medio baño','Grandeur',179,88),(236,'Gourmet Basics, canasta convertible','Gourmet Basics',449,89),(237,'Mikasa, juego de 2 canastas apilables','Mikasa',549,89),(238,'Coaster, cuadro para pared, paisaje','Coaster',4.299,90),(239,'Coaster, cuadro para pared, flores y pajaros','Coaster',1.599,90),(240,'Multy, tapete 61 cm x 182 cm, varios modelos','Multy',229,91),(241,'Memory Foam, tapete de baño, varios colores','Memory Foam',249,91),(242,'Navidad Conjunto de 4 muñecos para repisas','Navidad',789,92),(243,'Navidad Conjunto de 2 muñecos para repisas','Navidad',399,92),(244,'Swingline lámpara LED de escritorio de...','Swingline',1.399,93),(245,'Coaster, lámpara de piso','Coaster',4.299,93),(246,'Virginia House, Normandy, espejo','Virginia House',3.799,94),(247,'Modus Furniture, Spencer, espejo','Modus Furniture',4.999,94),(248,'Presto, olla express 21 litros','Presto',3.499,95),(249,'Kirkland Signature, Batería de acero...','Kirkland',4.699,95),(250,'Luigi Bormioli, ensaladera riflessi de vidrio','Luigi Bormioli',349,96),(251,'Overandback, tazones arco iris, 6 piezas','Overandback',499,96),(252,'Brabantia, papelera cónica, 11L, acero mate','Brabantia',809,97),(253,'Brabantia, bote de basura retro bin con pedal','Brabantia',1.529,97),(254,'Cristar, juego de 6 vasos vidrio espiral,...','Cristar',249,98),(255,'Bormioli Rocco, juego de vasos, 16 piezas','Bormioli Rocco',449,98),(256,'Pfaltzgraff, juego de cubiertos, 20 piezas','Pfaltzgraff',479,99),(257,'Wüsthof, Juego de 6 cuchillos para carne','Wüsthof',1.559,99),(258,'Farberware, colador expandible','Farberware',439,100),(259,'Farberware, tabla de bambú 15cm x 27cm','Farberware',209,100),(260,'Pure it, purificador de agua 18L','Pure it',2.199,101),(261,'Remington reemplazo de purificador de agua...','Remington',1.399,101),(262,'Pyrex, juego de recipientes de vidrio, 4...','Pyrex',469,102),(263,'Snapware, juego de recipientes de vidrio con...','Snapware',799,102),(264,'Bico, platos de porcelana, 7 piezas','Bico',449,103),(265,'Crown Baccara, Vajilla de porcelana blanca,...','Crown Baccara',699,103),(266,'Corningware, set 4 tarros verde cerámica','Corningware',629,104),(267,'DFL, prensa francesa,350ml','DFL',429,104),(268,'FTC, mantel para mesa plegable, 76 x 183 cm,...','FTC',699,105),(269,'FTC, mantel para mesa plegable, 76 x 244 cm,...','FTC',799,105),(270,'Kirkland Signature cubiertos de plástico 360...','Kirkland',399,106),(271,'Solo Tenedores de plástico 300 piezas','Solo',229,106),(272,'De\'Longhi, calentador de cerámica','De\'Longhi',1.699,107),(273,'De’Longhi, calentador portátil de aceite','De\'Longhi',1.999,107),(274,'Oreck, purificador de aire, filtro hepa','Oreck',5.569,108),(275,'Oreck, purificador con humidificador...','Oreck',7.799,108),(276,'Hunter, ventilador de techo Alden de 132cm...','Hunter',3.499,109),(277,'Westinghouse, ventilador industrial de acero...','Westinghouse',1.799,109),(278,'Carrier Up 18,000btu solo frío aire...','Carrier',8.499,110),(279,'Carrier aire acondicionado 12000 btus sólo...','Carrier',6.599,110),(280,'Placetech, estantería de grado comercial','Placetech',2.399,111),(281,'Whalen, estante de 5 repisas','Whalen',2.199,111),(282,'Cohesion Products, set de 50 ganchos con...','Cohesion Products',369,112),(283,'Homz, burro de planchar','Homz',1.199,112),(284,'Tide Clean Breeze detergente líquido 4.43L','Tide',449,113),(285,'Downy Glow suavizante de telas libre enjuague','Downy',369,113),(286,'Kirkland Signature bolsas para basura de...','Kirkland',429,114),(287,'Kirkland Signature servilletas 1040 piezas','Kirkland',299,114),(288,NULL,NULL,NULL,115),(289,NULL,NULL,NULL,115),(290,'Panini albúm oficial mundial Rusia 2018','Panini',699,116),(291,NULL,NULL,NULL,116),(292,NULL,NULL,NULL,117),(293,NULL,NULL,NULL,117),(294,'Conundrum vino tinto 750ml','Conundrum',439,118),(295,'Cune Reserva vino tinto 750ml','Cune',399,118),(296,'Kirkland Signature Pinot Grigio Friuli vino...','Kirkland',849,119),(297,'Conundrum vino blanco 750ml','Conundrum',439,119),(298,'Kirkland Signature Champagne Rosé 750ml','Kirkland',749,120),(299,'Asti Capetta vino blanco espumoso 3/750ml','Asti Capetta',499,120),(300,'Palermo vino tinto 750ml','Palermo',1.299,121),(301,'Papillon vino tinto 750ml','Papillon',1.799,121),(302,'Buchanan\'s Special Reserve 18 años whisky...','Buchanan\'s',1.649,122),(303,'Macallan Gold 700ml','Macallan',1.099,122),(304,'Don Julio 70 tequila añejo cristalino 750ml','Don Julio',749,123),(305,'José Cuervo 250 aniversario tequila edición...','Jose Cuervo',38.999,123),(306,'La Gloria ron añejo 750ml','La Gloria',479,124),(307,'Flor de Caña 7 años ron 6/750ml','Flor de Caña',1.599,124),(308,'Hennessy VSOP cognac 700ml','Hennessy',989,125),(309,'Torres 10 brandy 1L','Torres',419,125),(310,'Stolichnaya Elit vodka 700ml','Stolichnaya',799,126),(311,'Smirnoff No.21 vodka 6/750ml','Smirnoff',899,126),(312,'Yokaichi Mugi shochu 750ml','Yokaichi',949,127),(313,'Nigori crema de sake 6/375ml','Nigori',1.099,127),(314,'Canasta Picnic 17 piezas','Canasta Picnic',2.699,128),(315,'Regalo Baileys 3 piezas','Regalo Baileys',849,128),(316,'Zoma Tea Collection termo de doble cristal...','Zoma Tea Collection',569,129),(317,'Villar jamón bodega máximo 6kg','Villar',2.949,129),(318,NULL,NULL,NULL,130),(319,NULL,NULL,NULL,130),(320,'Kirkland Signature almendras tostadas 1.13kg','Kirkland',379,131),(321,'Kirkland Signature nueces de la India 1.1kg','Kirkland',519,131),(322,'Kirkland Signature arándanos azules enteros...','Kirkland',249,132),(323,'Kirkland Signature almendras tostadas 1.13kg','Kirkland',379,132),(324,'Kirkland Signature almendras cubiertas de...','Kirkland',319,133),(325,'Chocmod trufas espolvoreadas con cacao 1kg','Chocmod',199,133),(326,'Nutri Well barras de amaranto 24 piezas','Nutri Well',179,134),(327,'Tiqua galletas de quinoa 4/198g','Tiqua',449,134),(328,'Piñata Mickey Mouse con 2.36kg de dulces...','Piñata',529,135),(329,'Balmoro arándano enchilado 1 kg','Balmoro',145,135),(330,'Veggie papas fritas empaque surtido 840g','Veggie',349,136),(331,'Kirkland Signature palomitas sabor natural 44','Kirkland',299,136),(332,'Ahuacatlán aceite de aguacate natural 1l','Ahuacatlán',179,137),(333,'Tassos surtido mediterráneo con aceite de...','Tassos',689,137),(334,'Conservas Ortiz atún blanco en aceite de...','Conservas Ortiz',599,138),(335,'Litoral fabada asturiana 2 latas de 1kg cada...','Litoral',259,138),(336,'Knorr caldo de pollo 1.5K','Knorr',149,139),(337,'Appennino sal con trufa negra de verano...','Appennino',339,139),(338,NULL,NULL,NULL,140),(339,NULL,NULL,NULL,140),(340,'Aromais centro de jamón serrano mínimo 4kg','Aromais',1.999,141),(341,'Iberibérico paleta de Jabugo sin hueso 1.65kg','Iberibérico',2.099,141),(342,'Salsa Tabasco roja 3 de 355ml','Salsa Tabasco',559,142),(343,'Kikkoman salsa de soya 1.89L','Kikkoman',149,142),(344,'Kirkland Signature café molido 100%...','Kirkland',279,143),(345,'Nescafé Clásico café soluble 1.2kg','Kirkland',399,143),(346,'Lavazza, Blue espresso descafeinado suave,...','Lavazza',859,144),(347,'Kirkland Signature café pacific bold , 120...','Kirkland',899,144),(348,'Zoma Tea Collection termo de doble cristal...','Zoma Tea Collection',569,145),(349,'Zaa té verde tisana jamaica y arándano 1kg','Zaa té',229,145),(350,'Coffee Mate sustituto de crema 200 sobres de...','Coffee Mate',179,146),(351,'Splenda sustituto de azúcar 500 sobres','Splenda',249,146),(352,'Acapulcoco orgánico 18/330ml','Acapulcoco',289,147),(353,'KIirkland Signature jugo de arándano 2/2,84L','Kirkland',229,147),(354,'Kirkland Signature bebida de arroz orgánica...','Kirkland',499,148),(355,'Calahua leche de coco natural 6 de 1L','Calahua',199,148),(356,'Kirkland Signature leche deslactosada light...','Kirkland',269,149),(357,'Leche Nido Kinder 2.5kg','Kirkland',369,149),(358,'Zaa té rojo tisana arándano jamaica sabor...','Zaa té',229,150),(359,'Soyacen en polvo 1.3 kg','Soyacen',279,150),(360,'Kirkland Signature agua de manantial 54...','Kirkland',8.499,151),(361,'Elisha bebida sabor lychee 24/350ml','Elisha',499,151),(362,NULL,NULL,NULL,152),(363,NULL,NULL,NULL,152),(364,'Prime Rib eye con hueso 3/750 g','Prime Rib',949,153),(365,'Prime Rib eye steak 3/600 g','Prime Rib',799,153),(366,NULL,NULL,NULL,154),(367,NULL,NULL,NULL,154),(368,'Satoru sushi kit 2 piezas','Satoru sushi',259,155),(369,'Antonio Sotos kit paella gourmet 550g','Antonio Sotos',369,155),(370,'Despensa básica 20 piezas','Despensa',249,156),(371,'Despensa básica pallet 96 cajas','Despensa',17.999,156),(372,'Pragná sachets pimienta molida caja con 1000','Pragná',499,157),(373,'Pragná sachets sal rosa del Himalaya 1000...','Pragná',299,157),(374,NULL,NULL,NULL,158),(375,NULL,NULL,NULL,158),(376,'Kirkland Signature Pinot Grigio Friuli vino...','Kirkland',849,159),(377,'Asti Capetta vino blanco espumoso 3/750ml','Asti Capetta',499,159),(378,'Coffee Mate sustituto de crema 200 sobres de...','Coffee Mate',179,160),(379,'Nescafé Clásico café soluble 1.2kg','Nescafé',399,160),(380,'Kirkland Signature Pinot Grigio Friuli vino...','Kirkland',849,161),(381,'Kirkland Signature plástico adherente 1 rollo','Kirkland',429,161),(382,'Ocean Spray arándanos deshidratados 1.36kg','Ocean Spray',149,162),(383,'Eco Pan chía orgánica 907g','Eco Pan',259,162),(384,'Nutri Well barras de amaranto 24 piezas','Nutri Well',179,163),(385,'Tiqua cereal de quinoa orgánico 500g','Tiqua',279,163),(386,'Royal arroz Basmati 4.5kg','Royal',259,164),(387,'General Mills mini copas de cereal 12 pack','General Mills',359,164),(388,'Picard mini snacks de amaranto con chocolate...','Picard',169,165),(389,'Turin chocolate amargo sin azúcar 2 pack','Turin',299,165),(390,'Kirkland Signature bebida de arroz orgánica...','Kirkland',499,166),(391,'OKF Aloe vera orgánico 3/1.5L','OKF',299,166),(392,'Ocean Spray arándanos deshidratados 1.36kg','Ocean',149,167),(393,'Nutri Well barras de amaranto 24 piezas','Nutri Well',179,167),(394,NULL,NULL,NULL,168),(395,NULL,NULL,NULL,168),(396,NULL,NULL,NULL,169),(397,NULL,NULL,NULL,169),(398,NULL,NULL,NULL,170),(399,NULL,NULL,NULL,170),(400,NULL,NULL,NULL,171),(401,NULL,NULL,NULL,171),(402,NULL,NULL,NULL,172),(403,NULL,NULL,NULL,172),(404,'Dassami panque de elote 2 de 1.2kg','Dassami',499,173),(405,'Deli Q pastel de zanahoria 2 de 1.12kg','Deli Q',449,173),(406,NULL,NULL,NULL,174),(407,NULL,NULL,NULL,174),(408,NULL,NULL,NULL,175),(409,NULL,NULL,NULL,175),(410,'1.33ctw, Brazalete de diamantes, corte...','Brazalete',59.999,176),(411,'10.00ctw, Brazalete de Diamantes, 17.78cm,...','Brazalete',299.999,176),(412,'Brazalete de Zafiros Amarillos y Diamantes,...','Brazalete',109.999,177),(413,'Brazalete de Rubíes y Diamantes, 17.78cm, Oro','Brazalete',79.999,177),(414,'0.60ctw, Brazalete de Citrino y Diamantes,...','Brazalete',54.999,178),(415,'Brazalete de Amatista, Oro Blanco de 18kt','Brazalete',19.999,178),(416,'Brazalete de perlas, oro amarillo de 14kt','Brazalete',5.399,179),(417,'Brazalete de Perlas Cultivadas, 4-4.5mm, Oro...','Brazalete',2.799,179),(418,'Pulsera para Tobillo, Oro Amarillo de 14kt','Pulsera',3.199,180),(419,'Brazalete, Oro Blanco y Amarillo de 14kt','Brazalete',5.699,180),(420,'4.95ctw, Arracadas de Diamantes, Corte...','Arracadas',129.999,181),(421,'1.08ctw, Aretes de Diamantes, Forma de Gota,...','Arracadas',59.999,181),(422,'Aretes de Zafiro Rosa y Diamantes, Oro Blanco','Aretes',16.999,182),(423,'Arracadas de Zafiro Azul, Oro Blanco de 18kt','Arracadas',33.999,182),(424,'Aretes de Amatista y Diamantes, Corte...','Aretes',31.999,183),(425,'Aretes de Cuarzo Oscuro y Diamantes, Oro...','Aretes',18.999,183),(426,'8.5-9.0mm, Aretes de Perlas de Tahití y...','Aretes',13.799,184),(427,'10.0-11.0mm, Aretes de Perlas Negras de...','Aretes',11.499,184),(428,'1.00ctw, Collar de Diamante Solitario, Corte...','Diamantes',99.999,185),(429,'1.00ctw, Collar de Diamante Solitario, Corte...','Diamantes',119.999,185),(430,'Collar de Zafiro Azul y Diamantes, Forma de...','Diamantes',238.999,186),(431,'0.35ctw, Collar de Zafiro Rosa y Diamantes,...','Diamantes',114.999,186),(432,'0.80ctw, Collar de Amatista con Diamantes,...','Diamantes',33.999,187),(433,'Collar de Rubi y Diamantes, 0.09ctw, Oro...','Diamantes',14.999,187),(434,'Collar de Aguamarina, Oro Blanco de 14kt','Aguamarina',9.999,188),(435,'Collar de Ópalo y Diamante, Oro Amarillo de...','Diamantes',7.999,188),(436,'Collar de Perla de Tahití y Diamantes, 9mm,...','Diamantes',7.599,189),(437,'Collar de Perlas de Agua Dulce, Oro Blanco de','Diamantes',4.499,189),(438,'Collar, 15 años, oro blanco y amarillo de...','Collar',3.999,190),(439,'Collar, medalla religiosa, oro blanco y...','Collar',4.899,190),(440,'Gargantilla de plata con dije de circonias y...','Gargantilla',1.275,191),(441,'Avonza gargantilla de plata con circonia...','Avonza',899,191),(442,'Anillo de Diamante Solitario, (1ctw), Forma...','Diamantes',109.999,192),(443,'Anillo de Diamante Solitario, (1ctw), Corte...','Diamantes',99.999,192),(444,'Anillo de Zafiro Amarillo Ovalado y...','Zafiro',129.999,193),(445,'Anillo con Zafiro amarillo y diamantes...','Zafiro',11.999,193),(446,'Anillo de Granate y Diamantes (0.57ctw), Oro...','Diamantes',119.999,194),(447,'Anillo de Morganita con Diamantes, (0.46ctw),','Diamantes',21.999,194),(448,'Anillo de Perla Cultivada, Oro Blanco de 14kt','Perla',8.499,195),(449,'Anillo de Perla de Tahití, 10-10.5mm, Oro...','Perla',7.999,195),(450,'Anillo de Diamante Solitario, (1ctw), Forma...','Diamantes',109.999,196),(451,'Anillo de Diamante Solitario, (1ctw), Corte...','Diamantes',99.999,196),(452,'Argolla de matrimonio, comfort fit, 3mm, oro...','Argolla',4.499,197),(453,'Argolla de matrimonio, comfort fit, 5mm, oro...','Argolla',6.299,197),(454,'Avonza anillo de Plata con circonia blanca y...','Avonza',649,198),(455,'Avonza, anillo ancho de plata con circonias...','Avonza',1.669,198),(456,'Lifetrak, reloj monitor unisexo, modelo: R420','Invicta',2.999,199),(457,'Invicta, Angel, Reloj para Dama, Modelo:...','Invicta',2.999,199),(458,'Invicta, reloj para caballero','Invicta',4.799,200),(459,'Invicta, reloj para caballero, modelo:6977','Invicta',4.399,200),(460,'Mele & Co, joyero musical con bailarina','Mele & Co',849,201),(461,'Mele & Co, joyero elegante de 4 secciones','Mele & Co',1.499,201),(462,NULL,NULL,NULL,202),(463,NULL,NULL,NULL,202),(464,'Samsonite, mochila para laptop','Samsonite',1.799,203),(465,'American Tourister, Maleta de Cabina 50.8cm','American Tourister',999,203),(466,'Ezpeleta, paraguas plegable, 2 piezas','Ezpeleta',699,204),(467,NULL,NULL,NULL,204),(468,'Speedo, traje de baño para dama (varias...','Speedo',399,205),(469,'Tuff Athletics, pantalón capri (varias tallas','Tuff Athletics',349,205),(470,'Leo & Nicole, suéter de manga corta (varias...','Leo & Nicole',299,206),(471,'Cable & Gauge, cárdigan con joyas alrededor...','Cable & Gauge',289,206),(472,'Kensie, pantalón de mezclilla (varias tallas...','Kensie',389,207),(473,'Kirkland Signature, leggings (varias tallas y','Kirkland',229,207),(474,'Jezebel, vestido de maternidad (varias tallas','Jezebel',599,208),(475,'Mario Serrani Italy, falda (varias tallas y...','Mario Serrani Italy',299,208),(476,'Hampshire Studio, playera tipo polo (varias...','Hampshire',199,209),(477,'Cable & Gauge, juego de camiseta sin mangas...','Cable & Gauge',499,209),(478,'Kensi, botas altas (varias tallas y colores)','Kensi',699,210),(479,NULL,NULL,NULL,210),(480,'K.Bell, calcetines, 9 pares (varios colores)','K.Bell',179,211),(481,'Jezebel, brasier de maternidad paquete de 2...','Jezebel',649,211),(482,'Puma, calcetines para dama, 8 pares (varios...','Puma',289,212),(483,'Jane and Bleeker, set de calcetas (6 pares,...','Jane and Bleeker',199,212),(484,'Weatherproof Vintage, camisa de manga corta...','Weatherproof',369,213),(485,'Kirkland Signature, camisa de vestir (varias...','Kirkland',299,213),(486,'Adidas, calcetas deportivas (6 pares, varios...','Adidas',269,214),(487,'Kirkland Signature, calcetin de vestir, 5...','Kirkland',239,214),(488,'Calvin Klein, playera 4 piezas (varias tallas','Calvin Klein',569,215),(489,'Rough Dress, playera (varas tallas y colores)','Rough Dress',229,215),(490,NULL,NULL,NULL,216),(491,NULL,NULL,NULL,216),(492,'Tommy Bahama, boxers para caballero (3...','Tommy Bahama',299,217),(493,'Buffalo David Bitton, boxer, 6 piezas','Buffalo David Bitton',499,217),(494,'Fila, tenis (varias tallas y colores)','Fila',499,218),(495,'Kenneth Cole, bota de gamuza (varias tallas y','Kenneth Cole',499,218),(496,'Kirkland Signature, traje de baño','Kirkland',199,219),(497,'Reebok, Short (varias tallas y colores)','Reebok',329,219),(498,'Kirkland Signature, pantalón de mezclilla...','Kirkland',299,220),(499,'Kirkland Signature, pantalón (varias tallas y','Kirkland',359,220),(500,'Nautica Kids, bata de niño/niña para playa ...','Nautica',339,221),(501,'Carters, calzones para niña o niño , 7...','Carters',299,221),(502,'Disney/Disney/Warner Bros/ Marvel, juego de...','Disney',299,222),(503,'Kirkland Signature, traje de baño para niño...','Kirkland',149,222),(504,'Kirkland Signature, suéter (varias tallas y...','Kirkland',219,223),(505,'Zunie, suéter (varias tallas y colores)','Zunie',149,223),(506,'Conjunto para niño o niña de 2 piezas','Conjunto',389,224),(507,'Hudson, conjunto de 2 piezas para niña o niño','Hudson',399,224),(508,'K. Bell, calcetines infantiles, 12 piezas...','K. Bell',229,225),(509,'Marcas Surtidas, calcetas juveniles para niña','Marcas Surtidas',229,225),(510,'Khombu, sandalias para niña o niño (varias...','Khombu',249,226),(511,NULL,NULL,NULL,226),(512,'Vigoss, pantalón corto para niña','Vigoss',239,227),(513,'Kirkland Signature, mallón deportivo (varias...','Kirkland',259,227),(514,'Dr. Brown´s, juego para recién nacido...','Dr.Brown´s',1.299,228),(515,'Tommee Tippee, Estuche para recién nacido (12','Tommee Tippee',999,228),(516,'Tommee Tippee, Kit de esterilizador de...','Tommee Tippee',999,229),(517,NULL,NULL,NULL,229),(518,'Enfamil Sin Lactosa Premium, fórmula para...','Enfamil',579,230),(519,'Enfamil Etapa 1, fórmula para lactantes (2...','Enfamil',739,230),(520,'Kirkland Signature, pañales etapa 3 unisex...','Kirkland',799,231),(521,'Kirkland Signature, pañales etapa 4 unisex...','Kirkland',799,231),(522,'Pupik, silla para tina','Pupik',559,232),(523,'Summer Infant, bañera con sistema de ducha','Summer Infant',1.499,232),(524,'The Honest Company, paquete de shampoo y...','The Honest Company',199,233),(525,'Mommy Care, Kit orgánico de protección solar...','Mommy Care',499,233),(526,'Sealy, Miracle, colchón para cuna, suave,...','Sealy',1.799,234),(527,'Sealy, Miracle, colchón para cuna, suave,...','Sealy',1.999,234),(528,'Disney, edredón y cojín HD decorativo, Mickey','Disney',499,235),(529,'Disney, Edredón y cojín HD decorativo, Minnie','Disney',499,235),(530,'Joie, cuna de viaje infantil','Joie',3.649,236),(531,'Summer Infant, bañera con juguetero, azul','Summer Infant',1.399,236),(532,'Alcatel, monitor para bebé (2 piezas)','Alcatel',799,237),(533,NULL,NULL,NULL,237),(534,'Uniden, monitor para bebé con audio y video...','Uniden',2.259,238),(535,'VTech, Monitor de bebé con audio y video','VTech',2.499,238),(536,'Infanti Lifestyle, carriola 4 en 1, gris','Infanti Lifestyle',6.629,239),(537,'Infanti Lifestyle, carriola, 4 en 1, rojo','Infanti Lifestyle',6.629,239),(538,'Infanti Lifestyle, carriola 4 en 1, gris','Infanti Lifestyle',6.629,240),(539,'Infanti Lifestyle, carriola, 4 en 1, rojo','Infanti Lifestyle',6.629,240),(540,'Pupik, pelicano para tina','Pupik',359,241),(541,'Fisher Price, tapete portable','Fisher Price',999,241),(542,'Juego de entretenmiento para colorear y...','Juego',299,242),(543,NULL,NULL,NULL,242),(544,NULL,NULL,NULL,243),(545,NULL,NULL,NULL,243),(546,'Kidkraft, Mesa de actividades con accesorios','Kidkraft',3.699,244),(547,'Lego, Caravana de vacaciones','Lego',899,244),(548,'Step 2, Carrito montable','Step 2',1.499,245),(549,'Kidkraft, Mesa para actividades con tablero...','Kidkraft',1.499,245),(550,'Syma, WiFi Drone','Syma',499,246),(551,'Propel, Dron a control remoto','Propel',2.399,246),(552,'Kellytoy, Muñeco de peluche (varios modelos)','Kellytoy',199,247),(553,'Hugfun, perro de peluche de 89cm','Hugfun',899,247),(554,NULL,NULL,NULL,248),(555,NULL,NULL,NULL,248),(556,NULL,NULL,NULL,249),(557,NULL,NULL,NULL,249),(558,'Kidkraft, Mesa para actividades con tablero...','Kidkraft',1.499,250),(559,NULL,NULL,NULL,250),(560,'Kidkraft, Mesa de actividades con accesorios','Kidkraft',3.699,251),(561,'Kidkraft, Mesa para actividades con tablero...','Kidkraft',1.499,251),(562,NULL,NULL,NULL,252),(563,NULL,NULL,NULL,252),(564,'Lifetime centro de juegos a-frame','Lifetime',39.999,253),(565,'Lifetime sube y baja ace flyer','Lifetime',6.999,253),(566,'Step 2, Casa club para niños con dos...','Step 2',14.999,254),(567,NULL,NULL,NULL,254),(568,'Poolmaster mecedor Inflable para alberca','Poolmaster',999,255),(569,NULL,NULL,NULL,255),(570,'Step 2, Carrito montable','Step 2',1.499,256),(571,NULL,NULL,NULL,256),(572,'Turbo bicicleta R20\" happy','Turbo',2.999,257),(573,'Huffy bicicleta R16\" cars','Huffy',1.999,257),(574,'Freerider patineta skatecycle','Freerider',2.299,258),(575,'Freerider patineta skatecycle','Freerider',2.299,258),(576,'Proform caminadora performance 500','Proform',18.999,259),(577,'Proform caminadora healthrider softstrider','Proform',17.999,259),(578,'Proform elíptica 620 E','Proform',17.999,260),(579,'Freemotion elíptica 845','Freemotion',32.999,260),(580,'FreeMotion bicicleta recumbente c5.3','Freemotion',14.999,261),(581,'Life Fitness bicicleta recumbente RS1','Life Fitness',39.999,261),(582,'Royal fitness gimnasio de una estación','Royal',6.499,262),(583,'Freemotion gimnasio de dos estaciones','Freemotion',26.999,262),(584,'Weider ejercitador muscular','Weider',5.999,263),(585,'Royal fitness banca de pesas','Royal',3.499,263),(586,'Jumpsport trampolín350i','Jumpsport',6.699,264),(587,'Weider bola de equilibrio','Weider',1.399,264),(588,'First degree remadora de agua daytona...','First degree',17.999,265),(589,'Life fitness remadora GX','Life fitness',44.999,265),(590,'Turbo bicicleta R24\" TX240','Turbo',3.599,266),(591,'Turbo Bicicleta TX-4.1 R24','Turbo',5.299,266),(592,'Turbo Bicicleta TX-4.1 R24','Turbo',5.299,267),(593,'Turbo bicicleta R20\" happy','Turbo',2.999,267),(594,'Turbo bicicleta R20\" happy','Turbo',2.999,268),(595,'Turbo bicicleta R20\" Tempest','Turbo',3.499,268),(596,'Lifetime tablero y canasta de basketball...','Lifetime',6.999,269),(597,'Enesport portería desarmable de 1.34m','Enesport',859,269),(598,'Penn pelotas de tennis para alta altitud','Penn',799,270),(599,'Penn pelotas de tennis extra duty para nivel...','Penn',799,270),(600,'Voit balon de soccer lumo réplica','Voit',349,271),(601,NULL,NULL,NULL,271),(602,'Vento cuatrimoto reptile 150cc verde','Vento',29.999,272),(603,NULL,NULL,NULL,272),(604,'Avanzada motocicleta tipo scooter 124cc...','Avanzada',23.999,273),(605,'Vento scooter streetrod 149CC','Vento',23.999,273),(606,'Lifetime set de 2 surfs de remo freestyle XL','Lifetime',13.999,274),(607,'Wavestorm tabla para surf (varios colores)','Wavestorm',2.399,274),(608,'Poolmaster mecedor Inflable para alberca','Poolmaster',999,275),(609,'Us divers set de snorkel infantil (varias...','Us divers',899,275),(610,NULL,NULL,NULL,276),(611,NULL,NULL,NULL,276),(612,'Colema, casa de campaña para 10 personas','Colema',3.999,277),(613,'Bohemia casa de acampar para 12 personas','Bohemia',4.999,277),(614,'Lightspeed colchon inflable','Lightspeed',999,278),(615,'Coleman bolsa de dormir (varios colores)','Coleman',899,278),(616,'Titan, hieleras y accesorios para acampar...','Titan',599,279),(617,'Tofasco asientos para exteriores','Tofasco',899,279),(618,NULL,NULL,NULL,280),(619,NULL,NULL,NULL,280),(620,'Tour en helicópero del Gran Cañón desde Las...','Tour',6.599,281),(621,'Tour Air Maui en helicóptero - boleto...','Tour',3.699,281),(622,'Tarjeta Go San Diego, pase de 4 días para...','Tarjeta Go',3.999,282),(623,'Tour Paquete Xcaret o Xel-Há + actividad...','Tour',2.699,282),(624,'Energy Fitness (membresía multiclub y...','Energy Fitness',18.999,283),(625,'Hard Candy Fitness (membresía + anualidad)...','Hard Candy Fitness',9.999,283),(626,'Cinépolis dulcería, 4 combo cuates de 1...','Cinépolis',469,284),(627,'Cinépolis VIP CINEPASS con 4 boletos de...','Cinépolis',379,284),(628,'Elixir Detox, certificado de regalo de 5 días','Elixir Detox',2.479,285),(629,'Elixir Detox, certificado de regalo de 3 dias','Elixir Detox',1.599,285),(630,'Restaurante Puerta Vieja/Villa Serena en Los...','Restaurante Puerta',799,286),(631,'Restaurante Bellopuerto, certificado de...','Restaurante Bellopuerto',799,286),(632,NULL,NULL,NULL,287),(633,NULL,NULL,NULL,287),(634,'Samsonite, mochila para laptop','Samsonite',1.799,288),(635,'American Tourister, Maleta de Cabina 50.8cm','American Tourister',999,288),(636,'Ezpeleta, paraguas plegable, 2 piezas','Ezpeleta',699,289),(637,NULL,NULL,NULL,289),(638,'Ralph Lauren, Big Pony Pink (100ml.)','Ralph Lauren',1.179,290),(639,'Giorgio Amani, Emporio Armani (100ml.)','Giorgio Armani',1.259,290),(640,'Ermenegildo Zegna, Intenso (100ml.)','Ermenegildo Zegna',1.199,291),(641,'Ermenegildo Zegna, Z de Zegna (100ml)','Ermenegildo Zegna',1.199,291),(642,'Moschino, Fresh Couture (100ml.)','Moschino',1.199,292),(643,'Natural Scents, fragancias corporales ( 4...','Natural Scents',459,292),(644,'EOS Bálsamo Organico 6 piezas para labios','EOS',369,293),(645,'Nars Audacious, Lápiz labial','Nars Audacious',439,293),(646,'Marc Anthony Morocco, tratamiento para el...','Marc Anthony',339,294),(647,'Marc Anthony Macadamia, kit para el cabello...','Marc Anthony',339,294),(648,'Kirkland Signature, jabón corporal en barra...','Kirkland Signature',249,295),(649,'KitosCell gel de Pirfenidona 90gr','KitosCell',1.399,295),(650,'Elizabeth Arden, crema facial hidratante (2...','Elizabeth Arden',849,296),(651,'Olay Regenerist, tratamiento regenerativo...','Olay Regenerist',699,296),(652,'Mommy Care, Kit de cremas para mamá (2 piezas','Mommy Care',499,297),(653,NULL,NULL,NULL,297),(654,'FotoUltra 100 ISDIN Spot Prevent, protector...','FotoUltra',355,298),(655,'Banana Boat Advanced Protection Kids,...','Banana Boat',399,298),(656,'Flor De Mayo, Kit de Spa para baño','Flor de Mayo',299,299),(657,'Natural Scents, 3 kit de regalo (caja...','Natural Scents',649,299),(658,'Timco, ferro para el cabello','Timco',899,300),(659,'Timco, secadora para cabello','Timco',379,300),(660,'Microlife medidor de flujo expiratorio PF100','Microlife',949,301),(661,'San Up Micrón nebulizador ultrasónico NEB3058','San Up',999,301),(662,'Accutrend Colesterol 25 tiras','Accutrend',989,302),(663,'Freestyle Optium tiras reactivas para medidor','Freestyle Optium',455,302),(664,'Dr. Coolcore vendaje de compresión y...','Dr. Coolcore',379,303),(665,'KT Tape cinta Kinesiológica terapeútica...','KT Tape',479,303),(666,'Trojan Piel Desnuda condones 36 piezas','Trojan',559,304),(667,NULL,NULL,NULL,304),(668,'Depend Silhouette Active, Ropa interior...','Depend Silhouette Active',169,305),(669,'Tena Slip, protector anatómico mediano (40...','Tena Slip',379,305),(670,'Kirkland Signature, Guantes de nitrilo...','Kirkland',499,306),(671,'Kirkland Signature, Guantes de nitrilo chicos','Kirkland',499,306),(672,'Essenza, difusor ultrasónico','Essenza',699,307),(673,'Stadler Form, Jasmine difusor de aroma,...','Stadler Form',1.169,307),(674,NULL,NULL,NULL,308),(675,NULL,NULL,NULL,308),(676,'Natural Health Chromium 60 cápsulas','Natural Health',109,309),(677,'Microlife monitor corporal de peso e...','Microlife',879,309),(678,'Natural Health Aloe Vera 2 botellas de 2l...','Natural Health',299,310),(679,'PediaSure, suplemento alimenticio para niños...','PediaSure',599,310),(680,'Greenside colágeno hidrolizado 2 botellas de...','Greenside',319,311),(681,'Gelicart colágeno hidrolizado 30 sobres con...','Gelicart',825,311),(682,'Greenside blueberry 2 botellas de 1l cada una','Greenside',319,312),(683,'Greenside resveratrol 1l','Greenside',179,312),(684,'Just for You Glucosamina + condroitina 410...','Just for You',765,313),(685,'UCII colágeno tipo II 120 cápsulas','UCII',499,313),(686,'All Nature aceite de salmón noruego Omega 3...','All Nature',299,314),(687,'Nemo Omega 3 130 gomitas','Disney',339,314),(688,'Natural Health clorofila 750ml','Natural Health',159,315),(689,'Omega Duo Fiber 1kg','Omega Duo',169,315),(690,'Orgain, proteína orgánica sabor vainilla,...','Orgain',699,316),(691,'Muscle Pharm Combat, Proteína en polvo sabor...','Muscle Pharm Combat',999,316),(692,'Kirkland Signature Omeprazol 2 cajas con 60...','Kirkland',259,317),(693,'Probvioptal prebióticos y probióticos 60...','Probvioptal',419,317),(694,NULL,NULL,NULL,318),(695,NULL,NULL,NULL,318),(696,'Rescue Remedy Combo Dia y Noche','Rescue Remedy',1.299,319),(697,'Rescue Remedy Combo Noche','Rescue Remedy',755,319),(698,'Drive silla de ruedas con rines de...','Drive',4.499,320),(699,'Drive silla de ruedas bariátrica 20\"','Drive',4.999,320),(700,'Drive barra succionadora para baño','Drive',549,321),(701,'Supernal High Low cama profesional reclinable','Supernal High Low',109.999,321),(702,'Coolcore The Chill Wrap toalla de...','Coolcore',429,322),(703,'Dr. Coolcore vendaje de compresión y...','Dr. Coolcore',379,322),(704,'Human Touch, masajeador para pies y...','Human Touch',10.699,323),(705,'Human Touch, sillón para masaje, HT Novo...','Human Touch',100.999,323),(706,'Riester Estetoscopio','Riester',659,324),(707,'Riester estuche de diagnóstico','Riester',3.899,324),(708,'Kirkland Signature baterías para auxiliares...','Kirkland',239,325),(709,'Kirkland Signature baterías para auxiliares...','Kirkland',239,325),(710,'Philips Sonicare, repuestos para cepillo, 6...','Philips',561,326),(711,'Colgate, cepillos dentales 360 (8 piezas)','Colgate',199,326),(712,'Gillette Sensor2 Plus, paquete de rastrillos...','Gillette',599,327),(713,'Gillette Mach3 Sensitive, cartucho para...','Gillette',599,327),(714,'Replens humectante vaginal 6 aplicadores','Replens',319,328),(715,'Always Infinity Flex Foam, toallas femeninas...','Always Infinity',349,328),(716,'Kirkland Signature kit para el cuidado de...','Kirkland',129,329),(717,NULL,NULL,NULL,329),(718,'Kirkland Signature kit para el cuidado de...','Kirkland',129,330),(719,NULL,NULL,NULL,330),(720,'Kirkland Signature kit para el cuidado de...','Kirkland',139,331),(721,NULL,NULL,NULL,331),(722,'Design Optics by Foster Grant, +1.75, Lentes...','Design Optics',599,332),(723,'Design Optics by Foster Grant, +2.25, lentes...','Design Optics',599,332),(724,'Morgan de Toi solar CR39','Morgan de Toi',1.299,333),(725,'Morgan de Toi solar negro con naranja','Morgan de Toi',1.299,333),(726,'Pepe Jeans PJS 6014 lente solar','Pepe Jeans',999,334),(727,'Pepe Jeans PJS 8016 lente solar','Pepe Jeans',999,334),(728,'Pepe Jeans lente solar PJS 5098','Pepe Jeans',899,335),(729,'Pepe Jeans lente solar PJS 7180','Pepe Jeans',1.259,335),(730,'Davidoff solar negro con rojo','Davidoff',1.499,336),(731,'Davidoff solar negro','Davidoff',1.499,336),(732,'ACUVUE OASYS® lente de contacto con...','ACUVUE OASYS®',499,337),(733,'ACUVUE OASYS® lente de contacto con...','ACUVUE OASYS®',365,337),(734,'Tous armazón oftálmico café con verde','Tous',1.849,338),(735,'Tous armazón oftálmico morado','Tous',1.849,338),(736,'John Varvatos armazón oftálmico café','John Varvatos',2.899,339),(737,'John Varvatos armazón oftálmico negro mate','John Varvatos',2.899,339),(738,'Hello kitty armazón oftálmico 414','Hello kitty',849,340),(739,'Hello kitty armazón oftálmico 415','Hello kitty',849,340),(740,'Ray ban oftálmico 5355','Ray Ban',2.699,341),(741,'District armazón oftálmico plutarco incognito','District',1.899,341),(742,'Bouquet 48 rosas multicolor día de las Madres','Bouquet',699,342),(743,NULL,NULL,NULL,342),(744,'Bouquet mixto de 36 tallos en tonos blanco y...','Bouquet',469,343),(745,'Bouquet mixto de 36 tallos en tonos amarillos','Bouquet',469,343),(746,'Bouquet de 48 rosas color rojo','Bouquet',599,344),(747,'Bouquet 36 rosas naranjas','Bouquet',499,344),(748,'Orquídea natural en maceta de cerámica','Flores',459,345),(749,NULL,NULL,NULL,345),(750,'Niko sala de patio de 8 piezas','Niko',69.999,346),(751,'Seaview sala de patio de 5 piezas','Seaview',52.999,346),(752,'Niko Estate colección de patio de 20 piezas','Niko',139.999,347),(753,'Niko Estate colección de patio de 20 piezas','Niko',139.999,347),(754,'Niko comedor de patio de 7 piezas','Niko',49.999,348),(755,'Venice comedor de patio de 5 piezas','Venice',54.999,348),(756,'Portofino juego de 6 camastros','Portofino',44.999,349),(757,'Portofino juego de 2 camastros','Portofino',17.999,349),(758,'Lancaster banca de patio','Lancaster',4.999,350),(759,'Tahoe banca de aluminio fundido','Tahoe',4.999,350),(760,'Conva cojín para camastro','Conva',1.699,351),(761,'Cojines para silla','Cojines',599,351),(762,'Camden juego bistro de 3 piezas','Camden',7.999,352),(763,'San Barbara juego bistro de 3 piezas','San Barbara',4.499,352),(764,'Kingsford briquetas de carbón 2/8.4kg','Kingsford',599,353),(765,'Nexgrill asador de gas de 5 quemadores','Nexgrill',8.999,353),(766,'Hunter, ventilador de techo Alden de 132cm...','Hunter',3.499,354),(767,'Westinghouse, ventilador industrial de acero...','Westinghouse',1.799,354),(768,'Yardistry quiosco de madera con techo de...','Yardistry',29.999,355),(769,'Portland, cobertizo para exteriores (varios...','Portland',28.999,355),(770,'Impact toldo de 3m x 6m','Impact',19.999,356),(771,'Toldo con armazón de acero 3m x 6m (1 pieza)','Toldo',28.999,356),(772,'Conva sombrilla de 2.7m','Conva',17.999,357),(773,'Portofino sombrilla de 3.05m con poste...','Portofino',29.999,357),(774,'Lifetime cobertizo de 2.44m x 3.05m','Lifetime',24.999,358),(775,'Lifetime cobertizo de 2.13m x 1.37m','Lifetime',16.999,358),(776,'Lifetime caja de almacenamiento de 492l','Lifetime',3.999,359),(777,'Noble House otomán de mimbre de polietileno','Noble House',9.999,359),(778,'Murray sopladora de 26cc','Murray',3.499,360),(779,'Murray desbrozadora de 26cc','Murray',2.699,360),(780,'New England huerto elevado','New England',6.699,361),(781,'Vita Gardens huerto 2 pack','Vita Gardens',6.999,361),(782,'Freeport set de 2 canastos de mimbre con tina','Freeport',5.499,362),(783,'Flo Master porta manguera con enrollamiento...','Flo Master',1.699,362),(784,'Estevez, lámpara de seguridad con 2...','Estevez',1.499,363),(785,'Tecnolite, luminaria para exterior LED Copena','Tecnolite',899,363),(786,'Hydromax spa para 6 personas','Hydromax',115.999,364),(787,'Aquaterra spa para 5 personas transport II','Aquaterra',89.999,364),(788,'Dynamic barcelona sauna infrarrojo para 1-2...','Dynamic',29.999,365),(789,'Dynamic Venice sauna infrarrojo para 2...','Dynamic',39.999,365),(790,'Barkys palitos omega 3 paquete de 4 bolsas...','Barkys',359,366),(791,'Purina One alimento de cordero y arroz para...','Purina One',829,366),(792,'Petego Kennel para mascotas chico portátil...','Petego',1.399,367),(793,'Petego casa de campaña chica para mascota','Petego',2.299,367),(794,'WAHL rasuradora para perro 10 piezas','WAHL',669,368),(795,'WAHL rasuradora Pro-Series para mascotas 12...','WAHL',1.599,368),(796,'Ideal Pet Products puerta modular de aluminio','Ideal Pet Products',599,369),(797,'Ideal Pet Products Puerta de plástico para...','Ideal Pet Products',599,369),(798,'Pet Town tapete cubre asiento de coche para...','Pet Town',299,370),(799,'Petmate despachador de alimento y agua 2...','Petmate',449,370),(800,'Refinedkind cama redonda para gato','Refinedkind',1.899,371),(801,'Fluval pecera 23L','Fluval',4.499,371),(802,'Sheffield Home, mueble para lavabo','Sheffield Home',1.199,372),(803,'Sheffield Home, mueble de baño empotrable 30\"','Sheffield Home',5.499,372),(804,'American Standard, mezcladora monomando de...','American Standard',2.499,373),(805,'American Standard, llave electrónica para...','American Standard',5.299,373),(806,'BioBidet, bidet para baño Elite 3','BioBidet',999,374),(807,'BioBidet, bidet para baño Uspa 6800','BioBidet',9.499,374),(808,'American Standard, regadera manual Moments','American Standard',1.799,375),(809,'American Standard, regadera musical Lyric','American Standard',2.499,375),(810,'Ove decors, tina de 1.78m Rachel','Ove decors',25.999,376),(811,'American Standard, tina California con...','American Standard',15.999,376),(812,'American Standard, juego de accesorios para...','American Standard',1.999,377),(813,'American Standard, juego de accesorios para...','American Standard',1.999,377),(814,'American Standard, mezcladora monomando de...','American Standard',3.299,378),(815,'American Standard, mezcladora monomando de...','American Standard',3.399,378),(816,'Mikels, estante modular para pared','Mikels',2.999,379),(817,'Whalen, estante de 5 repisas','Whalen',2.199,379),(818,'Mikels, estante modular para pared','Mikels',2.999,380),(819,'Sheffield Home, lavadero de uso general 28\"','Sheffield Home',7.699,380),(820,'Chamberlain, operador eléctrico para puertas...','Chamberlain',5.299,381),(821,'Merik, pistones abre rejas','Merik',8.499,381),(822,NULL,NULL,NULL,382),(823,NULL,NULL,NULL,382),(824,'Michelin® Agilis® 175/65R14C','Michelin',1.299,383),(825,'Michelin Defender Ltx Ms 285/45R22','Michelin',5.999,383),(826,NULL,NULL,NULL,384),(827,NULL,NULL,NULL,384),(828,'Generac, generador portátil de 3,250W...','Generac',6.999,385),(829,'Generac generador portátil de 5,500W (1...','Generac',13.999,385),(830,'Orden especial Paneles Solares Kiin Energy...','Orden',119.999,386),(831,'Orden especial Kiin Energy paquete 2','Orden',36.999,386),(832,'Golden Select Piso De Bambú','Golden Select',1.199,387),(833,NULL,NULL,NULL,387),(834,'Coaster, esquinero y perchero, blanco','Coaster',6.799,388),(835,NULL,NULL,NULL,388),(836,'Yale, manija digital Real Living con manija','Yale',3.399,389),(837,'Yale, cerrojo digital Real Living','Yale',3.149,389),(838,NULL,NULL,NULL,390),(839,NULL,NULL,NULL,390),(840,'ViniPlus, pintura arena cubeta de 18.92 L','ViniPlus',549,391),(841,'Cover Home, impermeabilizante rojo cubeta de...','Cover Home',649,391),(842,'Mikels, compresor de aire 1HP 8 litros','Mikels',2.599,392),(843,'Mikels, compresor de aire 3HP 50 litros','Mikels',3.299,392),(844,'Mikels, pistola eléctrica para pintar de...','Mikels',999,393),(845,'Mikels, pistola eléctrica para pintar de...','Mikels',1.249,393),(846,'Crescent juego de herramientas profesionales...','Crescent',2.599,394),(847,'Mikels, diablito plegable','Mikels',899,394),(848,'Trinity, mesa de acero inoxidable','Trinity',3.299,395),(849,NULL,NULL,NULL,395),(850,'Werner, andamio portátil','Werner',2.799,396),(851,'Werner, plataforma de trabajo','Werner',1.129,396),(852,'Mikels, estante modular para pared','Mikels',2.999,397),(853,'Kirkland Signature, organizador de...','Kirkland',13.999,397),(854,'SentrySafe, caja fuerte digital','SentrySafe',7.999,398),(855,'Honeywell caja de seguridad de acero','Honeywell',799,398),(856,'Tecnolite, lámpara LED La Canée con foco LED','Tecnolite',1.999,399),(857,'Tecnolite, lámpara Esferas LED con 4 focos','Tecnolite',2.499,399),(858,'Estevez, gabinete de luz para sobreponer','Estevez',799,400),(859,'Estevez, gabinete de luz para empotrar','Estevez',1.199,400),(860,'Estevez, lámpara de seguridad con 2...','Estevez',1.499,401),(861,'Tecnolite, luminaria para exterior LED Copena','Tecnolite',899,401),(862,'DSI cinta luminosa flexible LED 3.66M','DSI',799,402),(863,'Feit, set de luces en serie para exterior','Feit',899,402),(864,'Hunter, ventilador de techo Alden de 132cm...','Hunter',3.499,403),(865,'Westinghouse, ventilador industrial de acero...','Westinghouse',1.799,403),(866,'PowerCube kit multicontactos','PowerCube',999,404),(867,'PowerCube kit multicontactos doble','PowerCube',1.999,404),(868,'Karcher, hidrolavadora eléctrica de 1800psi','Karcher',4.599,405),(869,'Karcher, hidrolavadora eléctrica de 2000psi','Karcher',7.999,405),(870,'Coverking cobertor de auto a la medida','Coverking',799,406),(871,'MODA, cobertor universal para motoneta','MODA',399,406),(872,'Sportrack, a brand of the Thule Group,...','Sportrack',4.299,407),(873,'Sportrack, a brand of the Thule Group, barras','Sportrack',4.299,407),(874,'Kirkland Signature, toallas de microfibra','Kirkland',389,408),(875,'MotoFloor® losetas para piso','MotoFloor®',2.999,408),(876,'Chevron Aceite AK 25W60 84 cajas','Chevron',43.499,409),(877,'Chevron Aceite 10W40 84 cajas','Chevron',52.799,409),(878,'Epson escáner de alta resolución','Epson',3.399,410),(879,'Epson impresora inyección de tinta a color...','Epson',14.499,410),(880,'Swingline trituradora de papel hasta 22 hojas','Swingline',9.999,411),(881,'GBC trituradora de papel hasta 10 hojas...','GBD',3.999,411),(882,'Epson proyector 2,700 lumens','Epson',8.499,412),(883,NULL,NULL,NULL,412),(884,NULL,NULL,NULL,413),(885,NULL,NULL,NULL,413),(886,'Casio calculadora científica','Casio',649,414),(887,'Casio calculadora de escritorio','Casio',659,414),(888,'GBC espiral plástico cerlox 5/16\"','GBC',425,415),(889,'GBC espiral plástico cerlox 5/8\"','GBC',999,415),(890,'Magistral paquete de marcadores para pizarrón','Magistral',219,416),(891,'Royal pizarrón luminoso','Royal',999,416),(892,'Epson multifuncional inyección tinta a color...','Epson',8.999,417),(893,NULL,NULL,NULL,417),(894,'Casio caja registradora numérica hasta 999...','Casio',2.199,418),(895,'Letrero LED abierto','Letreros',1.599,418),(896,'Virginia House, Normandy, escritorio y silla','Virginia House',18.999,419),(897,'Virginia House, Napa, set escritorio','Virginia House',27.999,419),(898,'Virginia House, Normandy, escritorio y silla','Virginia House',18.999,420),(899,'Virginia House, Napa, set escritorio','Virginia House',27.999,420),(900,'Coaster, silla de oficina','Coaster',3.499,421),(901,'Ofik, silla semiejecutiva, negro','Ofik',2.149,421),(902,'Coaster, consola de TV o librero, blanco','Coaster',5.199,422),(903,'Coaster, consola TV o librero, café','Coaster',5.199,422),(904,'Eko, bote de basura 12L (2 piezas)','Eko',899,423),(905,'Brabantia, papelera cónica 5L acero mate','Brabantia',579,423),(906,'Royal dispensador de agua caliente y fría por','Royal',3.999,424),(907,'Royal dispensador de agua caliente y fría por','Royal',1.399,424),(908,'Hirsh archivero metálico de 2 gavetas y 1...','Hirsh',1.769,425),(909,'Oxford archivero expandible tamaño con 13...','Oxford',499,425),(910,'Esselte caja para archivo tamaño oficio','Esselte',429,426),(911,'Bankers Box caja de archivo carta/oficio (10...','Bankers box',849,426),(912,'Azor carpeta registradora tamaño carta con...','Azor',849,427),(913,'Azor carpeta registradora tamaño oficio con...','Azor',899,427),(914,'Wilson Jones protector de hojas tamaño carta','Wilson Jones',999,428),(915,'Kinera protector de hojas tamaño carta','Kinera',449,428),(916,'Paper Mate bolígrafo colores surtidos punto...','Paper Mate',859,429),(917,'Bic Colores sin madera','Bic Colores',499,429),(918,'Esterbrook marcador azul permanente con punta','Esterbrook',649,430),(919,'Esterbrook marcador negro permanente con...','Esterbrook',649,430),(920,'Baco tijeras con soporte para corte fácil','Baco',549,431),(921,'Azor cúter universal 9mm','Azor',215,431),(922,'Faber-Castell set de acuarelas','Faber-Castell',345,432),(923,'Faber-Castell maletín con 80 plumones...','Faber-Castell',359,432),(924,'Ruz backpack con rueda premium (varios...','Ruz',699,433),(925,'Ogio Raven mochila (varios colores)','Ogio Raven',699,433),(926,'Pilot Falcon pluma fuente punto fino plumilla','Pilot Falcon',3.299,434),(927,'Lamy bolígrafo y repuesto tinta azul','Lamy',949,434),(928,'Xerox papel tamaño carta 5000 hojas','Xerox',575,435),(929,'Bio Pappel papel oficio 5000 hojas','Bio Pappel',725,435),(930,'Scribe Cuaderno profesional raya100 hojas','Scribe',599,436),(931,'Scribe Cuaderno profesional cuadro chico 100...','Scribe',599,436),(932,'Post-it minibanderitas adhesivas','Post-it',519,437),(933,'Post-it minibanderitas adhesivas tipo flecha','Post-it',449,437),(934,'Ampad sobre tipo bolsa con broche tamaño...','Ampad',799,438),(935,'Ampad sobre tipo bolsa con broche tamaño...','Ampad',699,438),(936,'Avery identificador para llaves de 3.2cm...','Avery',749,439),(937,'Avery etiqueta para direcciones','Avery',449,439),(938,'Swingline engrapadora de media tira metálica...','Swingline',549,440),(939,'Azor engrapadora de tira completa','Azor',499,440),(940,'Azor perforadora de 2 orificios','Azor',439,441),(941,'Azor perforadora de 2 orificios metálica','Azor',999,441),(942,'Pritt lápiz adhesivo 20 gramos','Pritt',629,442),(943,'Pritt lápiz adhesivo 40 gramos','Pritt',529,442),(944,'ACCO clip estándar no. 1','ACCO',749,443),(945,'ACCO clip estándar no. 2','ACCO',699,443),(946,'Azor cojín plástico para sello no.1 sin tinta','Azor',439,444),(947,'Azor sello pre-entintado color azul con...','Azor',489,444),(948,NULL,NULL,NULL,445),(949,NULL,NULL,NULL,445),(950,'Microsoft mouse flexible ergonómico...','Microsoft',1.399,446),(951,'Microsoft teclado plegable Bluetooth®','Microsoft',1.999,446),(952,'Linksys router smart WiFi®','Linksys',6.699,447),(953,'Linksys punto de acceso inalámbrico doble...','Linksys',3.799,447),(954,'Smartbitt no break regulador y supresor de...','Smartbitt',2.499,448),(955,'Smartbitt regulador y supresor de picos','Smartbitt',429,448),(956,'Swingline lámpara LED de escritorio de...','Swingline',1.399,449),(957,'BioCheck reloj checador de huella digital...','BioCheck',2.599,449),(958,'Epson cartucho de tinta 196 amarillo','Epson',339,450),(959,'Epson cartucho de tinta 196 magenta','Epson',339,450),(960,'Canon toner color CL141','Canon',899,451),(961,'Canon toner 106 color negro','Canon',2.799,451),(962,'Phillips, candados de latón 2 piezas','Phillips',379,452),(963,'Phillips, candados cortina 2 piezas','Phillips',749,452),(964,'Unicomm dispositivo GPS de localización,...','Unicomm',6.499,453),(965,'Swann sistema de seguridad 4 canales 2...','Swann',5.299,453),(966,NULL,NULL,NULL,454),(967,NULL,NULL,NULL,454),(968,'Kirkland Signature cubiertos de plástico 360...','Kirkland',399,455),(969,'Solo Tenedores de plástico 300 piezas','Utensilios',229,455),(970,NULL,NULL,NULL,456),(971,NULL,NULL,NULL,456),(972,NULL,NULL,NULL,457),(973,NULL,NULL,NULL,457),(974,NULL,NULL,NULL,458),(975,NULL,NULL,NULL,458);
/*!40000 ALTER TABLE `producto` ENABLE KEYS */;
UNLOCK TABLES;

--
-- Table structure for table `servicio`
--

DROP TABLE IF EXISTS `servicio`;
/*!40101 SET @saved_cs_client     = @@character_set_client */;
/*!40101 SET character_set_client = utf8 */;
CREATE TABLE `servicio` (
  `idServicio` int(11) NOT NULL,
  `nombre` varchar(25) DEFAULT NULL,
  PRIMARY KEY (`idServicio`)
) ENGINE=InnoDB DEFAULT CHARSET=latin1;
/*!40101 SET character_set_client = @saved_cs_client */;

--
-- Dumping data for table `servicio`
--

LOCK TABLES `servicio` WRITE;
/*!40000 ALTER TABLE `servicio` DISABLE KEYS */;
INSERT INTO `servicio` VALUES (1,'Revelado digital'),(2,'Servicio Deli'),(3,'Entrega a su Negocio'),(4,'Centro Llantero'),(5,'Centro de Ayuda Auditiva'),(6,'Frutas y Verduras'),(7,'Panader¡a'),(8,'Carnicer¡a'),(9,'Fuente de Sodas'),(10,'Farmacia'),(11,'àptica'),(12,'Florer¡a');
/*!40000 ALTER TABLE `servicio` ENABLE KEYS */;
UNLOCK TABLES;

--
-- Table structure for table `socio`
--

DROP TABLE IF EXISTS `socio`;
/*!40101 SET @saved_cs_client     = @@character_set_client */;
/*!40101 SET character_set_client = utf8 */;
CREATE TABLE `socio` (
  `idSocio` int(11) NOT NULL,
  `apPaterno` varchar(30) DEFAULT NULL,
  `apMaterno` varchar(30) DEFAULT NULL,
  `nombre` varchar(30) DEFAULT NULL,
  `edad` int(11) DEFAULT NULL,
  `genero` varchar(3) DEFAULT NULL,
  `email` varchar(40) DEFAULT NULL,
  PRIMARY KEY (`idSocio`)
) ENGINE=InnoDB DEFAULT CHARSET=latin1;
/*!40101 SET character_set_client = @saved_cs_client */;

--
-- Dumping data for table `socio`
--

LOCK TABLES `socio` WRITE;
/*!40000 ALTER TABLE `socio` DISABLE KEYS */;
INSERT INTO `socio` VALUES (1,'AVILEZ','BENITEZ','LUIS MANUEL',19,'M','personalemail@email.com'),(2,'BRIONES','TAPIA','MARIANA',20,'F','personalemail@email.com'),(3,'CALVA','HERNANDEZ','JOSE MANUEL',21,'M','personalemail@email.com'),(4,'CARRILLO','BALCAZAR','EDUARDO YAIR',22,'M','personalemail@email.com'),(5,'CORIA','CERBADA','KARIM ABDUL',23,'M','personalemail@email.com'),(6,'DE LA ROSA','GUTIERREZ','KALEB YAEL',18,'M','personalemail@email.com'),(7,'DOMINGUEZ','LOPEZ','HUMBERTO',18,'M','personalemail@email.com'),(8,'DOMINGUEZ','MORAN','JOAQUIN',21,'M','personalemail@email.com'),(9,'ESTRADA','PICHARDO','JONATAN ISUI',22,'M','personalemail@email.com'),(10,'FUENTES','GARCIA','ALAN KEVIN',24,'M','personalemail@email.com'),(11,'GUERRERO','A¥IEL','ALEJANDRO',25,'M','personalemail@email.com'),(12,'HERNANDEZ','CASTELLANOS','CESAR URIEL',22,'M','personalemail@email.com'),(13,'HERNANDEZ','RUIZ','RAFAEL',23,'M','personalemail@email.com'),(14,'LEYVA','BARRIENTOS','OSWALDO',22,'M','personalemail@email.com'),(15,'LEZAMA','SOLANO','MAURICIO',19,'M','personalemail@email.com'),(16,'LOPEZ','CEDILLO','ALEXANDER',20,'M','personalemail@email.com'),(17,'LOPEZ','MANRIQUEZ','ANGEL',21,'M','personalemail@email.com'),(18,'MARTINEZ','RODRIGUEZ','LUIS FERNANDO',22,'M','personalemail@email.com'),(19,'MAYA','ROCHA','LUIS EMMANUEL',23,'M','personalemail@email.com'),(20,'MENDOZA','RAMIREZ','ALVARO',18,'M','personalemail@email.com'),(21,'MIRANDA','MOJICA','ERICK',18,'M','personalemail@email.com'),(22,'NICOLAS','SAYAGO','ABIGAIL',19,'F','personalemail@email.com'),(23,'ONTIVEROS','SALAZAR','ALAN ENRIQUE',20,'M','personalemail@email.com'),(24,'PAREDES','LOPEZ','SEBASTIAN',21,'M','personalemail@email.com'),(25,'PEREZ','BAUTISTA','DAVID',22,'M','personalemail@email.com'),(26,'PERUSQUIA','ESTEVES','JUAN JOSE',23,'M','personalemail@email.com'),(27,'PLATA','GARCIA','JOSUE ELIASAF',18,'M','personalemail@email.com'),(28,'RAMOS','DIAZ','ENRIQUE',18,'M','personalemail@email.com'),(29,'REYES','VALENZUELA','ALEJANDRO',21,'M','personalemail@email.com'),(30,'RIVAS','ROJAS','ARTURO',22,'M','personalemail@email.com'),(31,'RODARTE','LOPEZ','ANDRES',24,'M','personalemail@email.com'),(32,'RODRIGUEZ','CHAVEZ','DAVID JOSUE',25,'M','personalemail@email.com'),(33,'ROJAS','ESPINOZA','OMAR',19,'M','personalemail@email.com'),(34,'ROMERO','PONCE','MAURICIO ISAAC',20,'M','personalemail@email.com'),(35,'ROSAS','HERNANDEZ','OSCAR ANDRES',21,'M','personalemail@email.com'),(36,'RUIZ','LOPEZ','LUIS CARLOS',22,'M','personalemail@email.com'),(37,'VAZQUEZ','GARCES','NORA ARACELI',23,'F','personalemail@email.com'),(38,'ALFARO','DE LEON','IRVIN',18,'M','personalemail@email.com'),(39,'ALVARADO','GINERA','DONOVAN EVELIO',18,'M','personalemail@email.com'),(40,'ARREOLA','SANDOVAL','MANUEL JESUS',19,'M','personalemail@email.com'),(41,'BADILLO','ARELLANO','EMANUEL GUADALUPE',20,'M','personalemail@email.com'),(42,'CARRILLO','MENDOZA','MARTIN ALEJANDRO',21,'M','personalemail@email.com'),(43,'CHAVARRIA','ORTIZ','ALEJANDRO',22,'M','personalemail@email.com'),(44,'CORTES','PERALES','XIMENA FERNANDA',23,'F','personalemail@email.com'),(45,'CRUZ','MONDRAGON','DIEGO',18,'M','personalemail@email.com'),(46,'ESQUIVEL','NU¥EZ','ANDREA',18,'F','personalemail@email.com'),(47,'FLORES','AGUILERA','MIGUEL ANGEL',19,'M','personalemail@email.com'),(48,'FLORES','CASANOVA','DAVID',20,'M','personalemail@email.com'),(49,'GOMEZ','SANCHEZ','LIDIA VALERIA',21,'F','personalemail@email.com'),(50,'GUERRERO','RAMIREZ','HAMLET FERNANDO',22,'M','personalemail@email.com'),(51,'HERNANDEZ','LOPEZ','LAURA PAMELA',23,'F','personalemail@email.com'),(52,'JIMENEZ','DE JESUS','ALEJANDRO ALDHAIR',18,'M','personalemail@email.com'),(53,'LEDESMA','RIVERA','ROBERTO',18,'M','personalemail@email.com'),(54,'LOPEZ','AYALA','ERIC ALEJANDRO',23,'M','personalemail@email.com'),(55,'MALDONADO','LEDO','DIANA GUADALUPE',18,'F','personalemail@email.com'),(56,'MARTINEZ','SANCHEZ','ISRAEL',18,'M','personalemail@email.com'),(57,'MENDOZA','SAAVEDRA','ROBERTO',21,'M','personalemail@email.com'),(58,'MONROY','GARCIA','JOSE EDUARDO',22,'M','personalemail@email.com'),(59,'ONTIVEROS','SORIANO','JORGE ARTURO',24,'M','personalemail@email.com'),(60,'ORTEGA','ZU¥IGA','DANIEL ISAI',25,'M','personalemail@email.com'),(61,'OSORIO','CRUZ','ROBERTO',22,'M','personalemail@email.com'),(62,'PAREDES','BERMUDEZ','JORGE JESUS',22,'M','personalemail@email.com'),(63,'PARRALES','COPCA','LUIS ALBERTO',18,'M','personalemail@email.com'),(64,'PORRAZ','BA¥ALES','LUIS ENRIQUE',18,'M','personalemail@email.com'),(65,'REYES','JIMENEZ','EVELYN GABRIELA',22,'F','personalemail@email.com'),(66,'RICO','MALDONADO','SERGIO ALONSO',22,'M','personalemail@email.com'),(67,'ROBLES','GARCIA','LUIS FERNANDO',18,'M','personalemail@email.com'),(68,'RODRIGUEZ','GARCIA','ALAN JAIME',18,'M','personalemail@email.com'),(69,'SANCHEZ','RODRIGUEZ','VIANEY',18,'F','personalemail@email.com'),(70,'TINOCO','CERVANTES','LUIS DANIEL',18,'M','personalemail@email.com'),(71,'AGUILERA','PALACIOS','JUAN CARLOS',22,'M','personalemail@email.com'),(72,'ARANA','MELO','FRANCISCO JAVIER',22,'M','personalemail@email.com'),(73,'BURCIAGA','ORNELAS','RODRIGO ANDRES',18,'M','personalemail@email.com'),(74,'CABALLERO','HUESCA','CARLOS EDUARDO',18,'M','personalemail@email.com'),(75,'CAMPILLO','LOPEZ','JIMENA ROSALIA',19,'F','personalemail@email.com'),(76,'CASTILLO','HUITRON','SACHIEL',20,'M','personalemail@email.com'),(77,'CASTRO','CASTRO','EDUARDO',21,'M','personalemail@email.com'),(78,'ESQUIVIAS','RAMIREZ','JUAN CARLOS',22,'M','personalemail@email.com'),(79,'ESTRADA','SANCHEZ','MIGUEL EDUARDO',23,'M','personalemail@email.com'),(80,'FLORES','MEJIA','OMAR',18,'M','personalemail@email.com'),(81,'GARCIA','ENRIQUEZ','ROBERTO FRANCISCO',18,'M','personalemail@email.com'),(82,'GONZALEZ','AMBRIZ','LUIS ANGEL',21,'M','personalemail@email.com'),(83,'GONZALEZ','GARCIA','JORGE',22,'M','personalemail@email.com'),(84,'HERNANDEZ','HERNANDEZ','ROBERTO AARON',24,'M','personalemail@email.com'),(85,'HUERTA','GARRIDO','ADRIANA MARISOL',25,'F','personalemail@email.com'),(86,'HUERTA','MARTINEZ','JESUS MANUEL',23,'M','personalemail@email.com'),(87,'LOPEZ','ZARAGOZA','JOSCELYN MEZTLI',18,'F','personalemail@email.com'),(88,'MONTEON','VALDES','RAUL KEVIN',18,'M','personalemail@email.com'),(89,'MU¥OZ','DE LEON','BOGAR',21,'M','personalemail@email.com'),(90,'NAVA','CAMPOS','JOSE ANDRES',22,'M','personalemail@email.com'),(91,'ORTIZ','ALPUCHE','JOSE IVAN',24,'M','personalemail@email.com'),(92,'QUIROGA','MALDONADO','EDGAR ABEL',25,'M','personalemail@email.com'),(93,'RAMIREZ','MARTINEZ','JANET NAIBI',23,'F','personalemail@email.com'),(94,'RAMIREZ','ROSAS','ANAYELI GABRIELA',18,'F','personalemail@email.com'),(95,'REYES','AMEZCUA','CARLOS AXEL',18,'M','personalemail@email.com'),(96,'REYES','IZQUIERDO','JULIO ARMANDO',21,'M','personalemail@email.com'),(97,'RICARDO','FLORES','JOSE ANTONIO',22,'M','personalemail@email.com'),(98,'RIVERA','NOGUEZ','MONICA BERENICE',24,'F','personalemail@email.com'),(99,'ROMERO','LOPEZ','MIRIAM',25,'F','personalemail@email.com'),(100,'SANCHEZ','MONROY','JULIAN EDUARDO',18,'M','personalemail@email.com'),(101,'SANTILLAN','ALVAREZ','KATIA',18,'F','personalemail@email.com'),(102,'TEJEDA','MARTINEZ','JOSE MIGUEL',21,'M','personalemail@email.com'),(103,'VALENCIA','PEREZ','LUIS MIGUEL',22,'M','personalemail@email.com'),(104,'A¥ORVE','PONS','GERMAN SILVESTRE',24,'M','personalemail@email.com'),(105,'ARTEAGA','LARA','SAMUEL',25,'M','personalemail@email.com'),(106,'BARRERA','PEREZ','CARLOS TONATIHU',22,'M','personalemail@email.com'),(107,'BAUTISTA','HERNANDEZ','NELLY ARLET',18,'F','personalemail@email.com'),(108,'CABALLERO','RAMIREZ','MICHELLE',18,'F','personalemail@email.com'),(109,'CAMPOS','TENORIO','DIANA YESENIA',21,'F','personalemail@email.com'),(110,'CASTILLO','JIMENEZ','JORGE',22,'M','personalemail@email.com'),(111,'CASTILLO','MAGA¥A','OSCAR ISRAEL',23,'M','personalemail@email.com'),(112,'CHAVES','CORTES','MIGUEL ANGEL IVAN',18,'M','personalemail@email.com'),(113,'CHAVEZ','BARRERA','OSCAR HUITZILIN',18,'M','personalemail@email.com'),(114,'DIAZ','MEDINA','JESUS KAIMORTS',21,'M','personalemail@email.com'),(115,'FRIAS','MERCADO','CARLOS ELLIOT',22,'M','personalemail@email.com'),(116,'GALVAN','TORRES','ITZEL',24,'F','personalemail@email.com'),(117,'GARCIA','CEBADA','JORGE MIGUEL',25,'M','personalemail@email.com'),(118,'GARCIA','MACIAS','MARIA DEL CARMEN',21,'F','personalemail@email.com'),(119,'GARCIA','TELLEZ','ANTONIO DE JESUS',22,'M','personalemail@email.com'),(120,'GONZALEZ','HINOJOSA','EMILIANO',23,'M','personalemail@email.com'),(121,'HERNANDEZ','MARTINEZ','CARLOS DAVID',18,'M','personalemail@email.com'),(122,'HERNANDEZ','OSEGUERA','MAYRA SOFIA',18,'F','personalemail@email.com'),(123,'LOPEZ','JIMENEZ','CECILIA AYLIN',21,'F','personalemail@email.com'),(124,'MALDONADO','CARPIO','JORGE ENRIQUE',22,'M','personalemail@email.com'),(125,'MARTINEZ','CERON','JOSE EMMANUEL',24,'M','personalemail@email.com'),(126,'MEDINA','LUQUE¥O','ANA XIMENA',25,'F','personalemail@email.com'),(127,'MENDOZA','JAIMES','IAN',18,'M','personalemail@email.com'),(128,'MONSALVO','FUENTES','AMERICA BERENICE',18,'F','personalemail@email.com'),(129,'NOLASCO','CID','VICTOR IVAN',19,'M','personalemail@email.com'),(130,'NORIEGA','MARTINEZ','LUIS OMAR',20,'M','personalemail@email.com'),(131,'ORTA','CISNEROS','SABRINA',21,'F','personalemail@email.com'),(132,'PINEDA','ABURTO','JENNIFER',22,'F','personalemail@email.com'),(133,'RAMIREZ','CENTENO','HUGO ENRIQUE',23,'M','personalemail@email.com'),(134,'RODRIGUEZ','GARCIA','DANIELA',18,'F','personalemail@email.com'),(135,'ROSALES','DELOYA','CRISTIAN',18,'M','personalemail@email.com'),(136,'VAZQUEZ','SANCHEZ','JOSE ALEJANDRO',21,'M','personalemail@email.com'),(137,'ZENON','VELA','JUAN JOSE',22,'M','personalemail@email.com'),(138,'ABAROA','CORCHADO','ALVARO OMAR',19,'M','personalemail@email.com'),(139,'ARZATE','BARCENAS','GERARDO URIEL',20,'M','personalemail@email.com'),(140,'CASTILLO','SANABRIA','DIEGO ANGEL',21,'M','personalemail@email.com'),(141,'CASTILLO','SANDOVAL','ESTEFANY GUADALUPE',22,'F','personalemail@email.com'),(142,'CEBADA','VELAZQUEZ','LUIS ANGEL',23,'M','personalemail@email.com'),(143,'CORTES','GONZALEZ','SERGIO ALBERTO',18,'M','personalemail@email.com'),(144,'GONZALEZ','GONZALEZ','OSCAR ARTURO',18,'M','personalemail@email.com'),(145,'GONZALEZ','HERNANDEZ','FAVIO EMMANUEL',21,'M','personalemail@email.com'),(146,'GONZALEZ','TINAJERO','EDSON FABIAN',22,'M','personalemail@email.com'),(147,'GUTIERREZ','MAYORGA','LUIS ENRIQUE',24,'M','personalemail@email.com'),(148,'GUZMAN','DIAZ','ULISES RAZIEL',25,'M','personalemail@email.com'),(149,'HERNANDEZ','DUARTE','MIGUEL ANGEL',23,'M','personalemail@email.com'),(150,'HERNANDEZ','NAVARRO','JUANA MONSERRAT',18,'F','personalemail@email.com'),(151,'HERNANDEZ','TORRES','ERIK RODRIGO',18,'M','personalemail@email.com'),(152,'IRETA','RAMALES','ANDRES',21,'M','personalemail@email.com'),(153,'LOPEZ','JUAREZ','ANAYANTZIN PAOLA',22,'F','personalemail@email.com'),(154,'LOPEZ','MORALES','YAIR ENRIQUE',24,'M','personalemail@email.com'),(155,'MALDONADO','RODRIGUEZ','LUIS FERNANDO',25,'M','personalemail@email.com'),(156,'MIRANDA','LOPEZ','GUSTAVO ADOLFO',18,'M','personalemail@email.com'),(157,'ORTA','TABLAS','MOISES ABRAHAM',18,'M','personalemail@email.com'),(158,'OSORNIO','DIAZ','SEBASTIAN',19,'M','personalemail@email.com'),(159,'PASCUAL','HERNANDEZ','DIEGO EFREN',20,'M','personalemail@email.com'),(160,'PEREZ','MARTINEZ','ALAN ALBERTO',21,'M','personalemail@email.com'),(161,'PORRAS','VELAZQUEZ','JORGE ARMANDO',22,'M','personalemail@email.com'),(162,'RAMIREZ','ARCE','EDWIN RICARDO',23,'M','personalemail@email.com'),(163,'RAMOS','MADIN','MARIA FERNANDA',18,'F','personalemail@email.com'),(164,'RUIZ','TAPIA','ALBERTO',18,'M','personalemail@email.com'),(165,'SARMIENTO','CAMPOS','JOSE',21,'M','personalemail@email.com'),(166,'VARGAS','MONROY','ISRAEL AGUSTIN',19,'M','personalemail@email.com'),(167,'VAZQUEZ','CASTA¥EDA','MAXIMILIANO',20,'M','personalemail@email.com'),(168,'VILLAR','CORONA','JAQUELINE GUADALUPE',21,'F','personalemail@email.com'),(169,'ACOLTZI','SANTILLAN','FERNANDO MAXIMILIANO',22,'M','personalemail@email.com'),(170,'CABELLO','ACOSTA','GERARDO ARAMIS',23,'M','personalemail@email.com'),(171,'CARRISOSA','GONZALEZ','BRANDON OMAR',18,'M','personalemail@email.com'),(172,'CORDOVA','CRUZ','JORGE ARTURO',18,'M','personalemail@email.com'),(173,'DIAZ','RODARTE','JUAN GERARDO',21,'M','personalemail@email.com'),(174,'DOMINGUEZ','ROJAS','JOSE MARIN',22,'M','personalemail@email.com'),(175,'FARIAS','JIMENEZ','NICHOLAS RAPHAEL',24,'M','personalemail@email.com'),(176,'GARCIA','TORIBIO','MARCO ANTONIO',25,'M','personalemail@email.com'),(177,'GOMEZ','CABALLERO','BRENDA',23,'F','personalemail@email.com'),(178,'GUTIERREZ','HERNANDEZ','ANGEL',18,'M','personalemail@email.com'),(179,'HERNANDEZ','GARCIA','EVA NATALIA',18,'F','personalemail@email.com'),(180,'HERNANDEZ','MARTINEZ','FERNANDO',21,'M','personalemail@email.com'),(181,'HERRERA','OREA','OTHONIEL',22,'M','personalemail@email.com'),(182,'HERRERA','REYES','JOVANNI DAVID',19,'M','personalemail@email.com'),(183,'LARIOS','MOGUEL','CARLOS ANIBAL',20,'M','personalemail@email.com'),(184,'LOYOLA','DIAZ','JENNIFER MICHELLE',21,'F','personalemail@email.com'),(185,'MAKSABEDIAN','OJEDA','JORGE ALEJANDRO',22,'M','personalemail@email.com'),(186,'MARTINEZ','DE LOS SANTOS','ERUBEY',23,'M','personalemail@email.com'),(187,'MARTINEZ','FAUSTINOS','JOSE ANTONIO',18,'M','personalemail@email.com'),(188,'MATA','RAMIREZ','VERONICA',18,'F','personalemail@email.com'),(189,'MONTA¥O','CASTA¥EDA','DANIEL',21,'M','personalemail@email.com'),(190,'MONTIEL','LEAL','GERMAN ARTURO',22,'M','personalemail@email.com'),(191,'MORALES','ANGELINA','JUAN LUIS',24,'M','personalemail@email.com'),(192,'OSNAYA','GOMEZ','ALEXIS ALAN',25,'M','personalemail@email.com'),(193,'PRADO','SANCHEZ','VANESSA SELENE',20,'F','personalemail@email.com'),(194,'RAMIREZ','RAMIREZ','LUIS FERNANDO',21,'M','personalemail@email.com'),(195,'RIOS','LOPEZ','JOSE ALBERTO',22,'M','personalemail@email.com'),(196,'RIVERA','PEREZ','LUIS ALFONSO',23,'M','personalemail@email.com'),(197,'RODRIGUEZ','MORALES','GUSTAVO',18,'M','personalemail@email.com'),(198,'RUIZ','ASTORGA','ALBERTO ALEJANDRO',18,'M','personalemail@email.com'),(199,'SANCHEZ','RODRIGUEZ','LEONARDO',21,'M','personalemail@email.com'),(200,'SUAREZ','LARRAGA','JAVIER',22,'M','personalemail@email.com'),(201,'TREJO','MARTINEZ','FRANCISCO',24,'M','personalemail@email.com'),(202,'BAUTISTA','ROSALES','MAURICIO',19,'M','personalemail@email.com'),(203,'BONILLA','MATA','LUIS ENRIQUE',20,'M','personalemail@email.com'),(204,'CARRILLO','HERNANDEZ','MIGUEL ANGEL',21,'M','personalemail@email.com'),(205,'CASTRO','FLORES','MARCELA',22,'F','personalemail@email.com'),(206,'CAZARES','CURIEL','JORGE ARMANDO',23,'M','personalemail@email.com'),(207,'CHAVEZ','RODRIGUEZ','CARLOS GABRIEL',18,'M','personalemail@email.com'),(208,'ESPINOSA','GONZALEZ','VICTORIA ALEJANDRA',18,'F','personalemail@email.com'),(209,'GALINDO','GARCIA','ADRIAN EDUARDO',21,'M','personalemail@email.com'),(210,'GARCIA','MOLINA','JOSE ALEJANDRO',22,'M','personalemail@email.com'),(211,'HERNANDEZ','CERVANTES','FRANCISCO JAVIER',24,'M','personalemail@email.com'),(212,'HUERTA','CORTES','ALAN MAURICIO',25,'M','personalemail@email.com'),(213,'JIMENEZ','AMADOR','JOSE ANTONIO',22,'M','personalemail@email.com'),(214,'LOPEZ','CHINA','MARIANO',23,'M','personalemail@email.com'),(215,'MARTINEZ','RODRIGUEZ','EDGAR JONATHAN',18,'M','personalemail@email.com'),(216,'MOLINA','DELGADO','ESTEPHANIA',18,'F','personalemail@email.com'),(217,'MURGA','DIONICIO','RUBEN ADOLFO',19,'M','personalemail@email.com'),(218,'OLVERA','PEREZ','VICTOR DAVID',20,'M','personalemail@email.com'),(219,'OROZCO','SOTO','RICARDO',21,'M','personalemail@email.com'),(220,'ORTEGA','SANCHEZ','JOSE EDUARDO',22,'M','personalemail@email.com'),(221,'ROCHA','MONTIEL','ORLANDO',23,'M','personalemail@email.com'),(222,'ROJERO','RUIZ','MARIANA',18,'F','personalemail@email.com'),(223,'SANCHEZ','LOPEZ','GUADALUPE ELIZABETH',18,'F','personalemail@email.com'),(224,'TOVAR','BARBA','MAYRA PATRICIA',21,'F','personalemail@email.com'),(225,'TRUJILLO','GARCIA','SAUL URIEL',22,'M','personalemail@email.com'),(226,'AGUILAR','TORRES','ANTONIO IVAN',24,'M','personalemail@email.com'),(227,'ALANIS','GUERRERO','ALEJANDRA',25,'F','personalemail@email.com'),(228,'ARGUETA','MACIAS','MAURICIO',23,'M','personalemail@email.com'),(229,'BALLESTEROS','REYES','NARDA AIXEL',18,'F','personalemail@email.com'),(230,'BLANCO','ALVAREZ','ALEJANDRA',18,'F','personalemail@email.com'),(231,'CAMACHO','URRIOLAGOITIA','OSCAR',21,'M','personalemail@email.com'),(232,'CASTA¥EDA','SANCHEZ','MIGUEL ANGEL',22,'M','personalemail@email.com'),(233,'CISNEROS','CORTES','DAVID',24,'M','personalemail@email.com'),(234,'DE FELIPE','VARGAS','DALIA',25,'F','personalemail@email.com'),(235,'DOMINGUEZ','JAIMES','JANNETH',23,'F','personalemail@email.com'),(236,'FLORES','SANCHEZ','LILIANA',18,'F','personalemail@email.com'),(237,'GARCIA','MARTINEZ','DIEGO',18,'M','personalemail@email.com'),(238,'GONZALEZ','ORTA','EDWIN',21,'M','personalemail@email.com'),(239,'HERNANDEZ','RODRIGUEZ','ALEJANDRO',22,'M','personalemail@email.com	'),(240,'HERRERA','HERNANDEZ','CARLOS',19,'M','personalemail@email.com'),(241,'JIMENEZ','CASILLAS','ADRIAN',20,'M','personalemail@email.com'),(242,'LOPEZ','BRITO','CHRISTIAN JOSE',21,'M','personalemail@email.com'),(243,'LOPEZ','LARA','JAIR ALAN',22,'M','personalemail@email.com'),(244,'LUNA','HERNANDEZ','DAVID',23,'M','personalemail@email.com'),(245,'MARQUEZ','HERNANDEZ','ROBERTO ISRAEL',18,'M','personalemail@email.com'),(246,'MENDOZA','CERON','PABLO JESUS',18,'M','personalemail@email.com'),(247,'MIRANDA','FALCON','JOSUE',19,'M','personalemail@email.com'),(248,'MORALES','TORRES','JONATAN',20,'M','personalemail@email.com'),(249,'MORENO','SALINAS','JESSICA',21,'F','personalemail@email.com'),(250,'NU¥EZ','CARDENAS','RAUL',22,'M','personalemail@email.com'),(251,'OROZCO','SOTO','RICARDO',23,'M','personalemail@email.com'),(252,'PE¥A','PI¥A','ERICK ARTURO',18,'M','personalemail@email.com'),(253,'RAMIREZ','ROQUE','LUIS ENRIQUE',18,'M','personalemail@email.com'),(254,'RAMIREZ','TEXIS','ANA KAREN',21,'F','personalemail@email.com'),(255,'ROBLES','PEDRAZA','SERGIO ALBERTO',19,'M','personalemail@email.com'),(256,'SALDA¥A','AGUILAR','GABRIELA',20,'F','personalemail@email.com'),(257,'SANCHEZ','LOPEZ','GUADALUPE ELIZABETH',21,'F','personalemail@email.com'),(258,'SANCHEZ','SALAZAR','CARMEN MAYTEE',22,'F','personalemail@email.com'),(259,'SANTILLAN','LOPEZ','DIEGO ESSAI',23,'M','personalemail@email.com'),(260,'ARREDONDO','BASURTO','EDGAR RODRIGO',19,'M','personalemail@email.com'),(261,'CABELLO','ACOSTA','GERARDO ARAMIS',20,'M','personalemail@email.com'),(262,'CARMONA','MEDINA','VICTOR ANGEL',21,'M','personalemail@email.com'),(263,'CARRILLO','FERNANDEZ','GERARDO',22,'M','personalemail@email.com'),(264,'CERVANTES','VARELA','JUAN MANUEL',23,'M','personalemail@email.com'),(265,'DOMINGUEZ','DE LA ROSA','ROSA BRYAN',18,'M','personalemail@email.com'),(266,'ESPEJEL','ZARATE','JOEL ENRIQUE',19,'M','personalemail@email.com'),(267,'GALICIA','VARGAS','GERARDO',20,'M','personalemail@email.com'),(268,'GARCIA','LOMELI','ABRAHAM AMOS',21,'M','personalemail@email.com'),(269,'GOMEZ','REUS','JORGE',22,'M','personalemail@email.com'),(270,'GORRIZ','BARRERA','ALEJANDRA',23,'F','personalemail@email.com'),(271,'HERNANDEZ','CASTILLO','HUMBERTO ALEXIS',18,'M','personalemail@email.com'),(272,'HERNANDEZ','GOMEZ','ALEJANDRO',18,'M','personalemail@email.com'),(273,'HERNANDEZ','GOMEZ','CARLOS ANDRES',21,'M','personalemail@email.com'),(274,'LEON','ESTA¥OL','KARLA VICTORIA',22,'F','personalemail@email.com'),(275,'LOPEZ','CALIXTO','FERNANDO',19,'M','personalemail@email.com'),(276,'LOPEZ','CAPISTRAN','ENRIQUE ARIEL',20,'M','personalemail@email.com'),(277,'MARTINEZ','CLAVERIA','KAREN OLIVIA',21,'F','personalemail@email.com'),(278,'MATUS','LOPEZ','CARLOS EDUARDO',22,'M','personalemail@email.com'),(279,'MORALES','GARCIA','MIGUEL ANGEL',23,'M','personalemail@email.com'),(280,'MORALES','GONZALEZ','DIEGO ARTURO',18,'M','personalemail@email.com'),(281,'MORENO','GONZALEZ','GABRIELA',18,'F','personalemail@email.com'),(282,'OLVERA','NERIA','YAMILE GISELLE',21,'F','personalemail@email.com'),(283,'PAREDES','HERNANDEZ','PEDRO ANTONIO',22,'M','personalemail@email.com'),(284,'PAZ','SANTOS','SALVADOR',19,'M','personalemail@email.com'),(285,'QUIROZ','SOLDAN','MARIO ALBERTO',20,'M','personalemail@email.com'),(286,'RUIZ','BELTRAN','JONATAN ZURIEL',21,'M','personalemail@email.com'),(287,'SANTIAGO','HERNANDEZ','ALFREDO',22,'M','personalemail@email.com'),(288,'SORIANO','HERNANDEZ','UZIEL',23,'M','personalemail@email.com'),(289,'VAZQUEZ','JIMENEZ','SAUL',18,'M','personalemail@email.com'),(290,'ALONSO','CUEVAS','JOAQUIN OSVALDO',18,'M','personalemail@email.com'),(291,'ALVAREZ','ROMERO','OSCAR ALEJANDRO',21,'M','personalemail@email.com'),(292,'AMADOR','MU¥OZ','VICTOR',22,'M','personalemail@email.com'),(293,'ANDREU','LECONA','EUGENIO GABRIEL',24,'M','personalemail@email.com'),(294,'DIAZ','RODRIGUEZ','JULIO',25,'M','personalemail@email.com'),(295,'DOMPABLO','CELAYA','JENNIFER ADRIANA',19,'F','personalemail@email.com'),(296,'DURAN','ORTIZ','DIANA LETICIA',20,'F','personalemail@email.com'),(297,'FLORES','HERNANDEZ','JORGE',21,'M','personalemail@email.com'),(298,'GARCIA','AGUAYO','YOEL SEBASTIAN',22,'M','personalemail@email.com'),(299,'GARCIA','MARTINEZ','DANIEL',23,'M','personalemail@email.com'),(300,'GUTIERREZ','HERNANDEZ','ANGEL',18,'M','personalemail@email.com'),(301,'MANZANO','FLORES','THALIA',18,'F','personalemail@email.com'),(302,'NORIEGA','MORALES','VICTOR ALBERTO',21,'M','personalemail@email.com'),(303,'PEREZ','BRAVO','RICARDO',19,'M','personalemail@email.com'),(304,'RAMOS','REYES','BRAYAN',20,'M','personalemail@email.com'),(305,'REBOLLAR','RIVERA','EDWIN ARTURO',21,'M','personalemail@email.com'),(306,'RESENDIZ','RESENDIZ','EDNA YAZMIN',22,'F','personalemail@email.com'),(307,'REYES','FRAGOSO','ROBERTO',23,'M','personalemail@email.com'),(308,'RINCON','VIEYRA','ALAN FERNANDO',18,'M','personalemail@email.com'),(309,'RODRIGUEZ','CERVANTES','ARTURO',18,'M','personalemail@email.com'),(310,'SARMIENTO','CAMPOS','JOSE',21,'M','personalemail@email.com'),(311,'TOLEDANO','AGUAYO','ERICK',22,'M','personalemail@email.com'),(312,'TORREBLANCA','FACES','JESUS ALEXIS',24,'M','personalemail@email.com'),(313,'ZAMARRON','MU¥OZ','EDUARDO',25,'M','personalemail@email.com');
/*!40000 ALTER TABLE `socio` ENABLE KEYS */;
UNLOCK TABLES;

--
-- Table structure for table `sociomembresia`
--

DROP TABLE IF EXISTS `sociomembresia`;
/*!40101 SET @saved_cs_client     = @@character_set_client */;
/*!40101 SET character_set_client = utf8 */;
CREATE TABLE `sociomembresia` (
  `idSocio` int(11) NOT NULL,
  `idTipoMem` int(11) NOT NULL,
  `tipoMem` varchar(14) DEFAULT NULL,
  `idSuc` int(11) DEFAULT NULL,
  `fechaAlta` date DEFAULT NULL,
  PRIMARY KEY (`idSocio`,`idTipoMem`),
  KEY `idTipoMem` (`idTipoMem`),
  KEY `idSuc` (`idSuc`),
  CONSTRAINT `sociomembresia_ibfk_1` FOREIGN KEY (`idSocio`) REFERENCES `socio` (`idSocio`) ON DELETE CASCADE ON UPDATE CASCADE,
  CONSTRAINT `sociomembresia_ibfk_2` FOREIGN KEY (`idTipoMem`) REFERENCES `tipomembresia` (`idTipoMem`) ON DELETE CASCADE ON UPDATE CASCADE,
  CONSTRAINT `sociomembresia_ibfk_3` FOREIGN KEY (`idSuc`) REFERENCES `sucursal` (`idSuc`) ON DELETE CASCADE ON UPDATE CASCADE
) ENGINE=InnoDB DEFAULT CHARSET=latin1;
/*!40101 SET character_set_client = @saved_cs_client */;

--
-- Dumping data for table `sociomembresia`
--

LOCK TABLES `sociomembresia` WRITE;
/*!40000 ALTER TABLE `sociomembresia` DISABLE KEYS */;
INSERT INTO `sociomembresia` VALUES (1,3,'Adicional',1,'2017-11-03'),(2,2,'Titular',2,'2017-10-11'),(3,3,'Titular',3,'2017-11-05'),(4,3,'Adicional',38,'2017-06-22'),(5,3,'Titular',37,'2017-08-30'),(6,3,'Titular',36,'2017-07-15'),(7,3,'Titular',5,'2017-12-20'),(8,2,'Titular',4,'2017-12-23'),(9,3,'Adicional',22,'2017-09-16'),(10,3,'Adicional',23,'2017-05-10'),(11,3,'Adicional',10,'2017-07-26'),(12,3,'Titular',9,'2018-01-04'),(13,3,'Titular',8,'2018-01-22'),(14,3,'Adicional',7,'2018-02-14'),(15,3,'Titular',35,'2018-02-02'),(16,2,'Titular',34,'2018-01-07'),(17,3,'Titular',6,'2018-01-25'),(18,3,'Titular',24,'2017-11-09'),(19,3,'Adicional',25,'2017-12-04'),(20,3,'Adicional',20,'2017-03-08'),(21,3,'Adicional',21,'2017-02-19'),(22,3,'Titular',33,'2017-02-20'),(23,2,'Titular',32,'2017-04-03'),(24,3,'Adicional',31,'2017-09-14'),(25,3,'Titular',11,'2017-09-15'),(26,3,'Titular',16,'2017-11-20'),(27,3,'Titular',19,'2017-10-17'),(28,3,'Titular',12,'2017-10-21'),(29,3,'Adicional',17,'2017-10-22'),(30,2,'Adicional',13,'2017-10-22'),(31,3,'Adicional',26,'2017-11-09'),(32,3,'Titular',27,'2017-12-04'),(33,3,'Titular',29,'2017-03-08'),(34,3,'Adicional',28,'2017-10-17'),(35,3,'Titular',18,'2017-10-21'),(36,3,'Titular',15,'2017-10-22'),(37,3,'Titular',14,'2016-05-06'),(38,3,'Titular',30,'2016-07-11'),(39,3,'Adicional',11,'2017-02-19'),(40,3,'Adicional',16,'2017-02-20'),(41,3,'Adicional',19,'2017-04-03'),(42,3,'Titular',12,'2016-08-08'),(43,3,'Titular',17,'2016-08-21'),(44,2,'Adicional',13,'2017-09-14'),(45,3,'Titular',26,'2017-09-15'),(46,3,'Titular',27,'2017-11-20'),(47,3,'Titular',29,'2016-07-11'),(48,1,'Titular',28,'2017-11-09'),(49,3,'Adicional',18,'2017-12-04'),(50,3,'Adicional',15,'2017-03-08'),(51,3,'Adicional',14,'2016-08-08'),(52,2,'Titular',30,'2016-08-21'),(53,3,'Titular',13,'2017-10-17'),(54,3,'Adicional',26,'2017-10-21'),(55,1,'Titular',27,'2017-10-22'),(56,3,'Titular',29,'2018-01-09'),(57,3,'Titular',28,'2018-01-10'),(58,3,'Titular',18,'2018-01-11'),(59,2,'Adicional',15,'2017-11-22'),(60,1,'Adicional',14,'2018-01-10'),(61,3,'Adicional',30,'2018-01-21'),(62,3,'Titular',1,'2018-01-19'),(63,3,'Titular',2,'2017-02-19'),(64,3,'Adicional',3,'2017-02-20'),(65,2,'Titular',38,'2017-04-03'),(66,3,'Titular',37,'2017-10-17'),(67,1,'Titular',36,'2017-10-21'),(68,3,'Titular',2,'2017-10-22'),(69,3,'Adicional',3,'2016-05-06'),(70,3,'Adicional',38,'2017-09-14'),(71,2,'Adicional',37,'2017-09-15'),(72,1,'Titular',36,'2017-11-20'),(73,3,'Titular',5,'2016-08-08'),(74,3,'Adicional',4,'2016-08-21'),(75,3,'Titular',22,'2017-11-09'),(76,1,'Titular',23,'2017-12-04'),(77,3,'Titular',10,'2017-03-08'),(78,3,'Titular',9,'2018-01-09'),(79,1,'Adicional',8,'2018-01-10'),(80,3,'Adicional',7,'2018-01-11'),(81,2,'Adicional',35,'2016-08-08'),(82,3,'Titular',34,'2016-08-21'),(83,3,'Titular',6,'2017-11-03'),(84,3,'Adicional',24,'2017-10-11'),(85,1,'Titular',25,'2017-11-05'),(86,3,'Titular',20,'2017-06-22'),(87,2,'Titular',21,'2017-08-30'),(88,1,'Titular',33,'2017-07-15'),(89,3,'Adicional',32,'2017-12-20'),(90,3,'Adicional',31,'2017-12-23'),(91,3,'Adicional',11,'2017-09-16'),(92,3,'Titular',16,'2017-05-10'),(93,1,'Titular',19,'2017-07-26'),(94,3,'Adicional',12,'2018-01-04'),(95,2,'Titular',17,'2018-01-22'),(96,3,'Titular',13,'2018-02-14'),(97,3,'Titular',26,'2018-02-02'),(98,1,'Titular',27,'2018-01-07'),(99,3,'Adicional',29,'2018-01-25'),(100,3,'Titular',28,'2016-05-06'),(101,2,'Titular',18,'2017-02-19'),(102,3,'Adicional',15,'2017-02-20'),(103,1,'Titular',14,'2017-04-03'),(104,3,'Titular',30,'2016-05-06'),(105,3,'Titular',11,'2017-09-14'),(106,2,'Titular',16,'2017-09-15'),(107,3,'Adicional',19,'2017-11-20'),(108,3,'Titular',12,'2017-11-09'),(109,1,'Titular',17,'2017-12-04'),(110,3,'Adicional',13,'2017-03-08'),(111,3,'Titular',26,'2017-10-17'),(112,2,'Titular',27,'2017-10-21'),(113,3,'Titular',29,'2017-10-22'),(114,1,'Titular',28,'2018-01-09'),(115,3,'Adicional',18,'2018-01-10'),(116,3,'Titular',15,'2018-01-11'),(117,2,'Titular',14,'2016-07-11'),(118,3,'Adicional',30,'2016-07-11'),(119,3,'Titular',13,'2017-02-19'),(120,3,'Titular',26,'2017-02-20'),(121,2,'Titular',27,'2017-04-03'),(122,1,'Titular',29,'2017-11-22'),(123,3,'Adicional',28,'2018-01-10'),(124,3,'Titular',18,'2018-01-21'),(125,3,'Titular',15,'2018-01-19'),(126,2,'Adicional',14,'2017-02-20'),(127,3,'Titular',30,'2017-04-03'),(128,3,'Titular',1,'2016-08-08'),(129,3,'Titular',2,'2016-08-21'),(130,2,'Titular',3,'2017-10-17'),(131,3,'Adicional',38,'2017-10-21'),(132,3,'Titular',37,'2017-10-22'),(133,3,'Titular',36,'2016-05-06'),(134,3,'Adicional',1,'2017-09-14'),(135,2,'Titular',2,'2017-09-15'),(136,3,'Titular',3,'2017-11-20'),(137,3,'Titular',38,'2017-11-09'),(138,3,'Titular',37,'2017-12-04'),(139,2,'Adicional',36,'2017-03-08'),(140,3,'Adicional',5,'2018-01-09'),(141,1,'Adicional',4,'2018-01-10'),(142,3,'Titular',22,'2018-01-11'),(143,2,'Titular',23,'2016-05-06'),(144,3,'Adicional',10,'2017-02-19'),(145,3,'Titular',9,'2017-02-20'),(146,3,'Titular',8,'2017-04-03'),(147,2,'Titular',7,'2017-10-17'),(148,3,'Titular',35,'2017-10-21'),(149,3,'Adicional',34,'2017-10-22'),(150,3,'Titular',6,'2017-11-09'),(151,3,'Titular',24,'2017-12-04'),(152,2,'Adicional',25,'2017-03-08'),(153,3,'Titular',20,'2017-09-14'),(154,3,'Titular',21,'2017-09-15'),(155,3,'Titular',33,'2017-11-20'),(156,3,'Titular',32,'2016-05-06'),(157,3,'Adicional',31,'2017-11-03'),(158,3,'Titular',11,'2017-10-11'),(159,2,'Titular',16,'2017-11-05'),(160,1,'Adicional',19,'2017-06-22'),(161,3,'Titular',12,'2017-08-30'),(162,3,'Titular',17,'2017-07-15'),(163,3,'Titular',13,'2017-12-20'),(164,3,'Titular',26,'2017-12-23'),(165,3,'Adicional',27,'2017-09-16'),(166,3,'Titular',29,'2017-05-10'),(167,3,'Titular',28,'2017-07-26'),(168,3,'Adicional',18,'2018-01-04'),(169,3,'Titular',15,'2018-01-22'),(170,3,'Titular',14,'2018-02-14'),(171,3,'Titular',30,'2018-02-02'),(172,1,'Titular',11,'2018-01-07'),(173,3,'Adicional',16,'2018-01-25'),(174,3,'Titular',19,'2016-05-06'),(175,3,'Titular',12,'2017-02-19'),(176,2,'Adicional',17,'2017-02-20'),(177,3,'Titular',13,'2017-04-03'),(178,3,'Titular',26,'2018-01-09'),(179,3,'Titular',27,'2018-01-10'),(180,3,'Titular',29,'2018-01-11'),(181,3,'Adicional',28,'2016-07-11'),(182,2,'Adicional',18,'2017-09-14'),(183,3,'Adicional',15,'2017-09-15'),(184,3,'Titular',14,'2017-11-20'),(185,3,'Titular',30,'2017-10-17'),(186,3,'Adicional',37,'2017-10-21'),(187,3,'Titular',36,'2017-10-22'),(188,2,'Titular',5,'2016-07-11'),(189,3,'Titular',4,'2017-02-19'),(190,3,'Titular',22,'2017-02-20'),(191,3,'Adicional',23,'2017-04-03'),(192,3,'Titular',10,'2016-08-08'),(193,2,'Titular',9,'2016-08-21'),(194,1,'Adicional',8,'2017-11-09'),(195,3,'Titular',7,'2017-12-04'),(196,3,'Titular',35,'2017-03-08'),(197,2,'Titular',34,'2018-01-09'),(198,3,'Titular',6,'2018-01-10'),(199,3,'Adicional',24,'2018-01-11'),(200,2,'Titular',25,'2017-02-19'),(201,3,'Titular',20,'2017-02-20'),(202,3,'Adicional',21,'2017-04-03'),(203,2,'Titular',33,'2016-05-06'),(204,3,'Titular',32,'2017-11-03'),(205,3,'Titular',31,'2017-10-11'),(206,3,'Titular',11,'2017-11-05'),(207,3,'Adicional',16,'2017-06-22'),(208,2,'Titular',19,'2017-08-30'),(209,1,'Titular',12,'2017-07-15'),(210,3,'Adicional',17,'2017-12-20'),(211,3,'Titular',13,'2017-12-23'),(212,3,'Titular',26,'2017-09-16'),(213,2,'Titular',27,'2017-05-10'),(214,3,'Titular',29,'2017-07-26'),(215,3,'Adicional',28,'2018-01-04'),(216,3,'Adicional',18,'2018-01-22'),(217,3,'Adicional',15,'2018-02-14'),(218,2,'Titular',14,'2018-02-02'),(219,3,'Titular',30,'2018-01-07'),(220,3,'Adicional',11,'2018-01-25'),(221,1,'Titular',16,'2018-01-09'),(222,3,'Titular',19,'2018-01-10'),(223,3,'Titular',12,'2018-01-11'),(224,2,'Titular',17,'2017-11-09'),(225,3,'Adicional',13,'2017-12-04'),(226,3,'Titular',26,'2017-03-08'),(227,3,'Titular',27,'2017-02-20'),(228,2,'Adicional',29,'2017-04-03'),(229,3,'Titular',28,'2017-09-14'),(230,3,'Titular',18,'2017-09-15'),(231,3,'Titular',15,'2017-11-20'),(232,2,'Titular',14,'2016-08-08'),(233,1,'Adicional',30,'2016-08-21'),(234,3,'Titular',13,'2017-02-19'),(235,3,'Titular',26,'2017-02-20'),(236,2,'Adicional',27,'2017-04-03'),(237,3,'Titular',29,'2017-10-17'),(238,3,'Titular',28,'2017-10-21'),(239,2,'Titular',18,'2017-10-22'),(240,1,'Titular',15,'2016-07-11'),(241,3,'Adicional',14,'2017-09-14'),(242,3,'Titular',30,'2017-09-15'),(243,3,'Titular',1,'2017-11-20'),(244,2,'Adicional',2,'2018-01-09'),(245,3,'Titular',3,'2018-01-10'),(246,3,'Titular',38,'2018-01-11'),(247,3,'Titular',37,'2017-11-09'),(248,2,'Titular',36,'2017-12-04'),(249,3,'Adicional',9,'2017-03-08'),(250,3,'Titular',8,'2017-02-20'),(251,1,'Titular',7,'2017-04-03'),(252,2,'Adicional',35,'2017-11-03'),(253,3,'Titular',34,'2017-10-11'),(254,3,'Titular',6,'2017-11-05'),(255,3,'Titular',24,'2017-06-22'),(256,2,'Titular',1,'2017-08-30'),(257,3,'Adicional',2,'2017-07-15'),(258,3,'Titular',3,'2017-12-20'),(259,3,'Titular',38,'2017-12-23'),(260,3,'Adicional',37,'2017-09-16'),(261,3,'Titular',36,'2017-05-10'),(262,1,'Titular',5,'2017-07-26'),(263,3,'Titular',4,'2018-01-04'),(264,2,'Titular',22,'2018-01-22'),(265,3,'Adicional',23,'2018-02-14'),(266,3,'Titular',10,'2018-02-02'),(267,3,'Titular',9,'2018-01-07'),(268,3,'Adicional',8,'2018-01-25'),(269,3,'Titular',7,'2017-11-22'),(270,3,'Titular',35,'2018-01-10'),(271,2,'Titular',34,'2018-01-21'),(272,3,'Titular',6,'2018-01-19'),(273,1,'Adicional',24,'2017-02-20'),(274,3,'Titular',25,'2017-04-03'),(275,3,'Titular',20,'2018-01-09'),(276,2,'Adicional',21,'2018-01-10'),(277,3,'Titular',33,'2018-01-11'),(278,3,'Titular',32,'2016-08-08'),(279,3,'Titular',31,'2016-08-21'),(280,3,'Titular',11,'2017-11-09'),(281,2,'Adicional',16,'2017-12-04'),(282,3,'Adicional',19,'2017-03-08'),(283,3,'Titular',12,'2017-11-22'),(284,1,'Titular',17,'2018-01-10'),(285,3,'Adicional',13,'2018-01-21'),(286,3,'Titular',26,'2018-01-19'),(287,3,'Titular',27,'2017-02-20'),(288,2,'Titular',29,'2017-04-03'),(289,3,'Titular',28,'2017-09-14'),(290,3,'Adicional',18,'2017-09-15'),(291,3,'Adicional',15,'2017-11-20'),(292,3,'Titular',14,'2016-05-06'),(293,3,'Titular',30,'2017-11-09'),(294,3,'Adicional',1,'2017-12-04'),(295,3,'Titular',2,'2017-03-08'),(296,3,'Titular',3,'2017-10-17'),(297,3,'Titular',38,'2017-10-21'),(298,1,'Titular',37,'2017-10-22'),(299,3,'Adicional',36,'2016-05-06'),(300,3,'Titular',5,'2017-11-03'),(301,3,'Titular',4,'2017-10-11'),(302,3,'Adicional',22,'2017-11-05'),(303,3,'Titular',23,'2017-06-22'),(304,3,'Titular',10,'2017-08-30'),(305,3,'Titular',9,'2017-07-15'),(306,3,'Titular',8,'2017-12-20'),(307,3,'Adicional',7,'2017-12-23'),(308,3,'Titular',35,'2017-09-16'),(309,1,'Titular',34,'2017-05-10'),(310,3,'Adicional',6,'2017-07-26'),(311,3,'Titular',24,'2018-01-04'),(312,1,'Titular',25,'2018-01-22'),(313,3,'Titular',20,'2018-02-14');
/*!40000 ALTER TABLE `sociomembresia` ENABLE KEYS */;
UNLOCK TABLES;

--
-- Table structure for table `subcategoria`
--

DROP TABLE IF EXISTS `subcategoria`;
/*!40101 SET @saved_cs_client     = @@character_set_client */;
/*!40101 SET character_set_client = utf8 */;
CREATE TABLE `subcategoria` (
  `idSubCat` int(11) NOT NULL,
  `nombre` varchar(40) DEFAULT NULL,
  `idCat` int(11) DEFAULT NULL,
  PRIMARY KEY (`idSubCat`),
  KEY `idCat` (`idCat`),
  CONSTRAINT `subcategoria_ibfk_1` FOREIGN KEY (`idCat`) REFERENCES `categoria` (`idCat`) ON DELETE CASCADE ON UPDATE CASCADE
) ENGINE=InnoDB DEFAULT CHARSET=latin1;
/*!40101 SET character_set_client = @saved_cs_client */;

--
-- Dumping data for table `subcategoria`
--

LOCK TABLES `subcategoria` WRITE;
/*!40000 ALTER TABLE `subcategoria` DISABLE KEYS */;
INSERT INTO `subcategoria` VALUES (1,'Televisiones',1),(2,'Proyectores y Pantallas',1),(3,'Accesorios para TV y video',1),(4,'Teatros en Casa',2),(5,'Minicomponentes y Microcomponentes',2),(6,'Barras de Sonido',2),(7,'Bocinas, Amplificadores y Receptores',2),(8,'Audio Port til',2),(9,'Audifonos',2),(10,'Accesorios de Audio',2),(11,'Desktops',3),(12,'Laptops',3),(13,'Tables',3),(14,'Discos Duros y Memorias',3),(15,'Accesorios de C¢mputo',3),(16,'Gaming',3),(17,'Productividad y Seguridad',4),(18,'iPad',5),(19,'iPhone',5),(20,'Impresoras, Esc ner y Copiadoras',6),(21,'Multifuncionales',6),(22,'Consumibles',6),(23,'Instrumentos Musicales',7),(24,'Tel‚fonos',8),(25,'Celulares y Accesorios',8),(26,'Radios de 2 V¡as',8),(27,'GPS',8),(28,'Garant¡a Extendida para Televisiones',9),(29,'Garant¡a Extendida para L¡nea Blanca',9),(30,'Garant¡a Extendida para C¢mputo',9),(31,'C maras Digitales',10),(32,'Lentes Fotogr ficos',10),(33,'Drones',10),(34,'Accesorio de Fotograf¡a',10),(35,'Xbox',11),(36,'Nintendo',11),(37,'Sistemas de Seguridad',12),(38,'L mparas de Seguridad',12),(39,'French Door',13),(40,'Congeladores',13),(41,'D£plex',13),(42,'Top Mount',13),(43,'Lavadoras',14),(44,'Centros de Lavado',14),(45,'Lavasecadoras',14),(46,'Secadoras',14),(47,'Estufas y Parrillas',15),(48,'Hornos de Convecci¢n',15),(49,'Microondas',15),(50,'Lavavajillas',15),(51,'Cavas de Vino',15),(52,'Campanas',15),(53,'Cafeteras y Teteras',16),(54,'Cocina y Especialidades',16),(55,'Cuidado Personal',16),(56,'Licuadoras y Extractores de Jugo',16),(57,'Procesadores y Batidoras',16),(58,'Hornos y Tostadores',16),(59,'Cocinas Integrales',17),(60,'Equipos Industriales',18),(61,'Planchas',19),(62,'M quinas de Coser',19),(63,'Centrales de Vapor',19),(64,'Aspiradoras de Dep¢sito',20),(65,'Barredoras',20),(66,'Aspiradoras Manuales',20),(67,'Aspiradoras Robot',20),(68,'Lavadoras de Alfombras y Pisos',20),(69,'Accesorios para Aspiradoras',20),(70,'Limpieza a Vapor',20),(71,'Bar',21),(72,'Comedor',21),(73,'Oficina',21),(74,'Infantil y Juvenil',21),(75,'Rec mara',21),(76,'Sala',21),(77,'King',22),(78,'Queen',22),(79,'Matrimonial',22),(80,'Individual',22),(81,'Cuna',22),(82,'S banas y Fundas',23),(83,'Edredones',23),(84,'Cobertores',23),(85,'Almohadas y Cojines',23),(86,'Protectores de Colch¢n',23),(87,'Infantil',23),(88,'Toallas',23),(89,'Canastas',24),(90,'Cuadros y Accesorios',24),(91,'Tapetes',24),(92,'Temporada y Navide¤os',24),(93,'L mparas',24),(94,'Espejos',24),(95,'Bater¡as de Cocina',25),(96,'Botaneros',25),(97,'Botes de Basura para Cocina',25),(98,'Cristaler¡a y Acr¡licos',25),(99,'Cubiertos y Cuchillos',25),(100,'Organizadores y Utensilios',25),(101,'Purificadores de Agua',25),(102,'Recipientes',25),(103,'Vajillas',25),(104,'Tazas y Termos',25),(105,'Manteler¡a',25),(106,'Desechables',25),(107,'Calentadores',26),(108,'Humidificadores y Deshumidificadores',26),(109,'Ventiladores',26),(110,'Aires Acondicionados',26),(111,'Estanteria',27),(112,'Lavander¡a',27),(113,'Detergentes y Suavizantes',28),(114,'Todo para la Limpieza',28),(115,'Arte',29),(116,'Dise¤o',29),(117,'Blu-Ray',30),(118,'Vino Tinto',31),(119,'Vinos Blancos y Rosados',31),(120,'Champagne y Espumosos',31),(121,'90+',31),(122,'Whisky',32),(123,'Tequila y Mezcal',32),(124,'Ron',32),(125,'Cognac y Brandy',32),(126,'Vodka y Ginebra',32),(127,'Digestivos',32),(128,'Canastas para toda ocasi¢n',33),(129,'Regalos para toda ocasi¢n',33),(130,'Regalos de Temporada',33),(131,'Botanas Saladas y Palomitas',34),(132,'Nueces y Frutos Secos',34),(133,'Dulces y Chocolates',34),(134,'Galletas y Barras',34),(135,'Fiestas y Reuniones',34),(136,'Botanas Saludables',34),(137,'Aceites y Vinagres',35),(138,'Conservas y Later¡a',35),(139,'Hierbas y Especias',35),(140,'Pastas',35),(141,'Charcuter¡a',35),(142,'Salsas y Dips',35),(143,'Caf‚ Molido y en Grano',36),(144,'Caf‚ y T‚ en C psulas',36),(145,'T‚ e Infusiones',36),(146,'Cremadores y Endulzaltes',36),(147,'Jugos',36),(148,'Bebidas Alternativas a la Leche',36),(149,'Leche',36),(150,'Bebidas en Polvo',36),(151,'Agua y Bebidas Saborizadas',36),(152,'Pollo',37),(153,'Res',37),(154,'Pato',37),(155,'Cocina del Mundo',38),(156,'Despensas',39),(157,'Comida',39),(158,'Bebidas',39),(159,'Ventas Mayoreo',39),(160,'Insumos para Coffee-Break',39),(161,'Kirkland Signature',40),(162,'S£per Foods',41),(163,'Veganos',41),(164,'Cereales',41),(165,'Bajos en Az£car',41),(166,'Org nicos',41),(167,'Sin Gluten',41),(168,'Mariscos',42),(169,'Pescados',42),(170,'L cteos',43),(171,'Carnes Fr¡as',43),(172,'Quesos Finos',43),(173,'Helados y Postres',44),(174,'Frutas y Verduras',44),(175,'Comida Preparada',44),(176,'Pulseras de Diamantes',45),(177,'Pulseras de Piedras Preciosas',45),(178,'Pulseras de Piedras Semi Preciosas',45),(179,'Pulseras de Perlas',45),(180,'Pulseras de Oro',45),(181,'Aretes de Diamantes',46),(182,'Aretes de Piedras Preciosas',46),(183,'Aretes de Piedras Semi Preciosas',46),(184,'Aretes de Perlas',46),(185,'Aretes de Oro',46),(186,'Collares de Diamantes',47),(187,'Collares de Piedras Preciosas',47),(188,'Collares de Piedras Semi Preciosas',47),(189,'Collares de Perlas',47),(190,'Collares de Oro',47),(191,'Collares de Plata',47),(192,'Anillos de Diamantes',48),(193,'Anillos de Piedras Preciosas',48),(194,'Anillos de Piedras Semi Preciosas',48),(195,'Anillos de Perlas',48),(196,'Anillos de Compromiso',48),(197,'Argollas',48),(198,'Anillos de Plata',48),(199,'Accesorios para Dama',49),(200,'Accesorios para Caballero',49),(201,'Joyeros',49),(202,'Bolsas de Mano',50),(203,'Equipaje',50),(204,'Sombrillas',50),(205,'Ropa Deportiva',51),(206,'Su‚teres y Chamarras',51),(207,'Pantalones y Shorts',51),(208,'Vestidos y Faldas',51),(209,'Blusas',51),(210,'Calzado',51),(211,'Ropa Interior',51),(212,'Calcetines',51),(213,'Camisas',52),(214,'Calcetines',52),(215,'Playeras y Polos',52),(216,'Su‚teres y Chamarras',52),(217,'Ropa Interior',52),(218,'Calzado',52),(219,'Ropa Deportiva',52),(220,'Pantalones y Shorts',52),(221,'Ropa Interior',53),(222,'Ropa Deportiva',53),(223,'Su‚teres y Chamarras',53),(224,'Conjuntos',53),(225,'Calcetines',53),(226,'Calzado',53),(227,'Pantalones y Shorts',53),(228,'Biberones y Juegos de Platos',54),(229,'Esterilizadores y Calentadores',54),(230,'F¢rmulas y Alimentaci¢n',54),(231,'Pa¤ales y Toallitas',55),(232,'Accesorios para Higiene del Beb‚',55),(233,'Cuidado de la Piel',55),(234,'Colchones y Cunas',56),(235,'Blancos para Cuna',56),(236,'Art¡culos de Viaje',56),(237,'Casa',57),(238,'Monitores',57),(239,'Autoasientos',58),(240,'Sillas y Andaderas',58),(241,'Beb‚ y Preescolar',59),(242,'Arte y Manualidades',59),(243,'Sets y Bloques de Construcci¢n',59),(244,'Juguetes para Ni¤a',59),(245,'Juguetes para Ni¤o',59),(246,'Radiocontrol',59),(247,'Peluches',59),(248,'Juegos de Mesa',60),(249,'Rompecabezas',60),(250,'Mesas y Sillas para Ni¤os',61),(251,'Mesas de Actividades para Ni¤os',61),(252,'Organizador de Juguetes',61),(253,'Centros de Entretenimiento para Jard¡n',62),(254,'Casas de Juego',62),(255,'Trampolines e Inflables',62),(256,'Autos y Motocicletas',63),(257,'Triciclos y Bicicletas',63),(258,'Patines y Patinetas',63),(259,'Caminadoras',64),(260,'El¡pticas y Escaladoras',64),(261,'Bicicletas',64),(262,'Multi Gimnasios',64),(263,'Ejercitadores Musculares',64),(264,'Accesorios de Ejercicio',64),(265,'Remadoras',64),(266,'Bicicletas para Adulto',65),(267,'Bicicletas para Ni¤o',65),(268,'Triciclos y Bicicletas',65),(269,'Futbol y B squetbol',66),(270,'Golf y Tenis',66),(271,'Accesorios para Deporte al Aire Libre',66),(272,'Motociclismo',67),(273,'Scooters',67),(274,'Tablas, Lanchas y Kayaks',68),(275,'Inflables y Accesorios',68),(276,'Acu ticos',68),(277,'Tiendas de Campa¤a',69),(278,'Colchones y Bolsas de Dormir',69),(279,'Hieleras y Accesorios para Acampar',69),(280,'Binoculares',70),(281,'De Viaje',71),(282,'Parques de Diversiones',71),(283,'Deportes',71),(284,'Cine',71),(285,'De Salud y Belleza',71),(286,'Restaurantes',71),(287,'Bolsas de Mano',72),(288,'Equipaje',72),(289,'Sombrillas',72),(290,'Fragancias para Dama',73),(291,'Fragancias para Caballero',73),(292,'Sets de Fragancias',73),(293,'Cosm‚ticos',74),(294,'Cuidado para el Cabello',74),(295,'Cuidado para la Piel',74),(296,'Cuidado Facial',74),(297,'Cuidado para Mam ',74),(298,'Protectores Solares',74),(299,'Sets de Regalo',74),(300,'Accesorios de Belleza',74),(301,'Cuidado de la Salud',75),(302,'Diab‚ticos',75),(303,'Estimulaci¢n para M£sculos',75),(304,'Planificaci¢n Familiar',75),(305,'Incontinencia',75),(306,'Primeros Auxilios',75),(307,'Aromaterapia',75),(308,'B sculas',75),(309,'Control de Peso',76),(310,'Sumplementos Alimenticios',77),(311,'Calcio, Col geno y Minerales',77),(312,'Antioxidantes',77),(313,'Glucosamina y Articulaciones',77),(314,'Aceite de Pescado y Omegas',77),(315,'Naturista',77),(316,'Prote¡nas y Ganadores de Masa',77),(317,'Alivios Estomacales',78),(318,'Oft lmicos',78),(319,'Insomnio',78),(320,'Sillas de Ruedad y Andaderas',79),(321,'Protecci¢n de Ba¤os y Camas',79),(322,'Accesorios para Rehabilitaci¢n',79),(323,'Accesorios para Masaje',80),(324,'Primeros Auxilios y Equipo M‚dico',81),(325,'Auxiliares Auditivos',82),(326,'Cuidado Bucal',83),(327,'Rasuradoras y Depiladoras',83),(328,'Cuidado Öntimo',83),(329,'Para Dama',84),(330,'Para Caballero',84),(331,'Para Ni¤os',84),(332,'Unisex',84),(333,'Para Dama',85),(334,'Para Ni¤os',85),(335,'Unisex',85),(336,'Para Caballero',85),(337,'Unisex',86),(338,'Para Dama',87),(339,'Para Caballero',87),(340,'Para Ni¤os',87),(341,'Unisex',87),(342,'Bouquets de Ocasi¢n',88),(343,'Bouquets Mixtos',88),(344,'Rosas',88),(345,'Orqu¡deas',88),(346,'Salas de Patio',89),(347,'Colecciones',89),(348,'Comedores de Patio',89),(349,'Camastros y Sillas de Playa',89),(350,'Bancas, Hamacas y Columpios',89),(351,'Cojines para exterior',89),(352,'Sets de patio tio Bistro',89),(353,'Carb¢n y Gas',90),(354,'Ventiladores',91),(355,'Quioscos',92),(356,'Carpas y Toldos',92),(357,'Sombrillas de Sol',92),(358,'Cobertizos',93),(359,'Cajas de Almacenamiento',93),(360,'Herramientas de Jard¡n',94),(361,'Macetas',94),(362,'Accesorios y Decoraci¢n de Jard¡n',94),(363,'Iluminaci¢n de Exterior',95),(364,'Spa',96),(365,'Saunas',96),(366,'Alimentos y Premios',97),(367,'Transportadoras, Corrales y Casas',97),(368,'Aseo y Cuidado',97),(369,'Puertas y Camas',97),(370,'Accesorios',97),(371,'H bitats',97),(372,'Muebles de Ba¤o',98),(373,'Lavabosy Grifef¡a de Ba¤o',98),(374,'Inodoros',98),(375,'Regaderas',98),(376,'Tinas',98),(377,'Accesorios de Ba¤o',98),(378,'Grifer¡a',99),(379,'Estantes y Organizadores de Garage',100),(380,'Gabinetes',100),(381,'Operadores ed Puerta',100),(382,'Bridgestone',101),(383,'Michelin',101),(384,'BFGoodrich',101),(385,'Generadores',102),(386,'Paneles Solares',102),(387,'Pisos',103),(388,'Closets',103),(389,'Alarmas y Cerraduras',103),(390,'Calentadores de Agua',103),(391,'Pinturas e Impermeabilizantes',103),(392,'Compresores de Aire',104),(393,'Herramientas El‚ctricas',104),(394,'Herramientas Manuales',104),(395,'Mesas de Trabajo',104),(396,'Escaleras',104),(397,'Organizadores de Herramientas',104),(398,'Cajas Fuertes',105),(399,'L mparas Colgantes',106),(400,'L mparas de Techo',106),(401,'Iluminaci¢n de Exterior',106),(402,'Decoraci¢n LED',106),(403,'Ventiladores',106),(404,'Contactos y Extensiones El‚ctricas',106),(405,'Hidrolavadoras',107),(406,'Cobertores de Auto y Cumbreasientos',107),(407,'Carga y Traslado',107),(408,'Accesorios para Auto',107),(409,'Aceites para Motor',107),(410,'Impresoras y Escaners',108),(411,'Trituradoras',108),(412,'Equipos de Protecci¢n',108),(413,'Tel‚fonos y Fax',108),(414,'Calculadoras y Sumadoras',108),(415,'Encuadernaci¢n',108),(416,'Equipo de Presentaci¢n',108),(417,'Multifuncionales',108),(418,'Punto de Venta y Cajas Registradoras',108),(419,'Escritorios y Mesas',109),(420,'Muebles para Computadora',109),(421,'Sillas',109),(422,'Libreros',109),(423,'Botes de Basura para Oficina',109),(424,'Dispensadores de Agua',109),(425,'Archiveros y Organizadores',110),(426,'Cajas',110),(427,'Carpetas',110),(428,'Protectores y Separadores',110),(429,'Plumas, Lapices y Lapiceros',111),(430,'Marcadores y Correctores',111),(431,'Art¡culos Escolares',111),(432,'Art¡culos de Arte',111),(433,'Mochilas y Backpacks',111),(434,'Escritura Fina',111),(435,'Papel',112),(436,'Cuadernos, Libros y Agendas',112),(437,'Blocks de Notas y Formatos',112),(438,'Folders y Sobres',112),(439,'Etiquetas y Tarjetas',112),(440,'Engrapadoras y Grapas',113),(441,'Perforadoras y Guillotinas',113),(442,'Adhesivos',113),(443,'Clips, Tachuelas y Ligas',113),(444,'Sellos',113),(445,'Unidades de Almacenamiento',114),(446,'Teclados, Mouse y C maras',114),(447,'Routers',114),(448,'Extensiones, Reguladores y No Breaks',114),(449,'Accesorios para Oficina',114),(450,'Cartuchos',115),(451,'Cintas y T¢ners',115),(452,'Accesorios de Seguridad',116),(453,'Sistemas de Seguridad',116),(454,'Comestibles',117),(455,'Desechables',117),(456,'Vinos y Licores',118),(457,'Limpieza',118),(458,'Alimentos y Bebidas',118);
/*!40000 ALTER TABLE `subcategoria` ENABLE KEYS */;
UNLOCK TABLES;

--
-- Table structure for table `sucdepartamento`
--

DROP TABLE IF EXISTS `sucdepartamento`;
/*!40101 SET @saved_cs_client     = @@character_set_client */;
/*!40101 SET character_set_client = utf8 */;
CREATE TABLE `sucdepartamento` (
  `idSuc` int(11) NOT NULL,
  `idDepto` int(11) NOT NULL,
  PRIMARY KEY (`idSuc`,`idDepto`),
  KEY `idDepto` (`idDepto`),
  CONSTRAINT `sucdepartamento_ibfk_1` FOREIGN KEY (`idSuc`) REFERENCES `sucursal` (`idSuc`) ON DELETE CASCADE ON UPDATE CASCADE,
  CONSTRAINT `sucdepartamento_ibfk_2` FOREIGN KEY (`idDepto`) REFERENCES `departamento` (`idDepto`) ON DELETE CASCADE ON UPDATE CASCADE
) ENGINE=InnoDB DEFAULT CHARSET=utf8;
/*!40101 SET character_set_client = @saved_cs_client */;

--
-- Dumping data for table `sucdepartamento`
--

LOCK TABLES `sucdepartamento` WRITE;
/*!40000 ALTER TABLE `sucdepartamento` DISABLE KEYS */;
INSERT INTO `sucdepartamento` VALUES (1,1),(2,1),(5,1),(6,1),(8,1),(10,1),(11,1),(13,1),(14,1),(15,1),(17,1),(19,1),(21,1),(27,1),(29,1),(30,1),(31,1),(33,1),(37,1),(2,2),(3,2),(4,2),(5,2),(7,2),(9,2),(10,2),(11,2),(12,2),(13,2),(14,2),(15,2),(16,2),(17,2),(18,2),(19,2),(20,2),(21,2),(22,2),(23,2),(24,2),(25,2),(26,2),(27,2),(28,2),(31,2),(32,2),(34,2),(35,2),(36,2),(37,2),(1,3),(2,3),(4,3),(5,3),(6,3),(7,3),(8,3),(9,3),(10,3),(11,3),(12,3),(13,3),(14,3),(15,3),(16,3),(17,3),(18,3),(19,3),(20,3),(21,3),(22,3),(24,3),(27,3),(28,3),(29,3),(30,3),(31,3),(33,3),(34,3),(35,3),(37,3),(1,4),(2,4),(3,4),(4,4),(5,4),(6,4),(7,4),(8,4),(9,4),(10,4),(11,4),(12,4),(13,4),(14,4),(15,4),(16,4),(17,4),(18,4),(19,4),(20,4),(21,4),(22,4),(23,4),(24,4),(25,4),(26,4),(27,4),(28,4),(29,4),(31,4),(32,4),(33,4),(35,4),(36,4),(37,4),(38,4),(1,5),(2,5),(3,5),(4,5),(5,5),(6,5),(7,5),(8,5),(9,5),(10,5),(12,5),(13,5),(14,5),(16,5),(17,5),(19,5),(20,5),(21,5),(22,5),(23,5),(24,5),(25,5),(26,5),(27,5),(29,5),(30,5),(31,5),(32,5),(33,5),(34,5),(35,5),(36,5),(37,5),(1,6),(2,6),(3,6),(4,6),(5,6),(6,6),(7,6),(8,6),(9,6),(10,6),(11,6),(12,6),(13,6),(15,6),(16,6),(17,6),(18,6),(19,6),(20,6),(21,6),(22,6),(23,6),(24,6),(26,6),(27,6),(28,6),(29,6),(30,6),(31,6),(33,6),(36,6),(37,6),(38,6),(1,7),(2,7),(3,7),(4,7),(5,7),(6,7),(8,7),(9,7),(11,7),(12,7),(13,7),(16,7),(17,7),(18,7),(19,7),(20,7),(21,7),(22,7),(23,7),(24,7),(25,7),(27,7),(28,7),(30,7),(31,7),(32,7),(34,7),(35,7),(36,7),(37,7),(38,7),(2,8),(3,8),(4,8),(6,8),(7,8),(8,8),(9,8),(10,8),(12,8),(15,8),(16,8),(18,8),(19,8),(20,8),(21,8),(22,8),(23,8),(24,8),(25,8),(27,8),(28,8),(29,8),(30,8),(31,8),(32,8),(33,8),(34,8),(35,8),(36,8),(1,9),(2,9),(4,9),(5,9),(6,9),(7,9),(8,9),(9,9),(10,9),(11,9),(12,9),(13,9),(14,9),(15,9),(16,9),(17,9),(18,9),(19,9),(20,9),(21,9),(22,9),(23,9),(24,9),(25,9),(26,9),(27,9),(28,9),(29,9),(30,9),(31,9),(32,9),(33,9),(34,9),(35,9),(36,9),(37,9),(38,9),(1,10),(2,10),(3,10),(4,10),(5,10),(6,10),(7,10),(8,10),(9,10),(10,10),(11,10),(12,10),(13,10),(14,10),(15,10),(17,10),(19,10),(20,10),(21,10),(22,10),(23,10),(24,10),(25,10),(26,10),(27,10),(28,10),(29,10),(30,10),(32,10),(33,10),(34,10),(35,10),(36,10),(37,10),(38,10),(2,11),(3,11),(4,11),(5,11),(6,11),(7,11),(9,11),(10,11),(11,11),(13,11),(14,11),(15,11),(16,11),(17,11),(18,11),(19,11),(20,11),(21,11),(22,11),(23,11),(24,11),(26,11),(27,11),(28,11),(30,11),(31,11),(32,11),(34,11),(35,11),(36,11),(37,11),(38,11),(2,12),(3,12),(4,12),(5,12),(6,12),(8,12),(12,12),(13,12),(14,12),(15,12),(16,12),(17,12),(18,12),(19,12),(20,12),(23,12),(24,12),(25,12),(27,12),(28,12),(29,12),(30,12),(31,12),(32,12),(33,12),(34,12),(35,12),(36,12),(37,12),(38,12),(1,13),(2,13),(3,13),(5,13),(7,13),(8,13),(13,13),(14,13),(15,13),(16,13),(17,13),(18,13),(20,13),(22,13),(24,13),(25,13),(26,13),(27,13),(28,13),(30,13),(31,13),(34,13),(35,13),(37,13);
/*!40000 ALTER TABLE `sucdepartamento` ENABLE KEYS */;
UNLOCK TABLES;

--
-- Table structure for table `sucservicio`
--

DROP TABLE IF EXISTS `sucservicio`;
/*!40101 SET @saved_cs_client     = @@character_set_client */;
/*!40101 SET character_set_client = utf8 */;
CREATE TABLE `sucservicio` (
  `idSuc` int(11) NOT NULL,
  `idServicio` int(11) NOT NULL,
  PRIMARY KEY (`idSuc`,`idServicio`),
  KEY `idServicio` (`idServicio`),
  CONSTRAINT `sucservicio_ibfk_1` FOREIGN KEY (`idSuc`) REFERENCES `sucursal` (`idSuc`) ON DELETE CASCADE ON UPDATE CASCADE,
  CONSTRAINT `sucservicio_ibfk_2` FOREIGN KEY (`idServicio`) REFERENCES `servicio` (`idServicio`) ON DELETE CASCADE ON UPDATE CASCADE
) ENGINE=InnoDB DEFAULT CHARSET=latin1;
/*!40101 SET character_set_client = @saved_cs_client */;

--
-- Dumping data for table `sucservicio`
--

LOCK TABLES `sucservicio` WRITE;
/*!40000 ALTER TABLE `sucservicio` DISABLE KEYS */;
INSERT INTO `sucservicio` VALUES (1,1),(2,1),(3,1),(4,1),(5,1),(6,1),(9,1),(10,1),(11,1),(12,1),(13,1),(14,1),(15,1),(16,1),(17,1),(18,1),(19,1),(20,1),(21,1),(22,1),(23,1),(24,1),(25,1),(26,1),(27,1),(28,1),(29,1),(30,1),(31,1),(32,1),(33,1),(34,1),(35,1),(36,1),(37,1),(38,1),(1,2),(2,2),(3,2),(4,2),(5,2),(6,2),(9,2),(10,2),(11,2),(12,2),(13,2),(14,2),(15,2),(16,2),(17,2),(18,2),(19,2),(20,2),(21,2),(22,2),(23,2),(24,2),(25,2),(26,2),(27,2),(28,2),(29,2),(30,2),(31,2),(32,2),(33,2),(34,2),(35,2),(36,2),(37,2),(38,2),(1,4),(2,4),(3,4),(4,4),(5,4),(6,4),(8,4),(9,4),(10,4),(11,4),(12,4),(13,4),(14,4),(15,4),(16,4),(17,4),(18,4),(19,4),(20,4),(21,4),(22,4),(23,4),(24,4),(25,4),(26,4),(27,4),(28,4),(29,4),(30,4),(31,4),(32,4),(34,4),(35,4),(36,4),(37,4),(38,4),(2,5),(3,5),(4,5),(8,5),(9,5),(10,5),(11,5),(13,5),(14,5),(15,5),(16,5),(17,5),(18,5),(19,5),(21,5),(22,5),(24,5),(25,5),(26,5),(27,5),(28,5),(30,5),(31,5),(32,5),(33,5),(36,5),(37,5),(38,5),(1,6),(2,6),(3,6),(4,6),(5,6),(6,6),(8,6),(9,6),(10,6),(11,6),(13,6),(14,6),(15,6),(16,6),(17,6),(18,6),(19,6),(20,6),(21,6),(22,6),(23,6),(24,6),(25,6),(26,6),(27,6),(28,6),(29,6),(30,6),(31,6),(32,6),(33,6),(34,6),(35,6),(36,6),(37,6),(38,6),(1,7),(2,7),(3,7),(4,7),(5,7),(6,7),(8,7),(9,7),(10,7),(11,7),(12,7),(13,7),(14,7),(15,7),(16,7),(17,7),(18,7),(19,7),(20,7),(21,7),(22,7),(23,7),(24,7),(25,7),(26,7),(27,7),(28,7),(29,7),(30,7),(31,7),(32,7),(33,7),(34,7),(35,7),(36,7),(37,7),(38,7),(1,8),(2,8),(3,8),(4,8),(5,8),(6,8),(8,8),(9,8),(10,8),(11,8),(12,8),(13,8),(14,8),(15,8),(16,8),(17,8),(18,8),(19,8),(20,8),(21,8),(22,8),(23,8),(24,8),(25,8),(26,8),(27,8),(28,8),(29,8),(30,8),(31,8),(32,8),(33,8),(34,8),(35,8),(36,8),(37,8),(38,8),(1,9),(2,9),(3,9),(4,9),(5,9),(6,9),(8,9),(9,9),(10,9),(11,9),(12,9),(13,9),(14,9),(15,9),(16,9),(17,9),(18,9),(19,9),(20,9),(21,9),(22,9),(23,9),(24,9),(25,9),(26,9),(27,9),(28,9),(29,9),(30,9),(31,9),(32,9),(33,9),(34,9),(35,9),(36,9),(37,9),(38,9),(1,10),(2,10),(3,10),(4,10),(5,10),(6,10),(8,10),(9,10),(10,10),(11,10),(12,10),(13,10),(14,10),(15,10),(16,10),(17,10),(18,10),(19,10),(20,10),(21,10),(22,10),(23,10),(24,10),(25,10),(26,10),(27,10),(28,10),(29,10),(30,10),(31,10),(32,10),(33,10),(34,10),(35,10),(36,10),(37,10),(38,10),(1,11),(2,11),(3,11),(4,11),(5,11),(6,11),(8,11),(9,11),(10,11),(11,11),(12,11),(13,11),(14,11),(15,11),(16,11),(17,11),(18,11),(19,11),(20,11),(21,11),(22,11),(23,11),(24,11),(25,11),(26,11),(27,11),(28,11),(29,11),(30,11),(31,11),(32,11),(33,11),(34,11),(35,11),(36,11),(37,11),(38,11),(1,12),(2,12),(3,12),(4,12),(5,12),(6,12),(8,12),(9,12),(10,12),(11,12),(12,12),(13,12),(14,12),(15,12),(16,12),(17,12),(18,12),(19,12),(20,12),(21,12),(22,12),(23,12),(24,12),(25,12),(26,12),(27,12),(28,12),(29,12),(30,12),(31,12),(32,12),(33,12),(34,12),(35,12),(36,12),(37,12),(38,12);
/*!40000 ALTER TABLE `sucservicio` ENABLE KEYS */;
UNLOCK TABLES;

--
-- Table structure for table `sucursal`
--

DROP TABLE IF EXISTS `sucursal`;
/*!40101 SET @saved_cs_client     = @@character_set_client */;
/*!40101 SET character_set_client = utf8 */;
CREATE TABLE `sucursal` (
  `idSuc` int(11) NOT NULL,
  `nombre` varchar(40) DEFAULT NULL,
  `direccion` varchar(150) DEFAULT NULL,
  `email` varchar(40) DEFAULT NULL,
  `idEdo` int(11) DEFAULT NULL,
  PRIMARY KEY (`idSuc`),
  KEY `idEdo` (`idEdo`),
  CONSTRAINT `sucursal_ibfk_1` FOREIGN KEY (`idEdo`) REFERENCES `estado` (`idEdo`) ON DELETE CASCADE ON UPDATE CASCADE
) ENGINE=InnoDB DEFAULT CHARSET=latin1;
/*!40101 SET character_set_client = @saved_cs_client */;

--
-- Dumping data for table `sucursal`
--

LOCK TABLES `sucursal` WRITE;
/*!40000 ALTER TABLE `sucursal` DISABLE KEYS */;
INSERT INTO `sucursal` VALUES (1,'AGUASCALIENTES','BLVD. AGS. C. NTE #802 LAS TROJES 20864 AGUASCALIENTES, AGS.','bus708@costco.com.mx',1),(2,'ARBOLEDAS','AV. SAN NICOLAS #10 PARQUE INDUSTRIAL SAN NICOLµS 54030 TLANEPANTLA, EDO. MEX.','bus726@costco.com.mx',15),(3,'ATIZAPµN','Av. Ruiz Cortines No. 1, Manzana III, Lote III Col. Lomas de Atizap n 2da Secci¢n 52977 ESTADO DE MEXICO','bus5311@costco.com.mx',15),(4,'CANCéN','SUPERMNZ #21 MNZ 4 LTE 2 BENITO JUAREZ 77500 CANCéN, QUINTANA ROO','bus712@costco.com.mx',23),(5,'CD. JUµREZ','RANCHO AGUA CALIENTE #6911 PRADERA DORADA 32610 CD. JUµREZ, CHIHUAHUA','bus755@costco.com.mx',6),(6,'CELAYA','AV. TECNOLàGICO Nø 651 CIUDAD INDUSTRIAL (CENTRO) 38000 CELAYA, GUANAJUATO','bus723@costco.com.mx',11),(7,'CENTRO DE DISTRIBUCIàN','AV. CENTRAL # 3 PARQUE INDUSTRIAL TEPEJI 42890 TEPEJI DEL RIO OCAMPO, HGO.','bus795@costco.com.mx',13),(8,'CHIHUAHUA','AV DE LA JUVENTUD (LUIS DONALDO COLOSIO M) #7513 FRACC PREDIO LA CNATERA 31115 CHIHUAHUA','bus756@costco.com.mx',6),(9,'COAPA','C. PUENTE #186 AMSA 14380 TLALPAN','bus702@costco.com.mx',7),(10,'CUERNAVACA','AV. VICENTE GUERRERO #205 LOMAS DE LA SELVA 62270 CUERNAVACA, MOR.','bus713@costco.com.mx',17),(11,'CULIACµN','BLVD. PEDRO INFANTE #2152 DESARROLLO URBANO TRES RÖOS 80020 CULIACµN, SINALOA','bus729@costco.com.mx',25),(12,'ENSENADA','CTA TRANSPENINSULAR ENSENADA - LA PAZ #4179 CARLOS PACHECO 22832 ENSENADA, B. CALIF. NORTE','bus754@costco.com.mx',2),(13,'GUADALAJARA LàPEZ MATEOS','BLVD. ADOLFO LàPEZ MATEOS FRACC. NUEVA GALICIA 45645 TLAJOMULCO DE ZU¥IGA, JALISCO','bus730@costco.com.mx',14),(14,'GUADALAJARA VALLARTA','AV. VALLARTA #4775 FRACC. CAMICHINES VALLARTA 45020 GUADALAJARA, JALISCO','bus703@costco.com.mx',14),(15,'HERMOSILLO','AV. LUIS DONALDO C. # 416 VILLA SATLITE 83200 HERMOSILLO, SONORA','bus751@costco.com.mx',26),(16,'INTERLOMAS','AV. MAGNOCENTRO #4 SAN FERNANDO LA HERRADURA 52765 HUIXQUILUCAN, EDO DE MEX','bus718@costco.com.mx',15),(17,'LEàN CAMPESTRE','BLVD. EUGENIO GARZA SADA NO. 102 FRACCIONAMIENTO LOMAS DEL CAMPESTRE 37150 LEàN, GUANAJUATO','bus725@costco.com.mx',11),(18,'LEàN TORRES LANDA','BLVD.JUAN TORRES LANDA 4137 JARDINES DEL JEREZ 37229 LEàN, GUANAJUATO','bus705@costco.com.mx',11),(19,'LOS CABOS','CARR. SAN JOS DEL CABO #1659 EL TEZAL LOS CABOS 23410 LOS CABOS, B.C.','bus724@costco.com.mx',3),(20,'MEXICALI','C.SAN LUIS RIO COL, KM 7.5 EX EJIDO DE COAHUILA 21397 MEXICALI, BAJA CAL.','bus750@costco.com.mx',2),(21,'MIXCOAC','BLVD. A.LàPEZ MATEOS # 1181 SAN PEDRO DE LOS PINOS 1180 ALVARO OBREGàN','bus707@costco.com.mx',7),(22,'MONTERREY CARRETERA NACIONAL','CARRETERA NACIONAL KILOMETRO 268+ 500 # 5001 BOSQUES DE VALLE ALTO 64989 MONTERREY. N. L.','bus722@costco.com.mx',19),(23,'MONTERREY CUMBRES','ALEJANDRO DE RODAS #6767 CUMBRES 64340 MONTERREY, N. L.','bus717@costco.com.mx',19),(24,'MONTERREY VALLE','LAZARO CARDENAS #800 DEL VALLE 66269 MONTERREY, NL','bus715@costco.com.mx',19),(25,'MORELIA','PERIFRICO INDEPENDENCIA #1000 SOR JUANA INES DE LA CRUZ 58089 MORELIA, MICHOµCAN','bus710@costco.com.mx',16),(26,'MRIDA','CALLE 3-B #243 COL. REVOLUCIàN, 97110 MRIDA, YUCATAN','bus733@costco.com.mx',31),(27,'POLANCO','BLVD. MIGUEL DE C.SAAVEDRA #397 IRRIGACIàN 11500 MIGUEL HIDALGO','bus720@costco.com.mx',7),(28,'PUEBLA','BLVD. DEL NI¥O POBLANO #2904 U.TERRITORIAL ATLIXCAYOTL 72197 PUEBLA, PUEBLA','bus714@costco.com.mx',21),(29,'PUERTO VALLARTA','AV. FLUVIAL VALLARTA #134 FRACC. FLUVIAL VALLARTA 48310 PUERTO VALLARTA, JAL.','bus721@costco.com.mx',14),(30,'QUERTARO','BLVD.B.QUINTANA A.# 4107 PLAZA DEL PARQUE 76169 QRO, QRO.','bus704@costco.com.mx',22),(31,'SALTILLO','BLVD. VENUSTIANO CARRANZA #6125 RANCHO DE PE¥A 25210 SALTILLO, COAHUILA.','bus734@costco.com.mx',8),(32,'SAN LUIS POTOSÖ','AV.CHAPULTEPEC #200 FRACC. COLINAS DEL PARQUE 78260 SAN LUIS POTOSÖ, S.L.P.','bus716@costco.com.mx',24),(33,'SATLITE','CTO. CTRO.COMERCIAL #2001 CD. SATLITE 53100 NAUCALPAN,EDO. DE MEX.','bus701@costco.com.mx',15),(34,'TIJUANA LA MESA','LAS ROCAS #8351 LOS ARENALES 22548 TIJUANA, BAJA CALIFORNIA','bus752@costco.com.mx',2),(35,'TIJUANA RIO','BLVD. RODOLFO SµNCHEZ TABOADA #8943 ZONA URBANA RIO 22010 TIJUANA, BAJA CALIFORNIA','bus753@costco.com.mx',2),(36,'TOLUCA','AV. S.S. JUAN PABLO II #501 BARRIO SAN MATEO 52140 TOLUCA, EDO MEX','bus709@costco.com.mx',15),(37,'VERACRUZ','BLVD. ADOLFO RUIZ CORTINEZ #1228 FRACC. SUTSEM 94294 BOCA DEL RÖO, VERACRUZ.','bus732@costco.com.mx',30),(38,'XALAPA','KM 1.8 CARR.XALAPA-VER #366 FRACC. LAS ANIMAS 91190 VERACRUZ, XALAPA','bus719@costco.com.mx',30);
/*!40000 ALTER TABLE `sucursal` ENABLE KEYS */;
UNLOCK TABLES;

--
-- Table structure for table `telsuc`
--

DROP TABLE IF EXISTS `telsuc`;
/*!40101 SET @saved_cs_client     = @@character_set_client */;
/*!40101 SET character_set_client = utf8 */;
CREATE TABLE `telsuc` (
  `idSuc` int(11) NOT NULL,
  `tel` varchar(30) NOT NULL DEFAULT '',
  PRIMARY KEY (`idSuc`,`tel`),
  CONSTRAINT `telsuc_ibfk_1` FOREIGN KEY (`idSuc`) REFERENCES `sucursal` (`idSuc`) ON DELETE CASCADE ON UPDATE CASCADE
) ENGINE=InnoDB DEFAULT CHARSET=latin1;
/*!40101 SET character_set_client = @saved_cs_client */;

--
-- Dumping data for table `telsuc`
--

LOCK TABLES `telsuc` WRITE;
/*!40000 ALTER TABLE `telsuc` DISABLE KEYS */;
INSERT INTO `telsuc` VALUES (1,'01 449 500 3200'),(1,'01 449 910 9760'),(2,'01 55 5321 3280'),(2,'01 55 5321 3285'),(3,'55 23450140'),(3,'55 47800600'),(4,'01 998 881 0250'),(4,'01 998 881 0265 al 69'),(5,'01 656 147 1100'),(5,'01 656 227 6804'),(6,'01 461 192 1300'),(6,'01 461 192 1308'),(7,'01 773 732 9400'),(8,'01 614 380 2300'),(8,'01 614 432 6914'),(8,'01 614 432 6915'),(9,'01 55 5483 9080'),(9,'01 55 5483 9095'),(9,'01 55 5671 7438'),(10,'01 777 101 0510'),(10,'01 777 364 5662'),(11,'66 77585556'),(11,'66 78003100'),(12,'01 646 172 3810'),(12,'01 646 172 3811'),(13,'01 333 283 3330'),(13,'01 333 612 7566'),(14,'01 333 165 1378'),(14,'01 333 777 4040'),(15,'01 662 236 0620'),(15,'01 662 500 2700'),(16,'01 55 5290 6399'),(16,'01 55 5950 0400'),(17,'01 477 152 6200'),(17,'01 477 152 6225'),(18,'01 477 152 5800'),(18,'01 477 788 1307'),(19,'01 624 104 3920'),(19,'01 624 104 3921'),(19,'01 624 146 7180'),(20,'01 686 500 3400'),(20,'01 686 580 4535'),(20,'01 686 580 4536'),(21,'01 55 5276 8160'),(21,'01 55 5516 3027'),(22,'01 81 4739 1500'),(22,'01 81 8121 0077'),(22,'01 81 8121 0078'),(23,'01 81 8121 0070'),(23,'01 81 8121 0077'),(23,'01 81 8121 0078'),(24,'01 81 4739 1900'),(24,'01 81 8133 9800'),(25,'01 443 322 3000'),(25,'01 443 322 3025'),(26,'01 999 942 4650'),(26,'01 999 944 9806'),(26,'01 999 944 9808'),(27,'01 55 2122 0260'),(27,'01 55 8647 9900'),(28,'01 222 273 5300'),(28,'01 800 202 0231'),(29,'01 322 226 2580'),(30,'01 442 211 6700'),(30,'01 442 211 6708'),(30,'01 442 211 6709'),(31,'01 844 438 0950'),(32,'01 444 833 5417'),(32,'01 444 834 1600'),(33,'01 55 5374 9940'),(33,'01 55 5374 9952'),(33,'01 55 5393 7203'),(34,'01 664-622 6500'),(34,'01 664-622 6504'),(34,'01 664-622 6506'),(35,'01 664 200 2483'),(35,'01 664 633 3555'),(36,'01 722 275 7020'),(36,'01 722 275 7026'),(37,'01 229 272 3900'),(38,'01 228 841 6300'),(38,'01 228 841 6311 y 12');
/*!40000 ALTER TABLE `telsuc` ENABLE KEYS */;
UNLOCK TABLES;

--
-- Table structure for table `tipomembresia`
--

DROP TABLE IF EXISTS `tipomembresia`;
/*!40101 SET @saved_cs_client     = @@character_set_client */;
/*!40101 SET character_set_client = utf8 */;
CREATE TABLE `tipomembresia` (
  `idTipoMem` int(11) NOT NULL,
  `nombre` varchar(12) DEFAULT NULL,
  PRIMARY KEY (`idTipoMem`)
) ENGINE=InnoDB DEFAULT CHARSET=latin1;
/*!40101 SET character_set_client = @saved_cs_client */;

--
-- Dumping data for table `tipomembresia`
--

LOCK TABLES `tipomembresia` WRITE;
/*!40000 ALTER TABLE `tipomembresia` DISABLE KEYS */;
INSERT INTO `tipomembresia` VALUES (1,'Ejecutiva'),(2,'De negocio'),(3,'Dorada');
/*!40000 ALTER TABLE `tipomembresia` ENABLE KEYS */;
UNLOCK TABLES;
/*!40103 SET TIME_ZONE=@OLD_TIME_ZONE */;

/*!40101 SET SQL_MODE=@OLD_SQL_MODE */;
/*!40014 SET FOREIGN_KEY_CHECKS=@OLD_FOREIGN_KEY_CHECKS */;
/*!40014 SET UNIQUE_CHECKS=@OLD_UNIQUE_CHECKS */;
/*!40101 SET CHARACTER_SET_CLIENT=@OLD_CHARACTER_SET_CLIENT */;
/*!40101 SET CHARACTER_SET_RESULTS=@OLD_CHARACTER_SET_RESULTS */;
/*!40101 SET COLLATION_CONNECTION=@OLD_COLLATION_CONNECTION */;
/*!40111 SET SQL_NOTES=@OLD_SQL_NOTES */;

-- Dump completed on 2019-02-18 15:59:45
