-- MySQL dump 10.13  Distrib 5.1.55, for Win32 (ia32)
--
-- Host: localhost    Database: escuela
-- ------------------------------------------------------
-- Server version	5.1.55-community

/*!40101 SET @OLD_CHARACTER_SET_CLIENT=@@CHARACTER_SET_CLIENT */;
/*!40101 SET @OLD_CHARACTER_SET_RESULTS=@@CHARACTER_SET_RESULTS */;
/*!40101 SET @OLD_COLLATION_CONNECTION=@@COLLATION_CONNECTION */;
/*!40101 SET NAMES utf8 */;
/*!40103 SET @OLD_TIME_ZONE=@@TIME_ZONE */;
/*!40103 SET TIME_ZONE='+00:00' */;
/*!40014 SET @OLD_UNIQUE_CHECKS=@@UNIQUE_CHECKS, UNIQUE_CHECKS=0 */;
/*!40014 SET @OLD_FOREIGN_KEY_CHECKS=@@FOREIGN_KEY_CHECKS, FOREIGN_KEY_CHECKS=0 */;
/*!40101 SET @OLD_SQL_MODE=@@SQL_MODE, SQL_MODE='NO_AUTO_VALUE_ON_ZERO' */;
/*!40111 SET @OLD_SQL_NOTES=@@SQL_NOTES, SQL_NOTES=0 */;

--
-- Table structure for table `alumno`
--

DROP TABLE IF EXISTS `alumno`;
/*!40101 SET @saved_cs_client     = @@character_set_client */;
/*!40101 SET character_set_client = utf8 */;
CREATE TABLE `alumno` (
  `boleta` int(11) NOT NULL,
  `Nombre` varchar(50) NOT NULL,
  `ApPaterno` varchar(50) NOT NULL,
  `ApMaterno` varchar(50) NOT NULL,
  `email` varchar(50) NOT NULL,
  `password` varchar(50) NOT NULL,
  `Login_idLogin` int(11) NOT NULL,
  PRIMARY KEY (`boleta`,`Login_idLogin`),
  UNIQUE KEY `e-mail` (`email`),
  KEY `fk_alumno_Login1_idx` (`Login_idLogin`),
  CONSTRAINT `fk_alumno_Login1` FOREIGN KEY (`Login_idLogin`) REFERENCES `login` (`idLogin`) ON DELETE CASCADE ON UPDATE CASCADE
) ENGINE=InnoDB DEFAULT CHARSET=latin1;
/*!40101 SET character_set_client = @saved_cs_client */;

--
-- Dumping data for table `alumno`
--

LOCK TABLES `alumno` WRITE;
/*!40000 ALTER TABLE `alumno` DISABLE KEYS */;
INSERT INTO `alumno` VALUES (2013631010,'Sabrina','Perez','Araiza','Sabrina17222@gmail.com','cfvlq',173),(2013631052,'Julieta','Ruiz','Miroslava','Julieta16526@gmail.com','rpmax',166),(2013631133,'Angel','Varela','Sanchez','Angel7414@gmail.com','lhphf',75),(2013631139,'Gladys','Contreras','Loyola','Gladys3829@gmail.com','ojhfd',39),(2013631226,'Angel','Obregon','Loyola','Angel15714@gmail.com','lkqnd',158),(2013631372,'Jose','Molina','Bodet','Jose813@gmail.com','rgnbb',9),(2013631439,'Angel','Ruiz','Mesa','Angel2714@gmail.com','ffddv',28),(2013631444,'David','Vazques','Contreras','David1824@gmail.com','daqbx',183),(2013631458,'Alberto','Molina','Contreras','Alberto228@gmail.com','arteo',23),(2013631497,'Bryan','Oroszco','Ayala','Bryan5017@gmail.com','igulv',51),(2013631538,'Hugo','Lopez','Mesa','Hugo6716@gmail.com','eernj',68),(2013631540,'Miguel','Perez','Gumez','Miguel1011@gmail.com','qfipj',11),(2013631576,'Ruben','Ruiz','Ayala','Ruben75@gmail.com','jwxki',8),(2013631642,'Raymundo','Oroszco','Ayala','Raymundo557@gmail.com','skujh',56),(2013631735,'Julieta','Carranza','Montes','Julieta18326@gmail.com','cxyig',184),(2013631753,'Erik','Robles','Ayala','Erik499@gmail.com','bsdsx',50),(2013631759,'Ruben','Oroszco','Ayala','Ruben735@gmail.com','qqjeg',74),(2013631771,'Raul','Mota','Esparza','Raul1312@gmail.com','aapuj',132),(2013631855,'Erik','Ayala','Ayala','Erik1459@gmail.com','durif',146),(2013631883,'Julieta','Rojero','Araiza','Julieta18426@gmail.com','uryrq',185),(2013631901,'Bryan','Oroszco','Mesa','Bryan16217@gmail.com','skwlo',163),(2013631931,'Itzel','Contreras','Loyola','Itzel15527@gmail.com','bohbd',156),(2013631936,'Gladys','Lopez','Bodet','Gladys2529@gmail.com','srtfu',26),(2013631937,'Sabrina','Mota','Esparza','Sabrina19222@gmail.com','sbffe',193),(2013631938,'Andres','Robles','Ayala','Andres11415@gmail.com','fvcen',115),(2013631950,'Erik','Rojero','Miroslava','Erik879@gmail.com','ngilj',88),(2013632088,'Itzel','Ruiz','Montes','Itzel3927@gmail.com','rcrwf',40),(2013632096,'Pedro','Ayala','Marquez','Pedro8318@gmail.com','ijhjm',84),(2013632141,'Alexis','Mota','Contreras','Alexis5410@gmail.com','djadv',55),(2013632263,'Andrea','Obregon','Centeno','Andrea10421@gmail.com','wxkrd',105),(2013632274,'Erik','Varela','Miroslava','Erik689@gmail.com','nrurn',69),(2013632311,'Ruben','Ruiz','Ayala','Ruben1035@gmail.com','ijmrv',104),(2013632352,'Josue','Carranza','Araiza','Josue1073@gmail.com','abgyp',108),(2013632377,'Raymundo','Ayala','Ayala','Raymundo337@gmail.com','dkljs',34),(2013632418,'Raymundo','Armenta','Sanchez','Raymundo917@gmail.com','nhxuu',92),(2013632447,'Alexis','Varela','Esparza','Alexis2610@gmail.com','lwcfg',27),(2013632456,'Luis','Perez','Centeno','Luis1406@gmail.com','xkseu',141),(2013632460,'Ruben','Mota','Araiza','Ruben1645@gmail.com','gnovs',165),(2013632470,'David','Molina','Miroslava','David1594@gmail.com','pghrq',160),(2013632471,'Alexis','Carranza','Centeno','Alexis18110@gmail.com','gbtlp',182),(2013632488,'Luis','Perez','Esparza','Luis466@gmail.com','bkowf',47),(2013632530,'Andrea','Varela','Mesa','Andrea6321@gmail.com','khfsm',64),(2013632532,'Hugo','Obregon','Loyola','Hugo7016@gmail.com','xoujf',71),(2013632622,'Cintia','Vazques','Ayala','Cintia9524@gmail.com','wghen',96),(2013632641,'Gladys','Molina','Torrez','Gladys13429@gmail.com','opgmw',135),(2013632664,'Andrea','Rojero','Montes','Andrea12121@gmail.com','tplcs',122),(2013632752,'Bryan','Robles','Mesa','Bryan15017@gmail.com','jcvvf',151),(2013632792,'Jose','Perez','Loyola','Jose6613@gmail.com','beeqo',67),(2013632847,'Mauricio','Contreras','Centeno','Mauricio1530@gmail.com','eaipm',154),(2013632893,'Bryan','Ayala','Araiza','Bryan7617@gmail.com','ksyeq',77),(2013632941,'Norma','Contreras','Esparza','Norma4428@gmail.com','cdnti',45),(2013633094,'Alberto','Rojero','Miroslava','Alberto1878@gmail.com','sutgj',188),(2013633097,'Jhonatan','Carranza','Miroslava','Jhonatan12012@gmail.com','ieqtm',121),(2013633154,'Maria','Obregon','Centeno','Maria1520@gmail.com','gridl',16),(2013633226,'Hugo','Obregon','Araiza','Hugo10016@gmail.com','rbskb',101),(2013633239,'Andres','Ayala','Ayala','Andres8015@gmail.com','lnvmy',81),(2013633317,'Cintia','Lopez','Miroslava','Cintia4124@gmail.com','umhjg',42),(2013633318,'Julion','Varela','Araiza','Julion5819@gmail.com','tbyrx',59),(2013633365,'Ruben','Obregon','Torrez','Ruben1245@gmail.com','kpxxg',125),(2013633418,'Alberto','Carranza','Gumez','Alberto1898@gmail.com','apcjc',190),(2013633480,'Norma','Molina','Mesa','Norma11228@gmail.com','ehvgi',113),(2013633541,'Miguel','Molina','Araiza','Miguel10611@gmail.com','dsisw',107),(2013633610,'Erik','Lopez','Esparza','Erik949@gmail.com','xdpaw',95),(2013633635,'Karla','Obregon','Sanchez','Karla2025@gmail.com','taoso',21),(2013633661,'Jhonatan','Ruiz','Mesa','Jhonatan17012@gmail.com','pflcp',171),(2013633676,'Hugo','Obregon','Contreras','Hugo8516@gmail.com','hbici',86),(2013633698,'Sabrina','Mota','Miroslava','Sabrina9022@gmail.com','lvhxv',91),(2013633737,'Mauricio','Ayala','Esparza','Mauricio1090@gmail.com','ijecr',110),(2013633813,'Karla','Perez','Bodet','Karla14425@gmail.com','magjf',145),(2013633826,'Mauricio','Contreras','Mesa','Mauricio770@gmail.com','yfypt',78),(2013633846,'Alexis','Ayala','Bodet','Alexis17710@gmail.com','ofgts',178),(2013633872,'Jhonatan','Ayala','Bodet','Jhonatan3012@gmail.com','bvbxr',31),(2013633926,'Sabrina','Mota','Esparza','Sabrina2422@gmail.com','nnaxv',25),(2013633985,'Miguel','Contreras','Montes','Miguel12211@gmail.com','chbmc',123),(2013634016,'Gladys','Armenta','Mesa','Gladys16629@gmail.com','ycfbh',167),(2013634031,'Alberto','Rojero','Miroslava','Alberto898@gmail.com','niuss',90),(2013634058,'Jose','Ayala','Ayala','Jose8113@gmail.com','vevjq',82),(2013634080,'Itzel','Contreras','Torrez','Itzel1127@gmail.com','obkrk',12),(2013634082,'Alberto','Lopez','Esparza','Alberto1168@gmail.com','hwxbr',117),(2013634139,'Hugo','Robles','Marquez','Hugo6216@gmail.com','nhlrx',63),(2013634147,'Sabrina','Ruiz','Montes','Sabrina16322@gmail.com','gewcx',164),(2013634319,'Gladys','Molina','Bodet','Gladys13829@gmail.com','vehyx',139),(2013634319,'Julion','Ayala','Torrez','Julion17419@gmail.com','rufkr',175),(2013634348,'Alexis','Varela','Esparza','Alexis12310@gmail.com','kddvc',124),(2013634349,'Andres','Ruiz','Miroslava','Andres4315@gmail.com','ubbtw',44),(2013634375,'Ruben','Carranza','Suarez','Ruben15@gmail.com','oddsw',2),(2013634432,'Luis','Armenta','Contreras','Luis1176@gmail.com','elioa',118),(2013634461,'Andres','Ayala','Montes','Andres15415@gmail.com','mlsew',155),(2013634532,'Norma','Oroszco','Mesa','Norma14328@gmail.com','ggeqh',144),(2013634579,'Angel','Molina','Araiza','Angel11814@gmail.com','seywh',119),(2013634581,'Miguel','Robles','Mesa','Miguel3611@gmail.com','kufvm',37),(2013634597,'Andres','Obregon','Loyola','Andres11915@gmail.com','vpojr',120),(2013634638,'Julion','Oroszco','Loyola','Julion15819@gmail.com','eyqcw',159),(2013634639,'Mariana','Rojero','Torrez','Mariana8623@gmail.com','sqnxb',87),(2013634662,'Raymundo','Armenta','Ayala','Raymundo1967@gmail.com','uhnkn',197),(2013634675,'Hugo','Oroszco','Centeno','Hugo616@gmail.com','fymqg',7),(2013634684,'Rodolfo','Vazques','Centeno','Rodolfo121@gmail.com','lssxq',13),(2013634720,'Maria','Contreras','Bodet','Maria4220@gmail.com','cbpbn',43),(2013634860,'Pedro','Mota','Marquez','Pedro19818@gmail.com','widib',199),(2013634915,'Mauricio','Contreras','Loyola','Mauricio1850@gmail.com','uhrcu',186),(2013634962,'Alexis','Rojero','Marquez','Alexis3510@gmail.com','dxtti',36),(2013635099,'Andrea','Molina','Loyola','Andrea6421@gmail.com','nsugn',65),(2013635120,'Mariana','Perez','Loyola','Mariana8823@gmail.com','jjrlb',89),(2013635136,'Alberto','Armenta','Marquez','Alberto1338@gmail.com','emrov',134),(2013635161,'Maria','Varela','Sanchez','Maria14220@gmail.com','pwjta',143),(2013635189,'Rodolfo','Ruiz','Mesa','Rodolfo1791@gmail.com','jdjaq',180),(2013635363,'Julion','Rojero','Torrez','Julion12619@gmail.com','csqtm',127),(2013635526,'Julion','Obregon','Loyola','Julion2919@gmail.com','wfeur',30),(2013635559,'Hugo','Armenta','Torrez','Hugo16116@gmail.com','lravp',162),(2013635576,'Raymundo','Varela','Contreras','Raymundo1697@gmail.com','orsqh',170),(2013635580,'Bryan','Robles','Araiza','Bryan9717@gmail.com','iuowu',98),(2013635631,'Hugo','Perez','Araiza','Hugo10116@gmail.com','isqjt',102),(2013635753,'Jhonatan','Robles','Ayala','Jhonatan1412@gmail.com','gutyu',15),(2013635846,'Jhonatan','Oroszco','Marquez','Jhonatan19012@gmail.com','ejlec',191),(2013635924,'Karla','Lopez','Ayala','Karla14125@gmail.com','rvlej',142),(2013635956,'Mauricio','Obregon','Araiza','Mauricio1150@gmail.com','oaflb',116),(2013635957,'Julieta','Rojero','Contreras','Julieta2326@gmail.com','aqipu',24),(2013636024,'Jose','Lopez','Suarez','Jose13513@gmail.com','deqxq',136),(2013636058,'Miguel','Contreras','Loyola','Miguel5911@gmail.com','jbxvf',60),(2013636069,'Julion','Vazques','Miroslava','Julion18019@gmail.com','yoscy',181),(2013636178,'Pedro','Ruiz','Gumez','Pedro9918@gmail.com','yhyvm',100),(2013636213,'Luis','Obregon','Suarez','Luis1516@gmail.com','gasal',152),(2013636229,'Pedro','Vazques','Loyola','Pedro5718@gmail.com','oxspo',58),(2013636237,'Karla','Mota','Suarez','Karla5125@gmail.com','uwqjh',52),(2013636239,'Mariana','Mota','Montes','Mariana17823@gmail.com','gkwuc',179),(2013636275,'Josue','Contreras','Gumez','Josue1273@gmail.com','ylrqx',128),(2013636299,'Jhonatan','Mota','Esparza','Jhonatan512@gmail.com','qcxoi',6),(2013636334,'Angel','Carranza','Mesa','Angel914@gmail.com','fejyd',10),(2013636364,'Miguel','Robles','Ayala','Miguel1311@gmail.com','isxvm',14),(2013636445,'Karla','Carranza','Loyola','Karla14825@gmail.com','jmqyc',149),(2013636498,'Jose','Lopez','Montes','Jose213@gmail.com','sxwqb',3),(2013636514,'Andrea','Oroszco','Gumez','Andrea8221@gmail.com','vtpoq',83),(2013636545,'Cintia','Carranza','Centeno','Cintia11124@gmail.com','uatml',112),(2013636577,'Angel','Carranza','Contreras','Angel4714@gmail.com','rpfmh',48),(2013636755,'Norma','Robles','Esparza','Norma4028@gmail.com','cnjin',41),(2013636767,'Gladys','Robles','Miroslava','Gladys11329@gmail.com','eqnbs',114),(2013636775,'Itzel','Carranza','Suarez','Itzel12527@gmail.com','qghmi',126),(2013636780,'Raymundo','Perez','Loyola','Raymundo1567@gmail.com','xjnkr',157),(2013636781,'Julion','Perez','Contreras','Julion14719@gmail.com','axfyh',148),(2013636944,'Maria','Ruiz','Centeno','Maria9320@gmail.com','bjyxc',94),(2013636955,'Jhonatan','Lopez','Esparza','Jhonatan3112@gmail.com','vanmv',32),(2013636960,'Raymundo','Varela','Loyola','Raymundo927@gmail.com','qcddy',93),(2013637044,'Maria','Carranza','Esparza','Maria13020@gmail.com','lihyp',131),(2013637100,'Josue','Ayala','Marquez','Josue1023@gmail.com','xjlse',103),(2013637185,'Norma','Robles','Mesa','Norma8428@gmail.com','ecwbv',85),(2013637189,'Alberto','Varela','Araiza','Alberto528@gmail.com','ffldp',53),(2013637258,'Bryan','Ruiz','Torrez','Bryan14917@gmail.com','qxywq',150),(2013637269,'Mariana','Lopez','Loyola','Mariana7523@gmail.com','btxyx',76),(2013637310,'Karla','Contreras','Loyola','Karla1625@gmail.com','ogfth',17),(2013637338,'Bryan','Carranza','Araiza','Bryan12817@gmail.com','puvla',129),(2013637341,'Maria','Lopez','Marquez','Maria13720@gmail.com','ngbou',138),(2013637359,'Andrea','Lopez','Torrez','Andrea4821@gmail.com','tqofu',49),(2013637481,'Karla','Armenta','Torrez','Karla16825@gmail.com','lplcd',169),(2013637486,'Luis','Armenta','Bodet','Luis1676@gmail.com','gvnic',168),(2013637641,'Alberto','Obregon','Gumez','Alberto48@gmail.com','lejtc',5),(2013637724,'Cintia','Oroszco','Araiza','Cintia1724@gmail.com','tvbuy',18),(2013637761,'Miguel','Molina','Loyola','Miguel011@gmail.com','adysf',1),(2013637769,'Karla','Varela','Marquez','Karla18825@gmail.com','bppty',189),(2013637779,'Jhonatan','Ayala','Torrez','Jhonatan10512@gmail.com','yefqu',106),(2013637782,'Hugo','Carranza','Torrez','Hugo17616@gmail.com','nsnew',177),(2013637785,'Erik','Carranza','Montes','Erik619@gmail.com','rmhue',62),(2013637856,'Raymundo','Contreras','Araiza','Raymundo377@gmail.com','nafyw',38),(2013638017,'Itzel','Vazques','Ayala','Itzel3227@gmail.com','amkqg',33),(2013638074,'Gladys','Ruiz','Miroslava','Gladys17129@gmail.com','jepnb',172),(2013638086,'Karla','Carranza','Loyola','Karla9625@gmail.com','waaws',97),(2013638096,'Mauricio','Contreras','Suarez','Mauricio1520@gmail.com','athrs',153),(2013638127,'David','Perez','Araiza','David654@gmail.com','dcyyl',66),(2013638193,'Pedro','Carranza','Montes','Pedro7118@gmail.com','gnrdq',72),(2013638258,'Julieta','Armenta','Marquez','Julieta13626@gmail.com','nuhrr',137),(2013638280,'Gladys','Ayala','Mesa','Gladys6929@gmail.com','jvuwb',70),(2013638383,'Erik','Varela','Loyola','Erik1329@gmail.com','vwnrw',133),(2013638414,'Cintia','Rojero','Montes','Cintia16024@gmail.com','kkvbu',161),(2013638447,'Jhonatan','Carranza','Contreras','Jhonatan5312@gmail.com','svioj',54),(2013638586,'Luis','Perez','Suarez','Luis1106@gmail.com','rsxwk',111),(2013638631,'Alexis','Vazques','Suarez','Alexis18610@gmail.com','pbwkk',187),(2013638632,'Hugo','Ruiz','Marquez','Hugo2116@gmail.com','kuqod',22),(2013638632,'Gladys','Rojero','Loyola','Gladys19929@gmail.com','luhov',200),(2013638719,'Josue','Contreras','Esparza','Josue1393@gmail.com','yfutx',140),(2013638859,'Jose','Contreras','Bodet','Jose19513@gmail.com','cawts',196),(2013638861,'Miguel','Molina','Contreras','Miguel6011@gmail.com','mhttq',61),(2013639056,'Karla','Armenta','Mesa','Karla19725@gmail.com','ulofy',198),(2013639099,'Sabrina','Perez','Centeno','Sabrina14622@gmail.com','tpiev',147),(2013639236,'Josue','Vazques','Sanchez','Josue563@gmail.com','wyxwa',57),(2013639383,'Gladys','Lopez','Araiza','Gladys7829@gmail.com','knorv',79),(2013639456,'Raymundo','Obregon','Montes','Raymundo187@gmail.com','belqa',19),(2013639499,'Andrea','Ruiz','Contreras','Andrea17521@gmail.com','hvbwl',176),(2013639513,'Raymundo','Mota','Miroslava','Raymundo1937@gmail.com','knamw',194),(2013639541,'Jose','Obregon','Marquez','Jose3413@gmail.com','nfxvq',35),(2013639596,'Raul','Lopez','Loyola','Raul1912@gmail.com','qvjak',192),(2013639647,'Mariana','Perez','Bodet','Mariana19423@gmail.com','wbfyp',195),(2013639656,'Cintia','Carranza','Mesa','Cintia9824@gmail.com','rmoof',99),(2013639673,'Cintia','Ruiz','Montes','Cintia2824@gmail.com','axwma',29),(2013639718,'Erik','Ayala','Loyola','Erik729@gmail.com','blouu',73),(2013639746,'Itzel','Lopez','Montes','Itzel10827@gmail.com','rfawi',109),(2013639794,'Andres','Lopez','Ayala','Andres17315@gmail.com','wnucd',174),(2013639824,'Mauricio','Robles','Torrez','Mauricio190@gmail.com','rpmsa',20),(2013639871,'Raymundo','Armenta','Sanchez','Raymundo457@gmail.com','ipdjf',46),(2013639913,'Andrea','Robles','Gumez','Andrea12921@gmail.com','edsuf',130),(2013639954,'Karla','Robles','Suarez','Karla7925@gmail.com','hhqwv',80),(2013639991,'David','Perez','Ayala','David34@gmail.com','hkkwr',4);
/*!40000 ALTER TABLE `alumno` ENABLE KEYS */;
UNLOCK TABLES;

--
-- Table structure for table `alumnoevaluacion`
--

DROP TABLE IF EXISTS `alumnoevaluacion`;
/*!40101 SET @saved_cs_client     = @@character_set_client */;
/*!40101 SET character_set_client = utf8 */;
CREATE TABLE `alumnoevaluacion` (
  `id_RelacionAE` int(3) NOT NULL AUTO_INCREMENT,
  `Calificacion` int(2) NOT NULL,
  `alumno_boleta` int(11) NOT NULL,
  `evaluaciones_idEvaluacion` int(11) NOT NULL,
  PRIMARY KEY (`id_RelacionAE`),
  KEY `fk_relacionalumnoevaluacion_alumno1_idx` (`alumno_boleta`),
  KEY `fk_relacionalumnoevaluacion_evaluaciones1_idx` (`evaluaciones_idEvaluacion`),
  CONSTRAINT `fk_relacionalumnoevaluacion_alumno1` FOREIGN KEY (`alumno_boleta`) REFERENCES `alumno` (`boleta`) ON DELETE CASCADE ON UPDATE CASCADE,
  CONSTRAINT `fk_relacionalumnoevaluacion_evaluaciones1` FOREIGN KEY (`evaluaciones_idEvaluacion`) REFERENCES `evaluacion` (`idEvaluacion`) ON DELETE NO ACTION ON UPDATE NO ACTION
) ENGINE=InnoDB AUTO_INCREMENT=6013 DEFAULT CHARSET=latin1;
/*!40101 SET character_set_client = @saved_cs_client */;

--
-- Dumping data for table `alumnoevaluacion`
--

LOCK TABLES `alumnoevaluacion` WRITE;
/*!40000 ALTER TABLE `alumnoevaluacion` DISABLE KEYS */;
INSERT INTO `alumnoevaluacion` VALUES (3013,2,2013637761,1000),(3014,8,2013634375,1000),(3015,6,2013636498,1000),(3016,9,2013639991,1000),(3017,1,2013637641,1000),(3018,4,2013636299,1000),(3019,1,2013634675,1000),(3020,4,2013631576,1000),(3021,3,2013631372,1000),(3022,5,2013636334,1000),(3023,8,2013631540,1000),(3024,4,2013634080,1000),(3025,1,2013634684,1000),(3026,4,2013636364,1000),(3027,5,2013635753,1000),(3028,4,2013633154,1000),(3029,6,2013637310,1000),(3030,9,2013637724,1000),(3031,1,2013639456,1000),(3032,3,2013639824,1000),(3033,9,2013637761,1001),(3034,6,2013634375,1001),(3035,8,2013636498,1001),(3036,4,2013639991,1001),(3037,2,2013637641,1001),(3038,4,2013636299,1001),(3039,2,2013634675,1001),(3040,9,2013631576,1001),(3041,8,2013631372,1001),(3042,6,2013636334,1001),(3043,0,2013631540,1001),(3044,5,2013634080,1001),(3045,9,2013634684,1001),(3046,2,2013636364,1001),(3047,2,2013635753,1001),(3048,1,2013633154,1001),(3049,6,2013637310,1001),(3050,5,2013637724,1001),(3051,8,2013639456,1001),(3052,9,2013639824,1001),(3053,8,2013637761,1002),(3054,6,2013634375,1002),(3055,7,2013636498,1002),(3056,1,2013639991,1002),(3057,8,2013637641,1002),(3058,7,2013636299,1002),(3059,3,2013634675,1002),(3060,5,2013631576,1002),(3061,6,2013631372,1002),(3062,3,2013636334,1002),(3063,2,2013631540,1002),(3064,9,2013634080,1002),(3065,8,2013634684,1002),(3066,6,2013636364,1002),(3067,3,2013635753,1002),(3068,3,2013633154,1002),(3069,1,2013637310,1002),(3070,7,2013637724,1002),(3071,3,2013639456,1002),(3072,7,2013639824,1002),(3073,2,2013637761,1003),(3074,0,2013634375,1003),(3075,3,2013636498,1003),(3076,1,2013639991,1003),(3077,8,2013637641,1003),(3078,6,2013636299,1003),(3079,9,2013634675,1003),(3080,2,2013631576,1003),(3081,9,2013631372,1003),(3082,0,2013636334,1003),(3083,9,2013631540,1003),(3084,0,2013634080,1003),(3085,4,2013634684,1003),(3086,4,2013636364,1003),(3087,7,2013635753,1003),(3088,1,2013633154,1003),(3089,1,2013637310,1003),(3090,2,2013637724,1003),(3091,3,2013639456,1003),(3092,7,2013639824,1003),(3093,6,2013637761,1004),(3094,1,2013634375,1004),(3095,3,2013636498,1004),(3096,3,2013639991,1004),(3097,0,2013637641,1004),(3098,8,2013636299,1004),(3099,3,2013634675,1004),(3100,2,2013631576,1004),(3101,8,2013631372,1004),(3102,5,2013636334,1004),(3103,6,2013631540,1004),(3104,8,2013634080,1004),(3105,1,2013634684,1004),(3106,1,2013636364,1004),(3107,2,2013635753,1004),(3108,8,2013633154,1004),(3109,6,2013637310,1004),(3110,3,2013637724,1004),(3111,2,2013639456,1004),(3112,5,2013639824,1004),(3113,2,2013637761,1005),(3114,8,2013634375,1005),(3115,3,2013636498,1005),(3116,2,2013639991,1005),(3117,8,2013637641,1005),(3118,5,2013636299,1005),(3119,0,2013634675,1005),(3120,8,2013631576,1005),(3121,7,2013631372,1005),(3122,2,2013636334,1005),(3123,7,2013631540,1005),(3124,0,2013634080,1005),(3125,6,2013634684,1005),(3126,2,2013636364,1005),(3127,3,2013635753,1005),(3128,3,2013633154,1005),(3129,9,2013637310,1005),(3130,1,2013637724,1005),(3131,7,2013639456,1005),(3132,7,2013639824,1005),(3133,3,2013637761,1006),(3134,4,2013634375,1006),(3135,1,2013636498,1006),(3136,9,2013639991,1006),(3137,9,2013637641,1006),(3138,8,2013636299,1006),(3139,2,2013634675,1006),(3140,3,2013631576,1006),(3141,0,2013631372,1006),(3142,4,2013636334,1006),(3143,6,2013631540,1006),(3144,0,2013634080,1006),(3145,3,2013634684,1006),(3146,3,2013636364,1006),(3147,5,2013635753,1006),(3148,0,2013633154,1006),(3149,7,2013637310,1006),(3150,6,2013637724,1006),(3151,9,2013639456,1006),(3152,4,2013639824,1006),(3153,8,2013637761,1007),(3154,2,2013634375,1007),(3155,2,2013636498,1007),(3156,1,2013639991,1007),(3157,7,2013637641,1007),(3158,4,2013636299,1007),(3159,3,2013634675,1007),(3160,2,2013631576,1007),(3161,4,2013631372,1007),(3162,5,2013636334,1007),(3163,2,2013631540,1007),(3164,6,2013634080,1007),(3165,7,2013634684,1007),(3166,5,2013636364,1007),(3167,5,2013635753,1007),(3168,7,2013633154,1007),(3169,8,2013637310,1007),(3170,6,2013637724,1007),(3171,5,2013639456,1007),(3172,2,2013639824,1007),(3173,1,2013637761,1008),(3174,0,2013634375,1008),(3175,3,2013636498,1008),(3176,0,2013639991,1008),(3177,9,2013637641,1008),(3178,7,2013636299,1008),(3179,5,2013634675,1008),(3180,0,2013631576,1008),(3181,7,2013631372,1008),(3182,0,2013636334,1008),(3183,0,2013631540,1008),(3184,6,2013634080,1008),(3185,2,2013634684,1008),(3186,2,2013636364,1008),(3187,4,2013635753,1008),(3188,4,2013633154,1008),(3189,5,2013637310,1008),(3190,6,2013637724,1008),(3191,4,2013639456,1008),(3192,9,2013639824,1008),(3193,9,2013637761,1009),(3194,8,2013634375,1009),(3195,9,2013636498,1009),(3196,2,2013639991,1009),(3197,9,2013637641,1009),(3198,1,2013636299,1009),(3199,2,2013634675,1009),(3200,8,2013631576,1009),(3201,8,2013631372,1009),(3202,3,2013636334,1009),(3203,7,2013631540,1009),(3204,6,2013634080,1009),(3205,2,2013634684,1009),(3206,6,2013636364,1009),(3207,3,2013635753,1009),(3208,0,2013633154,1009),(3209,1,2013637310,1009),(3210,5,2013637724,1009),(3211,6,2013639456,1009),(3212,5,2013639824,1009),(3213,7,2013637761,1010),(3214,1,2013634375,1010),(3215,8,2013636498,1010),(3216,3,2013639991,1010),(3217,1,2013637641,1010),(3218,9,2013636299,1010),(3219,9,2013634675,1010),(3220,7,2013631576,1010),(3221,6,2013631372,1010),(3222,0,2013636334,1010),(3223,7,2013631540,1010),(3224,0,2013634080,1010),(3225,3,2013634684,1010),(3226,9,2013636364,1010),(3227,6,2013635753,1010),(3228,3,2013633154,1010),(3229,4,2013637310,1010),(3230,9,2013637724,1010),(3231,3,2013639456,1010),(3232,1,2013639824,1010),(3233,2,2013637761,1011),(3234,1,2013634375,1011),(3235,3,2013636498,1011),(3236,9,2013639991,1011),(3237,7,2013637641,1011),(3238,7,2013636299,1011),(3239,1,2013634675,1011),(3240,3,2013631576,1011),(3241,5,2013631372,1011),(3242,5,2013636334,1011),(3243,9,2013631540,1011),(3244,3,2013634080,1011),(3245,2,2013634684,1011),(3246,3,2013636364,1011),(3247,0,2013635753,1011),(3248,7,2013633154,1011),(3249,3,2013637310,1011),(3250,0,2013637724,1011),(3251,1,2013639456,1011),(3252,4,2013639824,1011),(3253,2,2013637761,1012),(3254,9,2013634375,1012),(3255,9,2013636498,1012),(3256,9,2013639991,1012),(3257,0,2013637641,1012),(3258,6,2013636299,1012),(3259,5,2013634675,1012),(3260,9,2013631576,1012),(3261,2,2013631372,1012),(3262,7,2013636334,1012),(3263,9,2013631540,1012),(3264,1,2013634080,1012),(3265,8,2013634684,1012),(3266,8,2013636364,1012),(3267,8,2013635753,1012),(3268,8,2013633154,1012),(3269,7,2013637310,1012),(3270,9,2013637724,1012),(3271,1,2013639456,1012),(3272,0,2013639824,1012),(3273,8,2013637761,1013),(3274,2,2013634375,1013),(3275,0,2013636498,1013),(3276,1,2013639991,1013),(3277,1,2013637641,1013),(3278,4,2013636299,1013),(3279,0,2013634675,1013),(3280,1,2013631576,1013),(3281,3,2013631372,1013),(3282,0,2013636334,1013),(3283,3,2013631540,1013),(3284,6,2013634080,1013),(3285,2,2013634684,1013),(3286,5,2013636364,1013),(3287,5,2013635753,1013),(3288,2,2013633154,1013),(3289,8,2013637310,1013),(3290,1,2013637724,1013),(3291,7,2013639456,1013),(3292,6,2013639824,1013),(3293,0,2013637761,1014),(3294,7,2013634375,1014),(3295,3,2013636498,1014),(3296,9,2013639991,1014),(3297,4,2013637641,1014),(3298,7,2013636299,1014),(3299,7,2013634675,1014),(3300,9,2013631576,1014),(3301,0,2013631372,1014),(3302,4,2013636334,1014),(3303,2,2013631540,1014),(3304,6,2013634080,1014),(3305,7,2013634684,1014),(3306,3,2013636364,1014),(3307,8,2013635753,1014),(3308,7,2013633154,1014),(3309,0,2013637310,1014),(3310,7,2013637724,1014),(3311,6,2013639456,1014),(3312,8,2013639824,1014),(3313,1,2013633635,1015),(3314,5,2013638632,1015),(3315,5,2013631458,1015),(3316,0,2013635957,1015),(3317,4,2013633926,1015),(3318,7,2013631936,1015),(3319,6,2013632447,1015),(3320,1,2013631439,1015),(3321,4,2013639673,1015),(3322,4,2013635526,1015),(3323,1,2013633872,1015),(3324,0,2013636955,1015),(3325,9,2013638017,1015),(3326,7,2013632377,1015),(3327,6,2013639541,1015),(3328,1,2013634962,1015),(3329,8,2013634581,1015),(3330,4,2013637856,1015),(3331,8,2013631139,1015),(3332,4,2013632088,1015),(3333,2,2013633635,1016),(3334,7,2013638632,1016),(3335,9,2013631458,1016),(3336,6,2013635957,1016),(3337,3,2013633926,1016),(3338,1,2013631936,1016),(3339,3,2013632447,1016),(3340,0,2013631439,1016),(3341,9,2013639673,1016),(3342,0,2013635526,1016),(3343,6,2013633872,1016),(3344,8,2013636955,1016),(3345,0,2013638017,1016),(3346,1,2013632377,1016),(3347,7,2013639541,1016),(3348,9,2013634962,1016),(3349,8,2013634581,1016),(3350,5,2013637856,1016),(3351,5,2013631139,1016),(3352,0,2013632088,1016),(3353,0,2013633635,1017),(3354,6,2013638632,1017),(3355,9,2013631458,1017),(3356,5,2013635957,1017),(3357,0,2013633926,1017),(3358,6,2013631936,1017),(3359,1,2013632447,1017),(3360,0,2013631439,1017),(3361,0,2013639673,1017),(3362,5,2013635526,1017),(3363,8,2013633872,1017),(3364,2,2013636955,1017),(3365,2,2013638017,1017),(3366,7,2013632377,1017),(3367,3,2013639541,1017),(3368,6,2013634962,1017),(3369,7,2013634581,1017),(3370,1,2013637856,1017),(3371,8,2013631139,1017),(3372,9,2013632088,1017),(3373,1,2013633635,1018),(3374,2,2013638632,1018),(3375,4,2013631458,1018),(3376,6,2013635957,1018),(3377,3,2013633926,1018),(3378,4,2013631936,1018),(3379,0,2013632447,1018),(3380,8,2013631439,1018),(3381,6,2013639673,1018),(3382,8,2013635526,1018),(3383,4,2013633872,1018),(3384,9,2013636955,1018),(3385,8,2013638017,1018),(3386,4,2013632377,1018),(3387,4,2013639541,1018),(3388,2,2013634962,1018),(3389,2,2013634581,1018),(3390,4,2013637856,1018),(3391,4,2013631139,1018),(3392,5,2013632088,1018),(3393,3,2013633635,1019),(3394,7,2013638632,1019),(3395,1,2013631458,1019),(3396,0,2013635957,1019),(3397,4,2013633926,1019),(3398,4,2013631936,1019),(3399,2,2013632447,1019),(3400,5,2013631439,1019),(3401,5,2013639673,1019),(3402,2,2013635526,1019),(3403,6,2013633872,1019),(3404,7,2013636955,1019),(3405,3,2013638017,1019),(3406,9,2013632377,1019),(3407,6,2013639541,1019),(3408,4,2013634962,1019),(3409,2,2013634581,1019),(3410,6,2013637856,1019),(3411,2,2013631139,1019),(3412,5,2013632088,1019),(3413,8,2013633635,1020),(3414,4,2013638632,1020),(3415,9,2013631458,1020),(3416,0,2013635957,1020),(3417,1,2013633926,1020),(3418,2,2013631936,1020),(3419,3,2013632447,1020),(3420,2,2013631439,1020),(3421,1,2013639673,1020),(3422,6,2013635526,1020),(3423,2,2013633872,1020),(3424,5,2013636955,1020),(3425,7,2013638017,1020),(3426,2,2013632377,1020),(3427,6,2013639541,1020),(3428,2,2013634962,1020),(3429,7,2013634581,1020),(3430,5,2013637856,1020),(3431,1,2013631139,1020),(3432,6,2013632088,1020),(3433,6,2013633635,1021),(3434,8,2013638632,1021),(3435,0,2013631458,1021),(3436,8,2013635957,1021),(3437,8,2013633926,1021),(3438,6,2013631936,1021),(3439,7,2013632447,1021),(3440,6,2013631439,1021),(3441,0,2013639673,1021),(3442,9,2013635526,1021),(3443,7,2013633872,1021),(3444,5,2013636955,1021),(3445,5,2013638017,1021),(3446,5,2013632377,1021),(3447,3,2013639541,1021),(3448,3,2013634962,1021),(3449,1,2013634581,1021),(3450,0,2013637856,1021),(3451,5,2013631139,1021),(3452,2,2013632088,1021),(3453,6,2013633635,1022),(3454,5,2013638632,1022),(3455,1,2013631458,1022),(3456,6,2013635957,1022),(3457,7,2013633926,1022),(3458,2,2013631936,1022),(3459,3,2013632447,1022),(3460,6,2013631439,1022),(3461,7,2013639673,1022),(3462,8,2013635526,1022),(3463,7,2013633872,1022),(3464,3,2013636955,1022),(3465,2,2013638017,1022),(3466,3,2013632377,1022),(3467,6,2013639541,1022),(3468,4,2013634962,1022),(3469,2,2013634581,1022),(3470,7,2013637856,1022),(3471,9,2013631139,1022),(3472,2,2013632088,1022),(3473,0,2013633635,1023),(3474,5,2013638632,1023),(3475,9,2013631458,1023),(3476,6,2013635957,1023),(3477,7,2013633926,1023),(3478,6,2013631936,1023),(3479,3,2013632447,1023),(3480,5,2013631439,1023),(3481,3,2013639673,1023),(3482,8,2013635526,1023),(3483,8,2013633872,1023),(3484,8,2013636955,1023),(3485,5,2013638017,1023),(3486,5,2013632377,1023),(3487,6,2013639541,1023),(3488,1,2013634962,1023),(3489,5,2013634581,1023),(3490,6,2013637856,1023),(3491,7,2013631139,1023),(3492,0,2013632088,1023),(3493,6,2013633635,1024),(3494,3,2013638632,1024),(3495,4,2013631458,1024),(3496,3,2013635957,1024),(3497,8,2013633926,1024),(3498,0,2013631936,1024),(3499,5,2013632447,1024),(3500,5,2013631439,1024),(3501,1,2013639673,1024),(3502,3,2013635526,1024),(3503,1,2013633872,1024),(3504,4,2013636955,1024),(3505,6,2013638017,1024),(3506,8,2013632377,1024),(3507,2,2013639541,1024),(3508,9,2013634962,1024),(3509,0,2013634581,1024),(3510,1,2013637856,1024),(3511,0,2013631139,1024),(3512,9,2013632088,1024),(3513,6,2013633635,1025),(3514,1,2013638632,1025),(3515,0,2013631458,1025),(3516,0,2013635957,1025),(3517,5,2013633926,1025),(3518,0,2013631936,1025),(3519,4,2013632447,1025),(3520,3,2013631439,1025),(3521,2,2013639673,1025),(3522,9,2013635526,1025),(3523,7,2013633872,1025),(3524,3,2013636955,1025),(3525,1,2013638017,1025),(3526,2,2013632377,1025),(3527,3,2013639541,1025),(3528,2,2013634962,1025),(3529,7,2013634581,1025),(3530,6,2013637856,1025),(3531,9,2013631139,1025),(3532,2,2013632088,1025),(3533,5,2013633635,1026),(3534,6,2013638632,1026),(3535,4,2013631458,1026),(3536,2,2013635957,1026),(3537,2,2013633926,1026),(3538,9,2013631936,1026),(3539,1,2013632447,1026),(3540,8,2013631439,1026),(3541,8,2013639673,1026),(3542,6,2013635526,1026),(3543,6,2013633872,1026),(3544,1,2013636955,1026),(3545,4,2013638017,1026),(3546,5,2013632377,1026),(3547,6,2013639541,1026),(3548,2,2013634962,1026),(3549,2,2013634581,1026),(3550,9,2013637856,1026),(3551,9,2013631139,1026),(3552,2,2013632088,1026),(3553,3,2013633635,1027),(3554,4,2013638632,1027),(3555,3,2013631458,1027),(3556,9,2013635957,1027),(3557,1,2013633926,1027),(3558,3,2013631936,1027),(3559,6,2013632447,1027),(3560,6,2013631439,1027),(3561,3,2013639673,1027),(3562,3,2013635526,1027),(3563,2,2013633872,1027),(3564,8,2013636955,1027),(3565,3,2013638017,1027),(3566,5,2013632377,1027),(3567,2,2013639541,1027),(3568,7,2013634962,1027),(3569,7,2013634581,1027),(3570,3,2013637856,1027),(3571,6,2013631139,1027),(3572,1,2013632088,1027),(3573,8,2013633635,1028),(3574,1,2013638632,1028),(3575,3,2013631458,1028),(3576,1,2013635957,1028),(3577,6,2013633926,1028),(3578,9,2013631936,1028),(3579,0,2013632447,1028),(3580,6,2013631439,1028),(3581,0,2013639673,1028),(3582,1,2013635526,1028),(3583,7,2013633872,1028),(3584,9,2013636955,1028),(3585,6,2013638017,1028),(3586,9,2013632377,1028),(3587,7,2013639541,1028),(3588,9,2013634962,1028),(3589,8,2013634581,1028),(3590,4,2013637856,1028),(3591,9,2013631139,1028),(3592,1,2013632088,1028),(3593,6,2013633635,1029),(3594,9,2013638632,1029),(3595,9,2013631458,1029),(3596,0,2013635957,1029),(3597,5,2013633926,1029),(3598,4,2013631936,1029),(3599,8,2013632447,1029),(3600,5,2013631439,1029),(3601,3,2013639673,1029),(3602,4,2013635526,1029),(3603,1,2013633872,1029),(3604,6,2013636955,1029),(3605,3,2013638017,1029),(3606,0,2013632377,1029),(3607,8,2013639541,1029),(3608,4,2013634962,1029),(3609,5,2013634581,1029),(3610,2,2013637856,1029),(3611,6,2013631139,1029),(3612,9,2013632088,1029),(3613,0,2013636755,1030),(3614,4,2013633317,1030),(3615,2,2013634720,1030),(3616,6,2013634349,1030),(3617,1,2013632941,1030),(3618,4,2013639871,1030),(3619,9,2013632488,1030),(3620,6,2013636577,1030),(3621,5,2013637359,1030),(3622,5,2013631753,1030),(3623,6,2013631497,1030),(3624,1,2013636237,1030),(3625,0,2013637189,1030),(3626,7,2013638447,1030),(3627,4,2013632141,1030),(3628,4,2013631642,1030),(3629,0,2013639236,1030),(3630,1,2013636229,1030),(3631,0,2013633318,1030),(3632,7,2013636058,1030),(3633,3,2013636755,1031),(3634,2,2013633317,1031),(3635,6,2013634720,1031),(3636,6,2013634349,1031),(3637,4,2013632941,1031),(3638,1,2013639871,1031),(3639,2,2013632488,1031),(3640,9,2013636577,1031),(3641,8,2013637359,1031),(3642,9,2013631753,1031),(3643,3,2013631497,1031),(3644,3,2013636237,1031),(3645,7,2013637189,1031),(3646,0,2013638447,1031),(3647,6,2013632141,1031),(3648,4,2013631642,1031),(3649,0,2013639236,1031),(3650,7,2013636229,1031),(3651,5,2013633318,1031),(3652,6,2013636058,1031),(3653,7,2013636755,1032),(3654,5,2013633317,1032),(3655,3,2013634720,1032),(3656,5,2013634349,1032),(3657,2,2013632941,1032),(3658,3,2013639871,1032),(3659,5,2013632488,1032),(3660,4,2013636577,1032),(3661,9,2013637359,1032),(3662,5,2013631753,1032),(3663,5,2013631497,1032),(3664,9,2013636237,1032),(3665,4,2013637189,1032),(3666,5,2013638447,1032),(3667,3,2013632141,1032),(3668,4,2013631642,1032),(3669,6,2013639236,1032),(3670,2,2013636229,1032),(3671,2,2013633318,1032),(3672,4,2013636058,1032),(3673,3,2013636755,1033),(3674,1,2013633317,1033),(3675,0,2013634720,1033),(3676,3,2013634349,1033),(3677,0,2013632941,1033),(3678,9,2013639871,1033),(3679,7,2013632488,1033),(3680,2,2013636577,1033),(3681,9,2013637359,1033),(3682,3,2013631753,1033),(3683,4,2013631497,1033),(3684,5,2013636237,1033),(3685,4,2013637189,1033),(3686,7,2013638447,1033),(3687,6,2013632141,1033),(3688,4,2013631642,1033),(3689,2,2013639236,1033),(3690,6,2013636229,1033),(3691,5,2013633318,1033),(3692,7,2013636058,1033),(3693,9,2013636755,1034),(3694,8,2013633317,1034),(3695,1,2013634720,1034),(3696,8,2013634349,1034),(3697,9,2013632941,1034),(3698,7,2013639871,1034),(3699,1,2013632488,1034),(3700,8,2013636577,1034),(3701,7,2013637359,1034),(3702,7,2013631753,1034),(3703,8,2013631497,1034),(3704,2,2013636237,1034),(3705,4,2013637189,1034),(3706,2,2013638447,1034),(3707,6,2013632141,1034),(3708,1,2013631642,1034),(3709,5,2013639236,1034),(3710,0,2013636229,1034),(3711,7,2013633318,1034),(3712,4,2013636058,1034),(3713,8,2013636755,1035),(3714,3,2013633317,1035),(3715,6,2013634720,1035),(3716,0,2013634349,1035),(3717,3,2013632941,1035),(3718,5,2013639871,1035),(3719,1,2013632488,1035),(3720,5,2013636577,1035),(3721,6,2013637359,1035),(3722,3,2013631753,1035),(3723,4,2013631497,1035),(3724,6,2013636237,1035),(3725,5,2013637189,1035),(3726,9,2013638447,1035),(3727,2,2013632141,1035),(3728,2,2013631642,1035),(3729,3,2013639236,1035),(3730,0,2013636229,1035),(3731,0,2013633318,1035),(3732,8,2013636058,1035),(3733,2,2013636755,1036),(3734,7,2013633317,1036),(3735,4,2013634720,1036),(3736,5,2013634349,1036),(3737,8,2013632941,1036),(3738,5,2013639871,1036),(3739,7,2013632488,1036),(3740,0,2013636577,1036),(3741,0,2013637359,1036),(3742,9,2013631753,1036),(3743,9,2013631497,1036),(3744,1,2013636237,1036),(3745,2,2013637189,1036),(3746,1,2013638447,1036),(3747,3,2013632141,1036),(3748,9,2013631642,1036),(3749,7,2013639236,1036),(3750,4,2013636229,1036),(3751,5,2013633318,1036),(3752,6,2013636058,1036),(3753,3,2013636755,1037),(3754,1,2013633317,1037),(3755,6,2013634720,1037),(3756,9,2013634349,1037),(3757,2,2013632941,1037),(3758,6,2013639871,1037),(3759,8,2013632488,1037),(3760,5,2013636577,1037),(3761,7,2013637359,1037),(3762,2,2013631753,1037),(3763,5,2013631497,1037),(3764,0,2013636237,1037),(3765,3,2013637189,1037),(3766,4,2013638447,1037),(3767,8,2013632141,1037),(3768,5,2013631642,1037),(3769,7,2013639236,1037),(3770,2,2013636229,1037),(3771,7,2013633318,1037),(3772,7,2013636058,1037),(3773,5,2013636755,1038),(3774,6,2013633317,1038),(3775,6,2013634720,1038),(3776,5,2013634349,1038),(3777,6,2013632941,1038),(3778,8,2013639871,1038),(3779,8,2013632488,1038),(3780,5,2013636577,1038),(3781,4,2013637359,1038),(3782,2,2013631753,1038),(3783,4,2013631497,1038),(3784,8,2013636237,1038),(3785,4,2013637189,1038),(3786,9,2013638447,1038),(3787,6,2013632141,1038),(3788,7,2013631642,1038),(3789,7,2013639236,1038),(3790,4,2013636229,1038),(3791,9,2013633318,1038),(3792,7,2013636058,1038),(3793,3,2013636755,1039),(3794,0,2013633317,1039),(3795,0,2013634720,1039),(3796,6,2013634349,1039),(3797,2,2013632941,1039),(3798,7,2013639871,1039),(3799,1,2013632488,1039),(3800,4,2013636577,1039),(3801,4,2013637359,1039),(3802,0,2013631753,1039),(3803,9,2013631497,1039),(3804,4,2013636237,1039),(3805,0,2013637189,1039),(3806,5,2013638447,1039),(3807,1,2013632141,1039),(3808,6,2013631642,1039),(3809,0,2013639236,1039),(3810,7,2013636229,1039),(3811,4,2013633318,1039),(3812,6,2013636058,1039),(3813,4,2013636755,1040),(3814,9,2013633317,1040),(3815,1,2013634720,1040),(3816,2,2013634349,1040),(3817,0,2013632941,1040),(3818,6,2013639871,1040),(3819,0,2013632488,1040),(3820,3,2013636577,1040),(3821,6,2013637359,1040),(3822,2,2013631753,1040),(3823,1,2013631497,1040),(3824,1,2013636237,1040),(3825,3,2013637189,1040),(3826,5,2013638447,1040),(3827,2,2013632141,1040),(3828,6,2013631642,1040),(3829,9,2013639236,1040),(3830,4,2013636229,1040),(3831,7,2013633318,1040),(3832,4,2013636058,1040),(3833,2,2013636755,1041),(3834,7,2013633317,1041),(3835,6,2013634720,1041),(3836,4,2013634349,1041),(3837,7,2013632941,1041),(3838,2,2013639871,1041),(3839,3,2013632488,1041),(3840,3,2013636577,1041),(3841,2,2013637359,1041),(3842,1,2013631753,1041),(3843,2,2013631497,1041),(3844,0,2013636237,1041),(3845,1,2013637189,1041),(3846,3,2013638447,1041),(3847,4,2013632141,1041),(3848,1,2013631642,1041),(3849,3,2013639236,1041),(3850,8,2013636229,1041),(3851,5,2013633318,1041),(3852,0,2013636058,1041),(3853,2,2013636755,1042),(3854,2,2013633317,1042),(3855,2,2013634720,1042),(3856,0,2013634349,1042),(3857,7,2013632941,1042),(3858,0,2013639871,1042),(3859,8,2013632488,1042),(3860,8,2013636577,1042),(3861,6,2013637359,1042),(3862,5,2013631753,1042),(3863,2,2013631497,1042),(3864,6,2013636237,1042),(3865,9,2013637189,1042),(3866,7,2013638447,1042),(3867,5,2013632141,1042),(3868,6,2013631642,1042),(3869,2,2013639236,1042),(3870,8,2013636229,1042),(3871,9,2013633318,1042),(3872,4,2013636058,1042),(3873,1,2013636755,1043),(3874,6,2013633317,1043),(3875,1,2013634720,1043),(3876,1,2013634349,1043),(3877,8,2013632941,1043),(3878,3,2013639871,1043),(3879,2,2013632488,1043),(3880,3,2013636577,1043),(3881,6,2013637359,1043),(3882,1,2013631753,1043),(3883,9,2013631497,1043),(3884,1,2013636237,1043),(3885,1,2013637189,1043),(3886,5,2013638447,1043),(3887,1,2013632141,1043),(3888,7,2013631642,1043),(3889,8,2013639236,1043),(3890,8,2013636229,1043),(3891,5,2013633318,1043),(3892,2,2013636058,1043),(3893,1,2013636755,1044),(3894,6,2013633317,1044),(3895,4,2013634720,1044),(3896,2,2013634349,1044),(3897,8,2013632941,1044),(3898,1,2013639871,1044),(3899,2,2013632488,1044),(3900,1,2013636577,1044),(3901,7,2013637359,1044),(3902,3,2013631753,1044),(3903,5,2013631497,1044),(3904,1,2013636237,1044),(3905,0,2013637189,1044),(3906,0,2013638447,1044),(3907,1,2013632141,1044),(3908,2,2013631642,1044),(3909,5,2013639236,1044),(3910,8,2013636229,1044),(3911,2,2013633318,1044),(3912,4,2013636058,1044),(3913,7,2013638861,1045),(3914,4,2013637785,1045),(3915,4,2013634139,1045),(3916,4,2013632530,1045),(3917,5,2013635099,1045),(3918,3,2013638127,1045),(3919,6,2013632792,1045),(3920,8,2013631538,1045),(3921,9,2013632274,1045),(3922,5,2013638280,1045),(3923,3,2013632532,1045),(3924,0,2013638193,1045),(3925,7,2013639718,1045),(3926,5,2013631759,1045),(3927,1,2013631133,1045),(3928,1,2013637269,1045),(3929,1,2013632893,1045),(3930,2,2013633826,1045),(3931,2,2013639383,1045),(3932,0,2013639954,1045),(3933,2,2013638861,1046),(3934,4,2013637785,1046),(3935,2,2013634139,1046),(3936,3,2013632530,1046),(3937,5,2013635099,1046),(3938,7,2013638127,1046),(3939,3,2013632792,1046),(3940,6,2013631538,1046),(3941,5,2013632274,1046),(3942,0,2013638280,1046),(3943,9,2013632532,1046),(3944,9,2013638193,1046),(3945,2,2013639718,1046),(3946,5,2013631759,1046),(3947,0,2013631133,1046),(3948,0,2013637269,1046),(3949,2,2013632893,1046),(3950,4,2013633826,1046),(3951,9,2013639383,1046),(3952,7,2013639954,1046),(3953,8,2013638861,1047),(3954,9,2013637785,1047),(3955,7,2013634139,1047),(3956,1,2013632530,1047),(3957,1,2013635099,1047),(3958,7,2013638127,1047),(3959,1,2013632792,1047),(3960,8,2013631538,1047),(3961,1,2013632274,1047),(3962,3,2013638280,1047),(3963,5,2013632532,1047),(3964,2,2013638193,1047),(3965,3,2013639718,1047),(3966,3,2013631759,1047),(3967,3,2013631133,1047),(3968,4,2013637269,1047),(3969,2,2013632893,1047),(3970,6,2013633826,1047),(3971,6,2013639383,1047),(3972,2,2013639954,1047),(3973,3,2013638861,1048),(3974,6,2013637785,1048),(3975,4,2013634139,1048),(3976,5,2013632530,1048),(3977,1,2013635099,1048),(3978,4,2013638127,1048),(3979,8,2013632792,1048),(3980,9,2013631538,1048),(3981,0,2013632274,1048),(3982,6,2013638280,1048),(3983,5,2013632532,1048),(3984,9,2013638193,1048),(3985,1,2013639718,1048),(3986,5,2013631759,1048),(3987,2,2013631133,1048),(3988,0,2013637269,1048),(3989,7,2013632893,1048),(3990,8,2013633826,1048),(3991,3,2013639383,1048),(3992,1,2013639954,1048),(3993,8,2013638861,1049),(3994,9,2013637785,1049),(3995,9,2013634139,1049),(3996,3,2013632530,1049),(3997,4,2013635099,1049),(3998,5,2013638127,1049),(3999,1,2013632792,1049),(4000,8,2013631538,1049),(4001,1,2013632274,1049),(4002,9,2013638280,1049),(4003,7,2013632532,1049),(4004,9,2013638193,1049),(4005,4,2013639718,1049),(4006,9,2013631759,1049),(4007,8,2013631133,1049),(4008,7,2013637269,1049),(4009,9,2013632893,1049),(4010,7,2013633826,1049),(4011,9,2013639383,1049),(4012,5,2013639954,1049),(4013,4,2013638861,1050),(4014,1,2013637785,1050),(4015,6,2013634139,1050),(4016,1,2013632530,1050),(4017,4,2013635099,1050),(4018,1,2013638127,1050),(4019,0,2013632792,1050),(4020,6,2013631538,1050),(4021,0,2013632274,1050),(4022,4,2013638280,1050),(4023,0,2013632532,1050),(4024,4,2013638193,1050),(4025,3,2013639718,1050),(4026,0,2013631759,1050),(4027,6,2013631133,1050),(4028,6,2013637269,1050),(4029,8,2013632893,1050),(4030,2,2013633826,1050),(4031,4,2013639383,1050),(4032,8,2013639954,1050),(4033,2,2013638861,1051),(4034,5,2013637785,1051),(4035,7,2013634139,1051),(4036,8,2013632530,1051),(4037,9,2013635099,1051),(4038,8,2013638127,1051),(4039,6,2013632792,1051),(4040,6,2013631538,1051),(4041,6,2013632274,1051),(4042,1,2013638280,1051),(4043,2,2013632532,1051),(4044,3,2013638193,1051),(4045,5,2013639718,1051),(4046,2,2013631759,1051),(4047,9,2013631133,1051),(4048,7,2013637269,1051),(4049,6,2013632893,1051),(4050,2,2013633826,1051),(4051,6,2013639383,1051),(4052,0,2013639954,1051),(4053,0,2013638861,1052),(4054,5,2013637785,1052),(4055,0,2013634139,1052),(4056,2,2013632530,1052),(4057,2,2013635099,1052),(4058,7,2013638127,1052),(4059,5,2013632792,1052),(4060,0,2013631538,1052),(4061,0,2013632274,1052),(4062,7,2013638280,1052),(4063,6,2013632532,1052),(4064,1,2013638193,1052),(4065,5,2013639718,1052),(4066,6,2013631759,1052),(4067,2,2013631133,1052),(4068,0,2013637269,1052),(4069,5,2013632893,1052),(4070,2,2013633826,1052),(4071,0,2013639383,1052),(4072,3,2013639954,1052),(4073,1,2013638861,1053),(4074,4,2013637785,1053),(4075,3,2013634139,1053),(4076,0,2013632530,1053),(4077,9,2013635099,1053),(4078,6,2013638127,1053),(4079,4,2013632792,1053),(4080,2,2013631538,1053),(4081,8,2013632274,1053),(4082,5,2013638280,1053),(4083,7,2013632532,1053),(4084,9,2013638193,1053),(4085,1,2013639718,1053),(4086,0,2013631759,1053),(4087,5,2013631133,1053),(4088,4,2013637269,1053),(4089,4,2013632893,1053),(4090,6,2013633826,1053),(4091,5,2013639383,1053),(4092,1,2013639954,1053),(4093,5,2013638861,1054),(4094,8,2013637785,1054),(4095,5,2013634139,1054),(4096,5,2013632530,1054),(4097,7,2013635099,1054),(4098,4,2013638127,1054),(4099,2,2013632792,1054),(4100,1,2013631538,1054),(4101,8,2013632274,1054),(4102,3,2013638280,1054),(4103,3,2013632532,1054),(4104,6,2013638193,1054),(4105,9,2013639718,1054),(4106,9,2013631759,1054),(4107,6,2013631133,1054),(4108,9,2013637269,1054),(4109,2,2013632893,1054),(4110,4,2013633826,1054),(4111,2,2013639383,1054),(4112,1,2013639954,1054),(4113,2,2013638861,1055),(4114,6,2013637785,1055),(4115,1,2013634139,1055),(4116,6,2013632530,1055),(4117,9,2013635099,1055),(4118,0,2013638127,1055),(4119,5,2013632792,1055),(4120,1,2013631538,1055),(4121,2,2013632274,1055),(4122,7,2013638280,1055),(4123,1,2013632532,1055),(4124,7,2013638193,1055),(4125,8,2013639718,1055),(4126,6,2013631759,1055),(4127,5,2013631133,1055),(4128,5,2013637269,1055),(4129,4,2013632893,1055),(4130,8,2013633826,1055),(4131,2,2013639383,1055),(4132,4,2013639954,1055),(4133,3,2013638861,1056),(4134,3,2013637785,1056),(4135,0,2013634139,1056),(4136,3,2013632530,1056),(4137,5,2013635099,1056),(4138,2,2013638127,1056),(4139,2,2013632792,1056),(4140,3,2013631538,1056),(4141,7,2013632274,1056),(4142,0,2013638280,1056),(4143,4,2013632532,1056),(4144,7,2013638193,1056),(4145,7,2013639718,1056),(4146,6,2013631759,1056),(4147,5,2013631133,1056),(4148,9,2013637269,1056),(4149,5,2013632893,1056),(4150,2,2013633826,1056),(4151,3,2013639383,1056),(4152,1,2013639954,1056),(4153,3,2013638861,1057),(4154,9,2013637785,1057),(4155,7,2013634139,1057),(4156,0,2013632530,1057),(4157,7,2013635099,1057),(4158,9,2013638127,1057),(4159,8,2013632792,1057),(4160,5,2013631538,1057),(4161,3,2013632274,1057),(4162,6,2013638280,1057),(4163,6,2013632532,1057),(4164,2,2013638193,1057),(4165,5,2013639718,1057),(4166,2,2013631759,1057),(4167,8,2013631133,1057),(4168,0,2013637269,1057),(4169,8,2013632893,1057),(4170,8,2013633826,1057),(4171,7,2013639383,1057),(4172,5,2013639954,1057),(4173,4,2013638861,1058),(4174,6,2013637785,1058),(4175,5,2013634139,1058),(4176,6,2013632530,1058),(4177,9,2013635099,1058),(4178,5,2013638127,1058),(4179,4,2013632792,1058),(4180,8,2013631538,1058),(4181,5,2013632274,1058),(4182,9,2013638280,1058),(4183,9,2013632532,1058),(4184,0,2013638193,1058),(4185,7,2013639718,1058),(4186,3,2013631759,1058),(4187,3,2013631133,1058),(4188,8,2013637269,1058),(4189,1,2013632893,1058),(4190,8,2013633826,1058),(4191,8,2013639383,1058),(4192,6,2013639954,1058),(4193,3,2013638861,1059),(4194,2,2013637785,1059),(4195,6,2013634139,1059),(4196,5,2013632530,1059),(4197,2,2013635099,1059),(4198,4,2013638127,1059),(4199,6,2013632792,1059),(4200,7,2013631538,1059),(4201,9,2013632274,1059),(4202,2,2013638280,1059),(4203,0,2013632532,1059),(4204,4,2013638193,1059),(4205,3,2013639718,1059),(4206,3,2013631759,1059),(4207,9,2013631133,1059),(4208,2,2013637269,1059),(4209,5,2013632893,1059),(4210,2,2013633826,1059),(4211,8,2013639383,1059),(4212,6,2013639954,1059),(4213,1,2013633239,1060),(4214,6,2013634058,1060),(4215,4,2013636514,1060),(4216,4,2013632096,1060),(4217,1,2013637185,1060),(4218,6,2013633676,1060),(4219,9,2013634639,1060),(4220,7,2013631950,1060),(4221,7,2013635120,1060),(4222,3,2013634031,1060),(4223,1,2013633698,1060),(4224,6,2013632418,1060),(4225,9,2013636960,1060),(4226,4,2013636944,1060),(4227,2,2013633610,1060),(4228,8,2013632622,1060),(4229,0,2013638086,1060),(4230,8,2013635580,1060),(4231,4,2013639656,1060),(4232,4,2013636178,1060),(4233,8,2013633239,1061),(4234,3,2013634058,1061),(4235,2,2013636514,1061),(4236,5,2013632096,1061),(4237,4,2013637185,1061),(4238,7,2013633676,1061),(4239,8,2013634639,1061),(4240,7,2013631950,1061),(4241,1,2013635120,1061),(4242,4,2013634031,1061),(4243,5,2013633698,1061),(4244,8,2013632418,1061),(4245,1,2013636960,1061),(4246,6,2013636944,1061),(4247,8,2013633610,1061),(4248,9,2013632622,1061),(4249,0,2013638086,1061),(4250,4,2013635580,1061),(4251,0,2013639656,1061),(4252,1,2013636178,1061),(4253,7,2013633239,1062),(4254,4,2013634058,1062),(4255,3,2013636514,1062),(4256,1,2013632096,1062),(4257,5,2013637185,1062),(4258,4,2013633676,1062),(4259,5,2013634639,1062),(4260,8,2013631950,1062),(4261,6,2013635120,1062),(4262,4,2013634031,1062),(4263,4,2013633698,1062),(4264,3,2013632418,1062),(4265,7,2013636960,1062),(4266,2,2013636944,1062),(4267,9,2013633610,1062),(4268,8,2013632622,1062),(4269,5,2013638086,1062),(4270,8,2013635580,1062),(4271,0,2013639656,1062),(4272,4,2013636178,1062),(4273,4,2013633239,1063),(4274,6,2013634058,1063),(4275,5,2013636514,1063),(4276,3,2013632096,1063),(4277,8,2013637185,1063),(4278,1,2013633676,1063),(4279,2,2013634639,1063),(4280,8,2013631950,1063),(4281,4,2013635120,1063),(4282,9,2013634031,1063),(4283,7,2013633698,1063),(4284,8,2013632418,1063),(4285,0,2013636960,1063),(4286,6,2013636944,1063),(4287,8,2013633610,1063),(4288,9,2013632622,1063),(4289,9,2013638086,1063),(4290,5,2013635580,1063),(4291,6,2013639656,1063),(4292,2,2013636178,1063),(4293,2,2013633239,1064),(4294,3,2013634058,1064),(4295,2,2013636514,1064),(4296,8,2013632096,1064),(4297,7,2013637185,1064),(4298,5,2013633676,1064),(4299,1,2013634639,1064),(4300,4,2013631950,1064),(4301,4,2013635120,1064),(4302,4,2013634031,1064),(4303,0,2013633698,1064),(4304,2,2013632418,1064),(4305,0,2013636960,1064),(4306,0,2013636944,1064),(4307,6,2013633610,1064),(4308,5,2013632622,1064),(4309,6,2013638086,1064),(4310,3,2013635580,1064),(4311,4,2013639656,1064),(4312,2,2013636178,1064),(4313,8,2013633239,1065),(4314,1,2013634058,1065),(4315,4,2013636514,1065),(4316,7,2013632096,1065),(4317,4,2013637185,1065),(4318,9,2013633676,1065),(4319,5,2013634639,1065),(4320,9,2013631950,1065),(4321,6,2013635120,1065),(4322,9,2013634031,1065),(4323,1,2013633698,1065),(4324,3,2013632418,1065),(4325,2,2013636960,1065),(4326,1,2013636944,1065),(4327,4,2013633610,1065),(4328,6,2013632622,1065),(4329,8,2013638086,1065),(4330,4,2013635580,1065),(4331,6,2013639656,1065),(4332,7,2013636178,1065),(4333,3,2013633239,1066),(4334,8,2013634058,1066),(4335,7,2013636514,1066),(4336,6,2013632096,1066),(4337,9,2013637185,1066),(4338,7,2013633676,1066),(4339,3,2013634639,1066),(4340,9,2013631950,1066),(4341,3,2013635120,1066),(4342,9,2013634031,1066),(4343,2,2013633698,1066),(4344,5,2013632418,1066),(4345,3,2013636960,1066),(4346,3,2013636944,1066),(4347,4,2013633610,1066),(4348,3,2013632622,1066),(4349,7,2013638086,1066),(4350,1,2013635580,1066),(4351,9,2013639656,1066),(4352,8,2013636178,1066),(4353,4,2013633239,1067),(4354,1,2013634058,1067),(4355,7,2013636514,1067),(4356,7,2013632096,1067),(4357,0,2013637185,1067),(4358,3,2013633676,1067),(4359,5,2013634639,1067),(4360,0,2013631950,1067),(4361,2,2013635120,1067),(4362,0,2013634031,1067),(4363,0,2013633698,1067),(4364,9,2013632418,1067),(4365,0,2013636960,1067),(4366,5,2013636944,1067),(4367,7,2013633610,1067),(4368,0,2013632622,1067),(4369,2,2013638086,1067),(4370,4,2013635580,1067),(4371,6,2013639656,1067),(4372,1,2013636178,1067),(4373,8,2013633239,1068),(4374,7,2013634058,1068),(4375,9,2013636514,1068),(4376,7,2013632096,1068),(4377,5,2013637185,1068),(4378,9,2013633676,1068),(4379,3,2013634639,1068),(4380,2,2013631950,1068),(4381,0,2013635120,1068),(4382,2,2013634031,1068),(4383,3,2013633698,1068),(4384,7,2013632418,1068),(4385,0,2013636960,1068),(4386,2,2013636944,1068),(4387,9,2013633610,1068),(4388,5,2013632622,1068),(4389,8,2013638086,1068),(4390,9,2013635580,1068),(4391,9,2013639656,1068),(4392,7,2013636178,1068),(4393,1,2013633239,1069),(4394,4,2013634058,1069),(4395,6,2013636514,1069),(4396,5,2013632096,1069),(4397,4,2013637185,1069),(4398,7,2013633676,1069),(4399,7,2013634639,1069),(4400,1,2013631950,1069),(4401,8,2013635120,1069),(4402,0,2013634031,1069),(4403,0,2013633698,1069),(4404,4,2013632418,1069),(4405,7,2013636960,1069),(4406,9,2013636944,1069),(4407,7,2013633610,1069),(4408,0,2013632622,1069),(4409,7,2013638086,1069),(4410,2,2013635580,1069),(4411,9,2013639656,1069),(4412,7,2013636178,1069),(4413,2,2013633239,1070),(4414,9,2013634058,1070),(4415,6,2013636514,1070),(4416,4,2013632096,1070),(4417,6,2013637185,1070),(4418,6,2013633676,1070),(4419,9,2013634639,1070),(4420,4,2013631950,1070),(4421,4,2013635120,1070),(4422,8,2013634031,1070),(4423,4,2013633698,1070),(4424,0,2013632418,1070),(4425,5,2013636960,1070),(4426,3,2013636944,1070),(4427,4,2013633610,1070),(4428,8,2013632622,1070),(4429,0,2013638086,1070),(4430,0,2013635580,1070),(4431,7,2013639656,1070),(4432,2,2013636178,1070),(4433,2,2013633239,1071),(4434,4,2013634058,1071),(4435,9,2013636514,1071),(4436,6,2013632096,1071),(4437,5,2013637185,1071),(4438,6,2013633676,1071),(4439,1,2013634639,1071),(4440,3,2013631950,1071),(4441,0,2013635120,1071),(4442,4,2013634031,1071),(4443,1,2013633698,1071),(4444,2,2013632418,1071),(4445,5,2013636960,1071),(4446,7,2013636944,1071),(4447,4,2013633610,1071),(4448,4,2013632622,1071),(4449,5,2013638086,1071),(4450,5,2013635580,1071),(4451,9,2013639656,1071),(4452,5,2013636178,1071),(4453,9,2013633239,1072),(4454,2,2013634058,1072),(4455,5,2013636514,1072),(4456,5,2013632096,1072),(4457,4,2013637185,1072),(4458,6,2013633676,1072),(4459,2,2013634639,1072),(4460,3,2013631950,1072),(4461,8,2013635120,1072),(4462,4,2013634031,1072),(4463,3,2013633698,1072),(4464,6,2013632418,1072),(4465,4,2013636960,1072),(4466,8,2013636944,1072),(4467,9,2013633610,1072),(4468,2,2013632622,1072),(4469,6,2013638086,1072),(4470,5,2013635580,1072),(4471,0,2013639656,1072),(4472,3,2013636178,1072),(4473,1,2013633239,1073),(4474,1,2013634058,1073),(4475,2,2013636514,1073),(4476,0,2013632096,1073),(4477,6,2013637185,1073),(4478,5,2013633676,1073),(4479,5,2013634639,1073),(4480,3,2013631950,1073),(4481,0,2013635120,1073),(4482,6,2013634031,1073),(4483,7,2013633698,1073),(4484,4,2013632418,1073),(4485,7,2013636960,1073),(4486,5,2013636944,1073),(4487,0,2013633610,1073),(4488,1,2013632622,1073),(4489,7,2013638086,1073),(4490,4,2013635580,1073),(4491,7,2013639656,1073),(4492,0,2013636178,1073),(4493,3,2013633239,1074),(4494,8,2013634058,1074),(4495,4,2013636514,1074),(4496,6,2013632096,1074),(4497,5,2013637185,1074),(4498,0,2013633676,1074),(4499,5,2013634639,1074),(4500,6,2013631950,1074),(4501,1,2013635120,1074),(4502,8,2013634031,1074),(4503,2,2013633698,1074),(4504,5,2013632418,1074),(4505,3,2013636960,1074),(4506,6,2013636944,1074),(4507,9,2013633610,1074),(4508,1,2013632622,1074),(4509,4,2013638086,1074),(4510,6,2013635580,1074),(4511,9,2013639656,1074),(4512,9,2013636178,1074),(4513,0,2013633226,1000),(4514,4,2013635631,1000),(4515,4,2013637100,1000),(4516,0,2013632311,1000),(4517,0,2013632263,1000),(4518,3,2013637779,1000),(4519,4,2013633541,1000),(4520,5,2013632352,1000),(4521,6,2013639746,1000),(4522,1,2013633737,1000),(4523,8,2013638586,1000),(4524,9,2013636545,1000),(4525,5,2013633480,1000),(4526,9,2013636767,1000),(4527,9,2013631938,1000),(4528,8,2013635956,1000),(4529,4,2013634082,1000),(4530,4,2013634432,1000),(4531,2,2013634579,1000),(4532,3,2013634597,1000),(4533,6,2013633226,1001),(4534,2,2013635631,1001),(4535,6,2013637100,1001),(4536,1,2013632311,1001),(4537,8,2013632263,1001),(4538,7,2013637779,1001),(4539,1,2013633541,1001),(4540,8,2013632352,1001),(4541,8,2013639746,1001),(4542,5,2013633737,1001),(4543,7,2013638586,1001),(4544,0,2013636545,1001),(4545,8,2013633480,1001),(4546,3,2013636767,1001),(4547,8,2013631938,1001),(4548,1,2013635956,1001),(4549,9,2013634082,1001),(4550,3,2013634432,1001),(4551,2,2013634579,1001),(4552,1,2013634597,1001),(4553,2,2013633226,1002),(4554,6,2013635631,1002),(4555,0,2013637100,1002),(4556,1,2013632311,1002),(4557,9,2013632263,1002),(4558,2,2013637779,1002),(4559,6,2013633541,1002),(4560,5,2013632352,1002),(4561,1,2013639746,1002),(4562,5,2013633737,1002),(4563,3,2013638586,1002),(4564,4,2013636545,1002),(4565,8,2013633480,1002),(4566,0,2013636767,1002),(4567,8,2013631938,1002),(4568,9,2013635956,1002),(4569,4,2013634082,1002),(4570,1,2013634432,1002),(4571,3,2013634579,1002),(4572,2,2013634597,1002),(4573,6,2013633226,1003),(4574,7,2013635631,1003),(4575,5,2013637100,1003),(4576,6,2013632311,1003),(4577,8,2013632263,1003),(4578,4,2013637779,1003),(4579,8,2013633541,1003),(4580,8,2013632352,1003),(4581,5,2013639746,1003),(4582,0,2013633737,1003),(4583,7,2013638586,1003),(4584,8,2013636545,1003),(4585,3,2013633480,1003),(4586,3,2013636767,1003),(4587,6,2013631938,1003),(4588,7,2013635956,1003),(4589,1,2013634082,1003),(4590,6,2013634432,1003),(4591,3,2013634579,1003),(4592,0,2013634597,1003),(4593,3,2013633226,1004),(4594,7,2013635631,1004),(4595,1,2013637100,1004),(4596,1,2013632311,1004),(4597,4,2013632263,1004),(4598,2,2013637779,1004),(4599,1,2013633541,1004),(4600,4,2013632352,1004),(4601,2,2013639746,1004),(4602,3,2013633737,1004),(4603,9,2013638586,1004),(4604,4,2013636545,1004),(4605,7,2013633480,1004),(4606,4,2013636767,1004),(4607,9,2013631938,1004),(4608,9,2013635956,1004),(4609,7,2013634082,1004),(4610,8,2013634432,1004),(4611,5,2013634579,1004),(4612,9,2013634597,1004),(4613,8,2013633226,1005),(4614,1,2013635631,1005),(4615,3,2013637100,1005),(4616,9,2013632311,1005),(4617,4,2013632263,1005),(4618,6,2013637779,1005),(4619,9,2013633541,1005),(4620,6,2013632352,1005),(4621,3,2013639746,1005),(4622,4,2013633737,1005),(4623,4,2013638586,1005),(4624,2,2013636545,1005),(4625,1,2013633480,1005),(4626,3,2013636767,1005),(4627,3,2013631938,1005),(4628,7,2013635956,1005),(4629,2,2013634082,1005),(4630,4,2013634432,1005),(4631,5,2013634579,1005),(4632,8,2013634597,1005),(4633,4,2013633226,1006),(4634,0,2013635631,1006),(4635,2,2013637100,1006),(4636,0,2013632311,1006),(4637,4,2013632263,1006),(4638,4,2013637779,1006),(4639,2,2013633541,1006),(4640,0,2013632352,1006),(4641,3,2013639746,1006),(4642,6,2013633737,1006),(4643,9,2013638586,1006),(4644,4,2013636545,1006),(4645,4,2013633480,1006),(4646,3,2013636767,1006),(4647,0,2013631938,1006),(4648,8,2013635956,1006),(4649,0,2013634082,1006),(4650,2,2013634432,1006),(4651,0,2013634579,1006),(4652,3,2013634597,1006),(4653,6,2013633226,1007),(4654,7,2013635631,1007),(4655,9,2013637100,1007),(4656,0,2013632311,1007),(4657,0,2013632263,1007),(4658,9,2013637779,1007),(4659,0,2013633541,1007),(4660,0,2013632352,1007),(4661,4,2013639746,1007),(4662,3,2013633737,1007),(4663,1,2013638586,1007),(4664,8,2013636545,1007),(4665,7,2013633480,1007),(4666,3,2013636767,1007),(4667,0,2013631938,1007),(4668,6,2013635956,1007),(4669,4,2013634082,1007),(4670,4,2013634432,1007),(4671,9,2013634579,1007),(4672,1,2013634597,1007),(4673,1,2013633226,1008),(4674,4,2013635631,1008),(4675,3,2013637100,1008),(4676,6,2013632311,1008),(4677,3,2013632263,1008),(4678,5,2013637779,1008),(4679,3,2013633541,1008),(4680,8,2013632352,1008),(4681,5,2013639746,1008),(4682,5,2013633737,1008),(4683,0,2013638586,1008),(4684,0,2013636545,1008),(4685,0,2013633480,1008),(4686,8,2013636767,1008),(4687,3,2013631938,1008),(4688,3,2013635956,1008),(4689,3,2013634082,1008),(4690,7,2013634432,1008),(4691,3,2013634579,1008),(4692,8,2013634597,1008),(4693,7,2013633226,1009),(4694,8,2013635631,1009),(4695,8,2013637100,1009),(4696,0,2013632311,1009),(4697,4,2013632263,1009),(4698,2,2013637779,1009),(4699,7,2013633541,1009),(4700,3,2013632352,1009),(4701,7,2013639746,1009),(4702,0,2013633737,1009),(4703,8,2013638586,1009),(4704,8,2013636545,1009),(4705,2,2013633480,1009),(4706,3,2013636767,1009),(4707,4,2013631938,1009),(4708,4,2013635956,1009),(4709,3,2013634082,1009),(4710,8,2013634432,1009),(4711,0,2013634579,1009),(4712,0,2013634597,1009),(4713,9,2013633226,1010),(4714,5,2013635631,1010),(4715,0,2013637100,1010),(4716,8,2013632311,1010),(4717,6,2013632263,1010),(4718,1,2013637779,1010),(4719,3,2013633541,1010),(4720,3,2013632352,1010),(4721,4,2013639746,1010),(4722,3,2013633737,1010),(4723,7,2013638586,1010),(4724,8,2013636545,1010),(4725,2,2013633480,1010),(4726,2,2013636767,1010),(4727,9,2013631938,1010),(4728,8,2013635956,1010),(4729,9,2013634082,1010),(4730,3,2013634432,1010),(4731,0,2013634579,1010),(4732,6,2013634597,1010),(4733,0,2013633226,1011),(4734,9,2013635631,1011),(4735,0,2013637100,1011),(4736,6,2013632311,1011),(4737,3,2013632263,1011),(4738,1,2013637779,1011),(4739,9,2013633541,1011),(4740,0,2013632352,1011),(4741,9,2013639746,1011),(4742,9,2013633737,1011),(4743,6,2013638586,1011),(4744,3,2013636545,1011),(4745,3,2013633480,1011),(4746,7,2013636767,1011),(4747,3,2013631938,1011),(4748,6,2013635956,1011),(4749,3,2013634082,1011),(4750,6,2013634432,1011),(4751,5,2013634579,1011),(4752,2,2013634597,1011),(4753,4,2013633226,1012),(4754,0,2013635631,1012),(4755,8,2013637100,1012),(4756,6,2013632311,1012),(4757,1,2013632263,1012),(4758,5,2013637779,1012),(4759,0,2013633541,1012),(4760,3,2013632352,1012),(4761,1,2013639746,1012),(4762,0,2013633737,1012),(4763,3,2013638586,1012),(4764,9,2013636545,1012),(4765,5,2013633480,1012),(4766,3,2013636767,1012),(4767,6,2013631938,1012),(4768,6,2013635956,1012),(4769,2,2013634082,1012),(4770,6,2013634432,1012),(4771,7,2013634579,1012),(4772,5,2013634597,1012),(4773,7,2013633226,1013),(4774,3,2013635631,1013),(4775,4,2013637100,1013),(4776,3,2013632311,1013),(4777,3,2013632263,1013),(4778,9,2013637779,1013),(4779,9,2013633541,1013),(4780,2,2013632352,1013),(4781,1,2013639746,1013),(4782,6,2013633737,1013),(4783,3,2013638586,1013),(4784,8,2013636545,1013),(4785,9,2013633480,1013),(4786,0,2013636767,1013),(4787,0,2013631938,1013),(4788,0,2013635956,1013),(4789,7,2013634082,1013),(4790,8,2013634432,1013),(4791,4,2013634579,1013),(4792,9,2013634597,1013),(4793,0,2013633226,1014),(4794,3,2013635631,1014),(4795,3,2013637100,1014),(4796,8,2013632311,1014),(4797,5,2013632263,1014),(4798,7,2013637779,1014),(4799,6,2013633541,1014),(4800,0,2013632352,1014),(4801,1,2013639746,1014),(4802,6,2013633737,1014),(4803,1,2013638586,1014),(4804,4,2013636545,1014),(4805,5,2013633480,1014),(4806,3,2013636767,1014),(4807,9,2013631938,1014),(4808,1,2013635956,1014),(4809,7,2013634082,1014),(4810,6,2013634432,1014),(4811,7,2013634579,1014),(4812,1,2013634597,1014),(4813,5,2013633097,1015),(4814,1,2013632664,1015),(4815,3,2013633985,1015),(4816,5,2013634348,1015),(4817,5,2013633365,1015),(4818,2,2013636775,1015),(4819,3,2013635363,1015),(4820,1,2013636275,1015),(4821,3,2013637338,1015),(4822,4,2013639913,1015),(4823,0,2013637044,1015),(4824,1,2013631771,1015),(4825,2,2013638383,1015),(4826,8,2013635136,1015),(4827,5,2013632641,1015),(4828,7,2013636024,1015),(4829,5,2013638258,1015),(4830,1,2013637341,1015),(4831,0,2013634319,1015),(4832,9,2013638719,1015),(4833,1,2013633097,1016),(4834,9,2013632664,1016),(4835,4,2013633985,1016),(4836,2,2013634348,1016),(4837,1,2013633365,1016),(4838,1,2013636775,1016),(4839,3,2013635363,1016),(4840,8,2013636275,1016),(4841,1,2013637338,1016),(4842,3,2013639913,1016),(4843,6,2013637044,1016),(4844,6,2013631771,1016),(4845,4,2013638383,1016),(4846,5,2013635136,1016),(4847,0,2013632641,1016),(4848,9,2013636024,1016),(4849,6,2013638258,1016),(4850,0,2013637341,1016),(4851,4,2013634319,1016),(4852,2,2013638719,1016),(4853,2,2013633097,1017),(4854,3,2013632664,1017),(4855,7,2013633985,1017),(4856,0,2013634348,1017),(4857,3,2013633365,1017),(4858,8,2013636775,1017),(4859,7,2013635363,1017),(4860,2,2013636275,1017),(4861,0,2013637338,1017),(4862,7,2013639913,1017),(4863,6,2013637044,1017),(4864,2,2013631771,1017),(4865,1,2013638383,1017),(4866,2,2013635136,1017),(4867,7,2013632641,1017),(4868,5,2013636024,1017),(4869,5,2013638258,1017),(4870,6,2013637341,1017),(4871,7,2013634319,1017),(4872,9,2013638719,1017),(4873,8,2013633097,1018),(4874,6,2013632664,1018),(4875,7,2013633985,1018),(4876,9,2013634348,1018),(4877,2,2013633365,1018),(4878,8,2013636775,1018),(4879,1,2013635363,1018),(4880,9,2013636275,1018),(4881,4,2013637338,1018),(4882,6,2013639913,1018),(4883,0,2013637044,1018),(4884,6,2013631771,1018),(4885,3,2013638383,1018),(4886,4,2013635136,1018),(4887,3,2013632641,1018),(4888,9,2013636024,1018),(4889,8,2013638258,1018),(4890,5,2013637341,1018),(4891,1,2013634319,1018),(4892,2,2013638719,1018),(4893,3,2013633097,1019),(4894,9,2013632664,1019),(4895,9,2013633985,1019),(4896,8,2013634348,1019),(4897,8,2013633365,1019),(4898,3,2013636775,1019),(4899,4,2013635363,1019),(4900,9,2013636275,1019),(4901,1,2013637338,1019),(4902,2,2013639913,1019),(4903,5,2013637044,1019),(4904,3,2013631771,1019),(4905,1,2013638383,1019),(4906,4,2013635136,1019),(4907,4,2013632641,1019),(4908,6,2013636024,1019),(4909,9,2013638258,1019),(4910,8,2013637341,1019),(4911,5,2013634319,1019),(4912,7,2013638719,1019),(4913,5,2013633097,1020),(4914,3,2013632664,1020),(4915,0,2013633985,1020),(4916,5,2013634348,1020),(4917,0,2013633365,1020),(4918,5,2013636775,1020),(4919,5,2013635363,1020),(4920,9,2013636275,1020),(4921,6,2013637338,1020),(4922,5,2013639913,1020),(4923,2,2013637044,1020),(4924,8,2013631771,1020),(4925,9,2013638383,1020),(4926,8,2013635136,1020),(4927,1,2013632641,1020),(4928,1,2013636024,1020),(4929,9,2013638258,1020),(4930,0,2013637341,1020),(4931,3,2013634319,1020),(4932,5,2013638719,1020),(4933,0,2013633097,1021),(4934,6,2013632664,1021),(4935,0,2013633985,1021),(4936,0,2013634348,1021),(4937,6,2013633365,1021),(4938,1,2013636775,1021),(4939,6,2013635363,1021),(4940,2,2013636275,1021),(4941,7,2013637338,1021),(4942,5,2013639913,1021),(4943,9,2013637044,1021),(4944,2,2013631771,1021),(4945,6,2013638383,1021),(4946,0,2013635136,1021),(4947,5,2013632641,1021),(4948,2,2013636024,1021),(4949,8,2013638258,1021),(4950,9,2013637341,1021),(4951,1,2013634319,1021),(4952,0,2013638719,1021),(4953,8,2013633097,1022),(4954,4,2013632664,1022),(4955,6,2013633985,1022),(4956,8,2013634348,1022),(4957,8,2013633365,1022),(4958,2,2013636775,1022),(4959,9,2013635363,1022),(4960,4,2013636275,1022),(4961,0,2013637338,1022),(4962,2,2013639913,1022),(4963,3,2013637044,1022),(4964,8,2013631771,1022),(4965,1,2013638383,1022),(4966,6,2013635136,1022),(4967,4,2013632641,1022),(4968,9,2013636024,1022),(4969,1,2013638258,1022),(4970,4,2013637341,1022),(4971,8,2013634319,1022),(4972,9,2013638719,1022),(4973,6,2013633097,1023),(4974,4,2013632664,1023),(4975,7,2013633985,1023),(4976,6,2013634348,1023),(4977,1,2013633365,1023),(4978,8,2013636775,1023),(4979,0,2013635363,1023),(4980,2,2013636275,1023),(4981,0,2013637338,1023),(4982,6,2013639913,1023),(4983,5,2013637044,1023),(4984,0,2013631771,1023),(4985,4,2013638383,1023),(4986,8,2013635136,1023),(4987,5,2013632641,1023),(4988,7,2013636024,1023),(4989,9,2013638258,1023),(4990,5,2013637341,1023),(4991,3,2013634319,1023),(4992,5,2013638719,1023),(4993,5,2013633097,1024),(4994,9,2013632664,1024),(4995,8,2013633985,1024),(4996,7,2013634348,1024),(4997,5,2013633365,1024),(4998,1,2013636775,1024),(4999,5,2013635363,1024),(5000,2,2013636275,1024),(5001,0,2013637338,1024),(5002,6,2013639913,1024),(5003,9,2013637044,1024),(5004,4,2013631771,1024),(5005,6,2013638383,1024),(5006,7,2013635136,1024),(5007,6,2013632641,1024),(5008,7,2013636024,1024),(5009,1,2013638258,1024),(5010,7,2013637341,1024),(5011,5,2013634319,1024),(5012,5,2013638719,1024),(5013,9,2013633097,1025),(5014,3,2013632664,1025),(5015,7,2013633985,1025),(5016,6,2013634348,1025),(5017,4,2013633365,1025),(5018,4,2013636775,1025),(5019,7,2013635363,1025),(5020,4,2013636275,1025),(5021,6,2013637338,1025),(5022,3,2013639913,1025),(5023,7,2013637044,1025),(5024,1,2013631771,1025),(5025,9,2013638383,1025),(5026,0,2013635136,1025),(5027,8,2013632641,1025),(5028,8,2013636024,1025),(5029,3,2013638258,1025),(5030,7,2013637341,1025),(5031,5,2013634319,1025),(5032,9,2013638719,1025),(5033,9,2013633097,1026),(5034,3,2013632664,1026),(5035,0,2013633985,1026),(5036,2,2013634348,1026),(5037,5,2013633365,1026),(5038,7,2013636775,1026),(5039,9,2013635363,1026),(5040,8,2013636275,1026),(5041,1,2013637338,1026),(5042,1,2013639913,1026),(5043,7,2013637044,1026),(5044,8,2013631771,1026),(5045,8,2013638383,1026),(5046,1,2013635136,1026),(5047,2,2013632641,1026),(5048,6,2013636024,1026),(5049,0,2013638258,1026),(5050,0,2013637341,1026),(5051,6,2013634319,1026),(5052,7,2013638719,1026),(5053,1,2013633097,1027),(5054,6,2013632664,1027),(5055,5,2013633985,1027),(5056,9,2013634348,1027),(5057,7,2013633365,1027),(5058,9,2013636775,1027),(5059,3,2013635363,1027),(5060,8,2013636275,1027),(5061,3,2013637338,1027),(5062,3,2013639913,1027),(5063,9,2013637044,1027),(5064,9,2013631771,1027),(5065,9,2013638383,1027),(5066,4,2013635136,1027),(5067,2,2013632641,1027),(5068,0,2013636024,1027),(5069,4,2013638258,1027),(5070,9,2013637341,1027),(5071,8,2013634319,1027),(5072,3,2013638719,1027),(5073,3,2013633097,1028),(5074,1,2013632664,1028),(5075,7,2013633985,1028),(5076,5,2013634348,1028),(5077,8,2013633365,1028),(5078,3,2013636775,1028),(5079,3,2013635363,1028),(5080,5,2013636275,1028),(5081,7,2013637338,1028),(5082,3,2013639913,1028),(5083,1,2013637044,1028),(5084,6,2013631771,1028),(5085,4,2013638383,1028),(5086,2,2013635136,1028),(5087,5,2013632641,1028),(5088,0,2013636024,1028),(5089,6,2013638258,1028),(5090,6,2013637341,1028),(5091,0,2013634319,1028),(5092,8,2013638719,1028),(5093,3,2013633097,1029),(5094,8,2013632664,1029),(5095,5,2013633985,1029),(5096,0,2013634348,1029),(5097,3,2013633365,1029),(5098,8,2013636775,1029),(5099,9,2013635363,1029),(5100,9,2013636275,1029),(5101,9,2013637338,1029),(5102,3,2013639913,1029),(5103,9,2013637044,1029),(5104,0,2013631771,1029),(5105,2,2013638383,1029),(5106,1,2013635136,1029),(5107,1,2013632641,1029),(5108,0,2013636024,1029),(5109,0,2013638258,1029),(5110,7,2013637341,1029),(5111,5,2013634319,1029),(5112,5,2013638719,1029),(5113,4,2013632456,1030),(5114,9,2013635924,1030),(5115,6,2013635161,1030),(5116,6,2013634532,1030),(5117,2,2013633813,1030),(5118,3,2013631855,1030),(5119,5,2013639099,1030),(5120,4,2013636781,1030),(5121,0,2013636445,1030),(5122,6,2013637258,1030),(5123,0,2013632752,1030),(5124,0,2013636213,1030),(5125,9,2013638096,1030),(5126,7,2013632847,1030),(5127,9,2013634461,1030),(5128,2,2013631931,1030),(5129,9,2013636780,1030),(5130,7,2013631226,1030),(5131,3,2013634638,1030),(5132,1,2013632470,1030),(5133,8,2013632456,1031),(5134,4,2013635924,1031),(5135,1,2013635161,1031),(5136,3,2013634532,1031),(5137,3,2013633813,1031),(5138,7,2013631855,1031),(5139,8,2013639099,1031),(5140,7,2013636781,1031),(5141,1,2013636445,1031),(5142,3,2013637258,1031),(5143,9,2013632752,1031),(5144,2,2013636213,1031),(5145,6,2013638096,1031),(5146,6,2013632847,1031),(5147,8,2013634461,1031),(5148,3,2013631931,1031),(5149,0,2013636780,1031),(5150,7,2013631226,1031),(5151,5,2013634638,1031),(5152,6,2013632470,1031),(5153,2,2013632456,1032),(5154,4,2013635924,1032),(5155,7,2013635161,1032),(5156,3,2013634532,1032),(5157,6,2013633813,1032),(5158,5,2013631855,1032),(5159,1,2013639099,1032),(5160,4,2013636781,1032),(5161,7,2013636445,1032),(5162,5,2013637258,1032),(5163,4,2013632752,1032),(5164,3,2013636213,1032),(5165,6,2013638096,1032),(5166,6,2013632847,1032),(5167,7,2013634461,1032),(5168,4,2013631931,1032),(5169,0,2013636780,1032),(5170,8,2013631226,1032),(5171,9,2013634638,1032),(5172,0,2013632470,1032),(5173,7,2013632456,1033),(5174,9,2013635924,1033),(5175,7,2013635161,1033),(5176,2,2013634532,1033),(5177,0,2013633813,1033),(5178,0,2013631855,1033),(5179,3,2013639099,1033),(5180,6,2013636781,1033),(5181,0,2013636445,1033),(5182,4,2013637258,1033),(5183,1,2013632752,1033),(5184,0,2013636213,1033),(5185,6,2013638096,1033),(5186,9,2013632847,1033),(5187,6,2013634461,1033),(5188,2,2013631931,1033),(5189,1,2013636780,1033),(5190,5,2013631226,1033),(5191,5,2013634638,1033),(5192,8,2013632470,1033),(5193,8,2013632456,1034),(5194,1,2013635924,1034),(5195,4,2013635161,1034),(5196,3,2013634532,1034),(5197,4,2013633813,1034),(5198,2,2013631855,1034),(5199,1,2013639099,1034),(5200,8,2013636781,1034),(5201,6,2013636445,1034),(5202,1,2013637258,1034),(5203,2,2013632752,1034),(5204,2,2013636213,1034),(5205,0,2013638096,1034),(5206,4,2013632847,1034),(5207,0,2013634461,1034),(5208,5,2013631931,1034),(5209,0,2013636780,1034),(5210,7,2013631226,1034),(5211,3,2013634638,1034),(5212,7,2013632470,1034),(5213,0,2013632456,1035),(5214,8,2013635924,1035),(5215,7,2013635161,1035),(5216,9,2013634532,1035),(5217,2,2013633813,1035),(5218,1,2013631855,1035),(5219,9,2013639099,1035),(5220,4,2013636781,1035),(5221,5,2013636445,1035),(5222,2,2013637258,1035),(5223,8,2013632752,1035),(5224,8,2013636213,1035),(5225,6,2013638096,1035),(5226,0,2013632847,1035),(5227,2,2013634461,1035),(5228,8,2013631931,1035),(5229,9,2013636780,1035),(5230,7,2013631226,1035),(5231,3,2013634638,1035),(5232,0,2013632470,1035),(5233,7,2013632456,1036),(5234,1,2013635924,1036),(5235,4,2013635161,1036),(5236,0,2013634532,1036),(5237,3,2013633813,1036),(5238,9,2013631855,1036),(5239,0,2013639099,1036),(5240,9,2013636781,1036),(5241,2,2013636445,1036),(5242,5,2013637258,1036),(5243,7,2013632752,1036),(5244,9,2013636213,1036),(5245,5,2013638096,1036),(5246,7,2013632847,1036),(5247,0,2013634461,1036),(5248,8,2013631931,1036),(5249,1,2013636780,1036),(5250,0,2013631226,1036),(5251,0,2013634638,1036),(5252,6,2013632470,1036),(5253,8,2013632456,1037),(5254,9,2013635924,1037),(5255,9,2013635161,1037),(5256,9,2013634532,1037),(5257,2,2013633813,1037),(5258,1,2013631855,1037),(5259,2,2013639099,1037),(5260,0,2013636781,1037),(5261,8,2013636445,1037),(5262,8,2013637258,1037),(5263,0,2013632752,1037),(5264,8,2013636213,1037),(5265,0,2013638096,1037),(5266,6,2013632847,1037),(5267,4,2013634461,1037),(5268,4,2013631931,1037),(5269,4,2013636780,1037),(5270,1,2013631226,1037),(5271,5,2013634638,1037),(5272,9,2013632470,1037),(5273,9,2013632456,1038),(5274,3,2013635924,1038),(5275,9,2013635161,1038),(5276,1,2013634532,1038),(5277,6,2013633813,1038),(5278,6,2013631855,1038),(5279,7,2013639099,1038),(5280,8,2013636781,1038),(5281,4,2013636445,1038),(5282,5,2013637258,1038),(5283,3,2013632752,1038),(5284,4,2013636213,1038),(5285,3,2013638096,1038),(5286,5,2013632847,1038),(5287,8,2013634461,1038),(5288,9,2013631931,1038),(5289,4,2013636780,1038),(5290,7,2013631226,1038),(5291,3,2013634638,1038),(5292,0,2013632470,1038),(5293,5,2013632456,1039),(5294,1,2013635924,1039),(5295,8,2013635161,1039),(5296,3,2013634532,1039),(5297,6,2013633813,1039),(5298,2,2013631855,1039),(5299,8,2013639099,1039),(5300,2,2013636781,1039),(5301,9,2013636445,1039),(5302,0,2013637258,1039),(5303,2,2013632752,1039),(5304,5,2013636213,1039),(5305,4,2013638096,1039),(5306,5,2013632847,1039),(5307,2,2013634461,1039),(5308,5,2013631931,1039),(5309,7,2013636780,1039),(5310,2,2013631226,1039),(5311,7,2013634638,1039),(5312,8,2013632470,1039),(5313,2,2013632456,1040),(5314,3,2013635924,1040),(5315,5,2013635161,1040),(5316,3,2013634532,1040),(5317,6,2013633813,1040),(5318,1,2013631855,1040),(5319,6,2013639099,1040),(5320,3,2013636781,1040),(5321,9,2013636445,1040),(5322,5,2013637258,1040),(5323,3,2013632752,1040),(5324,0,2013636213,1040),(5325,5,2013638096,1040),(5326,9,2013632847,1040),(5327,3,2013634461,1040),(5328,2,2013631931,1040),(5329,1,2013636780,1040),(5330,9,2013631226,1040),(5331,5,2013634638,1040),(5332,8,2013632470,1040),(5333,4,2013632456,1041),(5334,6,2013635924,1041),(5335,6,2013635161,1041),(5336,8,2013634532,1041),(5337,8,2013633813,1041),(5338,5,2013631855,1041),(5339,8,2013639099,1041),(5340,2,2013636781,1041),(5341,0,2013636445,1041),(5342,6,2013637258,1041),(5343,6,2013632752,1041),(5344,4,2013636213,1041),(5345,7,2013638096,1041),(5346,5,2013632847,1041),(5347,4,2013634461,1041),(5348,2,2013631931,1041),(5349,6,2013636780,1041),(5350,1,2013631226,1041),(5351,6,2013634638,1041),(5352,9,2013632470,1041),(5353,8,2013632456,1042),(5354,2,2013635924,1042),(5355,8,2013635161,1042),(5356,6,2013634532,1042),(5357,6,2013633813,1042),(5358,3,2013631855,1042),(5359,6,2013639099,1042),(5360,2,2013636781,1042),(5361,5,2013636445,1042),(5362,4,2013637258,1042),(5363,1,2013632752,1042),(5364,3,2013636213,1042),(5365,0,2013638096,1042),(5366,4,2013632847,1042),(5367,8,2013634461,1042),(5368,7,2013631931,1042),(5369,2,2013636780,1042),(5370,6,2013631226,1042),(5371,3,2013634638,1042),(5372,4,2013632470,1042),(5373,0,2013632456,1043),(5374,6,2013635924,1043),(5375,5,2013635161,1043),(5376,7,2013634532,1043),(5377,4,2013633813,1043),(5378,5,2013631855,1043),(5379,8,2013639099,1043),(5380,1,2013636781,1043),(5381,4,2013636445,1043),(5382,7,2013637258,1043),(5383,9,2013632752,1043),(5384,1,2013636213,1043),(5385,7,2013638096,1043),(5386,8,2013632847,1043),(5387,9,2013634461,1043),(5388,5,2013631931,1043),(5389,2,2013636780,1043),(5390,4,2013631226,1043),(5391,8,2013634638,1043),(5392,4,2013632470,1043),(5393,4,2013632456,1044),(5394,6,2013635924,1044),(5395,1,2013635161,1044),(5396,5,2013634532,1044),(5397,7,2013633813,1044),(5398,5,2013631855,1044),(5399,3,2013639099,1044),(5400,4,2013636781,1044),(5401,3,2013636445,1044),(5402,8,2013637258,1044),(5403,1,2013632752,1044),(5404,3,2013636213,1044),(5405,8,2013638096,1044),(5406,0,2013632847,1044),(5407,5,2013634461,1044),(5408,7,2013631931,1044),(5409,4,2013636780,1044),(5410,6,2013631226,1044),(5411,5,2013634638,1044),(5412,9,2013632470,1044),(5413,3,2013638414,1045),(5414,2,2013635559,1045),(5415,4,2013631901,1045),(5416,4,2013634147,1045),(5417,7,2013632460,1045),(5418,8,2013631052,1045),(5419,0,2013634016,1045),(5420,3,2013637486,1045),(5421,4,2013637481,1045),(5422,7,2013635576,1045),(5423,2,2013633661,1045),(5424,4,2013638074,1045),(5425,8,2013631010,1045),(5426,7,2013639794,1045),(5427,1,2013634319,1045),(5428,2,2013639499,1045),(5429,5,2013637782,1045),(5430,0,2013633846,1045),(5431,5,2013636239,1045),(5432,8,2013635189,1045),(5433,6,2013638414,1046),(5434,1,2013635559,1046),(5435,9,2013631901,1046),(5436,7,2013634147,1046),(5437,8,2013632460,1046),(5438,3,2013631052,1046),(5439,0,2013634016,1046),(5440,2,2013637486,1046),(5441,4,2013637481,1046),(5442,6,2013635576,1046),(5443,7,2013633661,1046),(5444,8,2013638074,1046),(5445,5,2013631010,1046),(5446,3,2013639794,1046),(5447,1,2013634319,1046),(5448,9,2013639499,1046),(5449,3,2013637782,1046),(5450,4,2013633846,1046),(5451,8,2013636239,1046),(5452,6,2013635189,1046),(5453,9,2013638414,1047),(5454,0,2013635559,1047),(5455,6,2013631901,1047),(5456,0,2013634147,1047),(5457,3,2013632460,1047),(5458,8,2013631052,1047),(5459,7,2013634016,1047),(5460,0,2013637486,1047),(5461,1,2013637481,1047),(5462,9,2013635576,1047),(5463,2,2013633661,1047),(5464,9,2013638074,1047),(5465,7,2013631010,1047),(5466,3,2013639794,1047),(5467,9,2013634319,1047),(5468,5,2013639499,1047),(5469,5,2013637782,1047),(5470,9,2013633846,1047),(5471,4,2013636239,1047),(5472,7,2013635189,1047),(5473,7,2013638414,1048),(5474,0,2013635559,1048),(5475,9,2013631901,1048),(5476,6,2013634147,1048),(5477,3,2013632460,1048),(5478,8,2013631052,1048),(5479,4,2013634016,1048),(5480,5,2013637486,1048),(5481,8,2013637481,1048),(5482,6,2013635576,1048),(5483,9,2013633661,1048),(5484,0,2013638074,1048),(5485,1,2013631010,1048),(5486,1,2013639794,1048),(5487,1,2013634319,1048),(5488,8,2013639499,1048),(5489,1,2013637782,1048),(5490,1,2013633846,1048),(5491,2,2013636239,1048),(5492,7,2013635189,1048),(5493,6,2013638414,1049),(5494,3,2013635559,1049),(5495,7,2013631901,1049),(5496,7,2013634147,1049),(5497,0,2013632460,1049),(5498,7,2013631052,1049),(5499,8,2013634016,1049),(5500,0,2013637486,1049),(5501,9,2013637481,1049),(5502,9,2013635576,1049),(5503,6,2013633661,1049),(5504,7,2013638074,1049),(5505,8,2013631010,1049),(5506,7,2013639794,1049),(5507,4,2013634319,1049),(5508,5,2013639499,1049),(5509,7,2013637782,1049),(5510,8,2013633846,1049),(5511,3,2013636239,1049),(5512,4,2013635189,1049),(5513,6,2013638414,1050),(5514,5,2013635559,1050),(5515,3,2013631901,1050),(5516,9,2013634147,1050),(5517,0,2013632460,1050),(5518,5,2013631052,1050),(5519,2,2013634016,1050),(5520,1,2013637486,1050),(5521,1,2013637481,1050),(5522,2,2013635576,1050),(5523,9,2013633661,1050),(5524,6,2013638074,1050),(5525,8,2013631010,1050),(5526,4,2013639794,1050),(5527,0,2013634319,1050),(5528,9,2013639499,1050),(5529,9,2013637782,1050),(5530,0,2013633846,1050),(5531,3,2013636239,1050),(5532,7,2013635189,1050),(5533,5,2013638414,1051),(5534,6,2013635559,1051),(5535,1,2013631901,1051),(5536,2,2013634147,1051),(5537,1,2013632460,1051),(5538,7,2013631052,1051),(5539,8,2013634016,1051),(5540,3,2013637486,1051),(5541,9,2013637481,1051),(5542,1,2013635576,1051),(5543,7,2013633661,1051),(5544,8,2013638074,1051),(5545,0,2013631010,1051),(5546,3,2013639794,1051),(5547,4,2013634319,1051),(5548,4,2013639499,1051),(5549,4,2013637782,1051),(5550,2,2013633846,1051),(5551,7,2013636239,1051),(5552,7,2013635189,1051),(5553,9,2013638414,1052),(5554,1,2013635559,1052),(5555,0,2013631901,1052),(5556,7,2013634147,1052),(5557,9,2013632460,1052),(5558,8,2013631052,1052),(5559,4,2013634016,1052),(5560,0,2013637486,1052),(5561,8,2013637481,1052),(5562,7,2013635576,1052),(5563,0,2013633661,1052),(5564,2,2013638074,1052),(5565,1,2013631010,1052),(5566,2,2013639794,1052),(5567,1,2013634319,1052),(5568,7,2013639499,1052),(5569,0,2013637782,1052),(5570,5,2013633846,1052),(5571,6,2013636239,1052),(5572,1,2013635189,1052),(5573,0,2013638414,1053),(5574,6,2013635559,1053),(5575,4,2013631901,1053),(5576,0,2013634147,1053),(5577,5,2013632460,1053),(5578,5,2013631052,1053),(5579,5,2013634016,1053),(5580,9,2013637486,1053),(5581,0,2013637481,1053),(5582,6,2013635576,1053),(5583,8,2013633661,1053),(5584,4,2013638074,1053),(5585,5,2013631010,1053),(5586,3,2013639794,1053),(5587,5,2013634319,1053),(5588,0,2013639499,1053),(5589,9,2013637782,1053),(5590,8,2013633846,1053),(5591,2,2013636239,1053),(5592,6,2013635189,1053),(5593,0,2013638414,1054),(5594,1,2013635559,1054),(5595,9,2013631901,1054),(5596,0,2013634147,1054),(5597,7,2013632460,1054),(5598,0,2013631052,1054),(5599,0,2013634016,1054),(5600,2,2013637486,1054),(5601,1,2013637481,1054),(5602,3,2013635576,1054),(5603,5,2013633661,1054),(5604,9,2013638074,1054),(5605,4,2013631010,1054),(5606,6,2013639794,1054),(5607,5,2013634319,1054),(5608,7,2013639499,1054),(5609,7,2013637782,1054),(5610,4,2013633846,1054),(5611,6,2013636239,1054),(5612,4,2013635189,1054),(5613,9,2013638414,1055),(5614,3,2013635559,1055),(5615,4,2013631901,1055),(5616,8,2013634147,1055),(5617,1,2013632460,1055),(5618,2,2013631052,1055),(5619,0,2013634016,1055),(5620,5,2013637486,1055),(5621,5,2013637481,1055),(5622,8,2013635576,1055),(5623,0,2013633661,1055),(5624,2,2013638074,1055),(5625,6,2013631010,1055),(5626,3,2013639794,1055),(5627,3,2013634319,1055),(5628,2,2013639499,1055),(5629,5,2013637782,1055),(5630,1,2013633846,1055),(5631,2,2013636239,1055),(5632,1,2013635189,1055),(5633,9,2013638414,1056),(5634,0,2013635559,1056),(5635,7,2013631901,1056),(5636,5,2013634147,1056),(5637,1,2013632460,1056),(5638,6,2013631052,1056),(5639,7,2013634016,1056),(5640,5,2013637486,1056),(5641,2,2013637481,1056),(5642,2,2013635576,1056),(5643,9,2013633661,1056),(5644,6,2013638074,1056),(5645,1,2013631010,1056),(5646,5,2013639794,1056),(5647,3,2013634319,1056),(5648,8,2013639499,1056),(5649,9,2013637782,1056),(5650,0,2013633846,1056),(5651,2,2013636239,1056),(5652,3,2013635189,1056),(5653,3,2013638414,1057),(5654,6,2013635559,1057),(5655,3,2013631901,1057),(5656,3,2013634147,1057),(5657,1,2013632460,1057),(5658,0,2013631052,1057),(5659,4,2013634016,1057),(5660,3,2013637486,1057),(5661,6,2013637481,1057),(5662,9,2013635576,1057),(5663,5,2013633661,1057),(5664,1,2013638074,1057),(5665,2,2013631010,1057),(5666,6,2013639794,1057),(5667,5,2013634319,1057),(5668,0,2013639499,1057),(5669,5,2013637782,1057),(5670,6,2013633846,1057),(5671,6,2013636239,1057),(5672,6,2013635189,1057),(5673,2,2013638414,1058),(5674,1,2013635559,1058),(5675,1,2013631901,1058),(5676,5,2013634147,1058),(5677,5,2013632460,1058),(5678,0,2013631052,1058),(5679,0,2013634016,1058),(5680,5,2013637486,1058),(5681,4,2013637481,1058),(5682,1,2013635576,1058),(5683,6,2013633661,1058),(5684,9,2013638074,1058),(5685,6,2013631010,1058),(5686,7,2013639794,1058),(5687,8,2013634319,1058),(5688,7,2013639499,1058),(5689,4,2013637782,1058),(5690,3,2013633846,1058),(5691,1,2013636239,1058),(5692,5,2013635189,1058),(5693,0,2013638414,1059),(5694,1,2013635559,1059),(5695,2,2013631901,1059),(5696,7,2013634147,1059),(5697,4,2013632460,1059),(5698,7,2013631052,1059),(5699,5,2013634016,1059),(5700,1,2013637486,1059),(5701,8,2013637481,1059),(5702,8,2013635576,1059),(5703,5,2013633661,1059),(5704,9,2013638074,1059),(5705,1,2013631010,1059),(5706,8,2013639794,1059),(5707,1,2013634319,1059),(5708,9,2013639499,1059),(5709,9,2013637782,1059),(5710,8,2013633846,1059),(5711,3,2013636239,1059),(5712,3,2013635189,1059),(5713,5,2013636069,1060),(5714,5,2013632471,1060),(5715,3,2013631444,1060),(5716,2,2013631735,1060),(5717,6,2013631883,1060),(5718,8,2013634915,1060),(5719,9,2013638631,1060),(5720,3,2013633094,1060),(5721,3,2013637769,1060),(5722,1,2013633418,1060),(5723,7,2013635846,1060),(5724,7,2013639596,1060),(5725,1,2013631937,1060),(5726,8,2013639513,1060),(5727,7,2013639647,1060),(5728,8,2013638859,1060),(5729,6,2013634662,1060),(5730,0,2013639056,1060),(5731,2,2013634860,1060),(5732,9,2013638632,1060),(5733,5,2013636069,1061),(5734,6,2013632471,1061),(5735,9,2013631444,1061),(5736,6,2013631735,1061),(5737,2,2013631883,1061),(5738,4,2013634915,1061),(5739,0,2013638631,1061),(5740,6,2013633094,1061),(5741,8,2013637769,1061),(5742,8,2013633418,1061),(5743,8,2013635846,1061),(5744,1,2013639596,1061),(5745,9,2013631937,1061),(5746,1,2013639513,1061),(5747,1,2013639647,1061),(5748,3,2013638859,1061),(5749,0,2013634662,1061),(5750,1,2013639056,1061),(5751,1,2013634860,1061),(5752,8,2013638632,1061),(5753,0,2013636069,1062),(5754,8,2013632471,1062),(5755,1,2013631444,1062),(5756,7,2013631735,1062),(5757,8,2013631883,1062),(5758,9,2013634915,1062),(5759,3,2013638631,1062),(5760,1,2013633094,1062),(5761,6,2013637769,1062),(5762,5,2013633418,1062),(5763,3,2013635846,1062),(5764,8,2013639596,1062),(5765,3,2013631937,1062),(5766,0,2013639513,1062),(5767,6,2013639647,1062),(5768,6,2013638859,1062),(5769,6,2013634662,1062),(5770,5,2013639056,1062),(5771,5,2013634860,1062),(5772,8,2013638632,1062),(5773,8,2013636069,1063),(5774,8,2013632471,1063),(5775,5,2013631444,1063),(5776,2,2013631735,1063),(5777,4,2013631883,1063),(5778,8,2013634915,1063),(5779,8,2013638631,1063),(5780,1,2013633094,1063),(5781,2,2013637769,1063),(5782,5,2013633418,1063),(5783,8,2013635846,1063),(5784,8,2013639596,1063),(5785,8,2013631937,1063),(5786,0,2013639513,1063),(5787,0,2013639647,1063),(5788,2,2013638859,1063),(5789,9,2013634662,1063),(5790,8,2013639056,1063),(5791,4,2013634860,1063),(5792,8,2013638632,1063),(5793,2,2013636069,1064),(5794,0,2013632471,1064),(5795,9,2013631444,1064),(5796,0,2013631735,1064),(5797,7,2013631883,1064),(5798,9,2013634915,1064),(5799,9,2013638631,1064),(5800,9,2013633094,1064),(5801,6,2013637769,1064),(5802,5,2013633418,1064),(5803,0,2013635846,1064),(5804,7,2013639596,1064),(5805,1,2013631937,1064),(5806,4,2013639513,1064),(5807,7,2013639647,1064),(5808,7,2013638859,1064),(5809,0,2013634662,1064),(5810,5,2013639056,1064),(5811,7,2013634860,1064),(5812,0,2013638632,1064),(5813,6,2013636069,1065),(5814,3,2013632471,1065),(5815,3,2013631444,1065),(5816,1,2013631735,1065),(5817,1,2013631883,1065),(5818,4,2013634915,1065),(5819,3,2013638631,1065),(5820,1,2013633094,1065),(5821,5,2013637769,1065),(5822,0,2013633418,1065),(5823,5,2013635846,1065),(5824,8,2013639596,1065),(5825,7,2013631937,1065),(5826,2,2013639513,1065),(5827,5,2013639647,1065),(5828,6,2013638859,1065),(5829,6,2013634662,1065),(5830,5,2013639056,1065),(5831,5,2013634860,1065),(5832,8,2013638632,1065),(5833,5,2013636069,1066),(5834,7,2013632471,1066),(5835,9,2013631444,1066),(5836,0,2013631735,1066),(5837,6,2013631883,1066),(5838,4,2013634915,1066),(5839,5,2013638631,1066),(5840,9,2013633094,1066),(5841,7,2013637769,1066),(5842,0,2013633418,1066),(5843,1,2013635846,1066),(5844,5,2013639596,1066),(5845,9,2013631937,1066),(5846,4,2013639513,1066),(5847,1,2013639647,1066),(5848,0,2013638859,1066),(5849,7,2013634662,1066),(5850,9,2013639056,1066),(5851,9,2013634860,1066),(5852,7,2013638632,1066),(5853,2,2013636069,1067),(5854,6,2013632471,1067),(5855,9,2013631444,1067),(5856,6,2013631735,1067),(5857,8,2013631883,1067),(5858,8,2013634915,1067),(5859,8,2013638631,1067),(5860,4,2013633094,1067),(5861,5,2013637769,1067),(5862,7,2013633418,1067),(5863,9,2013635846,1067),(5864,4,2013639596,1067),(5865,0,2013631937,1067),(5866,0,2013639513,1067),(5867,0,2013639647,1067),(5868,9,2013638859,1067),(5869,8,2013634662,1067),(5870,2,2013639056,1067),(5871,2,2013634860,1067),(5872,4,2013638632,1067),(5873,1,2013636069,1068),(5874,9,2013632471,1068),(5875,9,2013631444,1068),(5876,9,2013631735,1068),(5877,1,2013631883,1068),(5878,7,2013634915,1068),(5879,2,2013638631,1068),(5880,2,2013633094,1068),(5881,6,2013637769,1068),(5882,2,2013633418,1068),(5883,3,2013635846,1068),(5884,4,2013639596,1068),(5885,1,2013631937,1068),(5886,2,2013639513,1068),(5887,4,2013639647,1068),(5888,1,2013638859,1068),(5889,8,2013634662,1068),(5890,3,2013639056,1068),(5891,8,2013634860,1068),(5892,1,2013638632,1068),(5893,8,2013636069,1069),(5894,3,2013632471,1069),(5895,9,2013631444,1069),(5896,0,2013631735,1069),(5897,6,2013631883,1069),(5898,5,2013634915,1069),(5899,6,2013638631,1069),(5900,8,2013633094,1069),(5901,1,2013637769,1069),(5902,0,2013633418,1069),(5903,1,2013635846,1069),(5904,4,2013639596,1069),(5905,0,2013631937,1069),(5906,7,2013639513,1069),(5907,9,2013639647,1069),(5908,0,2013638859,1069),(5909,9,2013634662,1069),(5910,2,2013639056,1069),(5911,9,2013634860,1069),(5912,2,2013638632,1069),(5913,5,2013636069,1070),(5914,3,2013632471,1070),(5915,6,2013631444,1070),(5916,7,2013631735,1070),(5917,3,2013631883,1070),(5918,6,2013634915,1070),(5919,3,2013638631,1070),(5920,6,2013633094,1070),(5921,9,2013637769,1070),(5922,9,2013633418,1070),(5923,7,2013635846,1070),(5924,2,2013639596,1070),(5925,0,2013631937,1070),(5926,5,2013639513,1070),(5927,7,2013639647,1070),(5928,1,2013638859,1070),(5929,6,2013634662,1070),(5930,2,2013639056,1070),(5931,9,2013634860,1070),(5932,3,2013638632,1070),(5933,9,2013636069,1071),(5934,6,2013632471,1071),(5935,2,2013631444,1071),(5936,6,2013631735,1071),(5937,1,2013631883,1071),(5938,7,2013634915,1071),(5939,3,2013638631,1071),(5940,7,2013633094,1071),(5941,2,2013637769,1071),(5942,5,2013633418,1071),(5943,6,2013635846,1071),(5944,3,2013639596,1071),(5945,2,2013631937,1071),(5946,4,2013639513,1071),(5947,3,2013639647,1071),(5948,5,2013638859,1071),(5949,8,2013634662,1071),(5950,5,2013639056,1071),(5951,3,2013634860,1071),(5952,7,2013638632,1071),(5953,3,2013636069,1072),(5954,1,2013632471,1072),(5955,5,2013631444,1072),(5956,5,2013631735,1072),(5957,2,2013631883,1072),(5958,2,2013634915,1072),(5959,8,2013638631,1072),(5960,8,2013633094,1072),(5961,7,2013637769,1072),(5962,8,2013633418,1072),(5963,2,2013635846,1072),(5964,7,2013639596,1072),(5965,8,2013631937,1072),(5966,6,2013639513,1072),(5967,1,2013639647,1072),(5968,4,2013638859,1072),(5969,8,2013634662,1072),(5970,9,2013639056,1072),(5971,3,2013634860,1072),(5972,8,2013638632,1072),(5973,6,2013636069,1073),(5974,3,2013632471,1073),(5975,6,2013631444,1073),(5976,8,2013631735,1073),(5977,1,2013631883,1073),(5978,1,2013634915,1073),(5979,5,2013638631,1073),(5980,8,2013633094,1073),(5981,3,2013637769,1073),(5982,5,2013633418,1073),(5983,9,2013635846,1073),(5984,9,2013639596,1073),(5985,0,2013631937,1073),(5986,2,2013639513,1073),(5987,9,2013639647,1073),(5988,0,2013638859,1073),(5989,3,2013634662,1073),(5990,7,2013639056,1073),(5991,3,2013634860,1073),(5992,2,2013638632,1073),(5993,7,2013636069,1074),(5994,9,2013632471,1074),(5995,3,2013631444,1074),(5996,8,2013631735,1074),(5997,1,2013631883,1074),(5998,5,2013634915,1074),(5999,7,2013638631,1074),(6000,0,2013633094,1074),(6001,4,2013637769,1074),(6002,0,2013633418,1074),(6003,1,2013635846,1074),(6004,3,2013639596,1074),(6005,7,2013631937,1074),(6006,5,2013639513,1074),(6007,8,2013639647,1074),(6008,3,2013638859,1074),(6009,5,2013634662,1074),(6010,8,2013639056,1074),(6011,6,2013634860,1074),(6012,3,2013638632,1074);
/*!40000 ALTER TABLE `alumnoevaluacion` ENABLE KEYS */;
UNLOCK TABLES;

--
-- Table structure for table `alumnogrupo`
--

DROP TABLE IF EXISTS `alumnogrupo`;
/*!40101 SET @saved_cs_client     = @@character_set_client */;
/*!40101 SET character_set_client = utf8 */;
CREATE TABLE `alumnogrupo` (
  `alumno_boleta` int(11) NOT NULL,
  `grupos_idGrupo` int(11) NOT NULL,
  PRIMARY KEY (`grupos_idGrupo`,`alumno_boleta`),
  KEY `fk_relacionalumnogrupo_alumno1_idx` (`alumno_boleta`),
  KEY `fk_relacionalumnogrupo_grupos1_idx` (`grupos_idGrupo`),
  CONSTRAINT `fk_relacionalumnogrupo_alumno1` FOREIGN KEY (`alumno_boleta`) REFERENCES `alumno` (`boleta`) ON DELETE CASCADE ON UPDATE CASCADE,
  CONSTRAINT `fk_relacionalumnogrupo_grupos1` FOREIGN KEY (`grupos_idGrupo`) REFERENCES `grupo` (`idGrupo`) ON DELETE NO ACTION ON UPDATE NO ACTION
) ENGINE=InnoDB DEFAULT CHARSET=latin1;
/*!40101 SET character_set_client = @saved_cs_client */;

--
-- Dumping data for table `alumnogrupo`
--

LOCK TABLES `alumnogrupo` WRITE;
/*!40000 ALTER TABLE `alumnogrupo` DISABLE KEYS */;
INSERT INTO `alumnogrupo` VALUES (2013631010,808),(2013631052,808),(2013631133,803),(2013631139,801),(2013631226,807),(2013631372,800),(2013631439,801),(2013631444,809),(2013631458,801),(2013631497,802),(2013631538,803),(2013631540,800),(2013631576,800),(2013631642,802),(2013631735,809),(2013631753,802),(2013631759,803),(2013631771,806),(2013631855,807),(2013631883,809),(2013631901,808),(2013631931,807),(2013631936,801),(2013631937,809),(2013631938,805),(2013631950,804),(2013632088,801),(2013632096,804),(2013632141,802),(2013632263,805),(2013632274,803),(2013632311,805),(2013632352,805),(2013632377,801),(2013632418,804),(2013632447,801),(2013632456,807),(2013632460,808),(2013632470,807),(2013632471,809),(2013632488,802),(2013632530,803),(2013632532,803),(2013632622,804),(2013632641,806),(2013632664,806),(2013632752,807),(2013632792,803),(2013632847,807),(2013632893,803),(2013632941,802),(2013633094,809),(2013633097,806),(2013633154,800),(2013633226,805),(2013633239,804),(2013633317,802),(2013633318,802),(2013633365,806),(2013633418,809),(2013633480,805),(2013633541,805),(2013633610,804),(2013633635,801),(2013633661,808),(2013633676,804),(2013633698,804),(2013633737,805),(2013633813,807),(2013633826,803),(2013633846,808),(2013633872,801),(2013633926,801),(2013633985,806),(2013634016,808),(2013634031,804),(2013634058,804),(2013634080,800),(2013634082,805),(2013634139,803),(2013634147,808),(2013634319,806),(2013634319,808),(2013634348,806),(2013634349,802),(2013634375,800),(2013634432,805),(2013634461,807),(2013634532,807),(2013634579,805),(2013634581,801),(2013634597,805),(2013634638,807),(2013634639,804),(2013634662,809),(2013634675,800),(2013634684,800),(2013634720,802),(2013634860,809),(2013634915,809),(2013634962,801),(2013635099,803),(2013635120,804),(2013635136,806),(2013635161,807),(2013635189,808),(2013635363,806),(2013635526,801),(2013635559,808),(2013635576,808),(2013635580,804),(2013635631,805),(2013635753,800),(2013635846,809),(2013635924,807),(2013635956,805),(2013635957,801),(2013636024,806),(2013636058,802),(2013636069,809),(2013636178,804),(2013636213,807),(2013636229,802),(2013636237,802),(2013636239,808),(2013636275,806),(2013636299,800),(2013636334,800),(2013636364,800),(2013636445,807),(2013636498,800),(2013636514,804),(2013636545,805),(2013636577,802),(2013636755,802),(2013636767,805),(2013636775,806),(2013636780,807),(2013636781,807),(2013636944,804),(2013636955,801),(2013636960,804),(2013637044,806),(2013637100,805),(2013637185,804),(2013637189,802),(2013637258,807),(2013637269,803),(2013637310,800),(2013637338,806),(2013637341,806),(2013637359,802),(2013637481,808),(2013637486,808),(2013637641,800),(2013637724,800),(2013637761,800),(2013637769,809),(2013637779,805),(2013637782,808),(2013637785,803),(2013637856,801),(2013638017,801),(2013638074,808),(2013638086,804),(2013638096,807),(2013638127,803),(2013638193,803),(2013638258,806),(2013638280,803),(2013638383,806),(2013638414,808),(2013638447,802),(2013638586,805),(2013638631,809),(2013638632,801),(2013638632,809),(2013638719,806),(2013638859,809),(2013638861,803),(2013639056,809),(2013639099,807),(2013639236,802),(2013639383,803),(2013639456,800),(2013639499,808),(2013639513,809),(2013639541,801),(2013639596,809),(2013639647,809),(2013639656,804),(2013639673,801),(2013639718,803),(2013639746,805),(2013639794,808),(2013639824,800),(2013639871,802),(2013639913,806),(2013639954,803),(2013639991,800);
/*!40000 ALTER TABLE `alumnogrupo` ENABLE KEYS */;
UNLOCK TABLES;

--
-- Table structure for table `evaluacion`
--

DROP TABLE IF EXISTS `evaluacion`;
/*!40101 SET @saved_cs_client     = @@character_set_client */;
/*!40101 SET character_set_client = utf8 */;
CREATE TABLE `evaluacion` (
  `idEvaluacion` int(11) NOT NULL AUTO_INCREMENT,
  `Titulo` varchar(50) NOT NULL,
  `FechaCreacion` varchar(30) NOT NULL,
  `Url` varchar(300) NOT NULL,
  PRIMARY KEY (`idEvaluacion`)
) ENGINE=InnoDB AUTO_INCREMENT=1075 DEFAULT CHARSET=utf8;
/*!40101 SET character_set_client = @saved_cs_client */;

--
-- Dumping data for table `evaluacion`
--

LOCK TABLES `evaluacion` WRITE;
/*!40000 ALTER TABLE `evaluacion` DISABLE KEYS */;
INSERT INTO `evaluacion` VALUES (1000,'Base de Datos 1 Noviembre ','3-Noviembre','www.escom.isc/academia/evaluacion/CJQB'),(1001,'Base de Datos 2 Agosto ','14-Agosto','www.escom.isc/academia/evaluacion/LCRE'),(1002,'Base de Datos 3 Mayo ','6-Mayo','www.escom.isc/academia/evaluacion/OTAM'),(1003,'Programacion 1 Noviembre ','8-Noviembre','www.escom.isc/academia/evaluacion/ALGO'),(1004,'Programacion 2 Abril ','5-Abril','www.escom.isc/academia/evaluacion/KJRW'),(1005,'Programacion 3 Enero ','2-Enero','www.escom.isc/academia/evaluacion/TXIL'),(1006,'Ingles 1 Juni ','3-Juni','www.escom.isc/academia/evaluacion/VMVV'),(1007,'Ingles 2 Noviembre ','1-Noviembre','www.escom.isc/academia/evaluacion/HWTL'),(1008,'Ingles 3 Septiembre ','25-Septiembre','www.escom.isc/academia/evaluacion/INTK'),(1009,'Ingenieria Software 1 Abril ','28-Abril','www.escom.isc/academia/evaluacion/OQGT'),(1010,'Ingenieria Software 2 Julio ','16-Julio','www.escom.isc/academia/evaluacion/EQSH'),(1011,'Ingenieria Software 3 Marzo ','14-Marzo','www.escom.isc/academia/evaluacion/UIDJ'),(1012,'Estructrua de Datos 1 Octubre ','27-Octubre','www.escom.isc/academia/evaluacion/QFTQ'),(1013,'Estructrua de Datos 2 Abril ','10-Abril','www.escom.isc/academia/evaluacion/ENHE'),(1014,'Estructrua de Datos 3 Septiembre ','23-Septiembre','www.escom.isc/academia/evaluacion/CAEE'),(1015,'Arquitectura de Computadoras 1 Mayo ','28-Mayo','www.escom.isc/academia/evaluacion/AQVI'),(1016,'Arquitectura de Computadoras 2 Septiembre ','10-Septiembre','www.escom.isc/academia/evaluacion/NMRS'),(1017,'Arquitectura de Computadoras 3 Noviembre ','23-Noviembre','www.escom.isc/academia/evaluacion/TOTX'),(1018,'Criptografia 1 Abril ','19-Abril','www.escom.isc/academia/evaluacion/QNVS'),(1019,'Criptografia 2 Noviembre ','1-Noviembre','www.escom.isc/academia/evaluacion/RFOG'),(1020,'Criptografia 3 Agosto ','23-Agosto','www.escom.isc/academia/evaluacion/PUJQ'),(1021,'Civismo 1 Julio ','4-Julio','www.escom.isc/academia/evaluacion/JFWN'),(1022,'Civismo 2 Juni ','24-Juni','www.escom.isc/academia/evaluacion/UNML'),(1023,'Civismo 3 Septiembre ','6-Septiembre','www.escom.isc/academia/evaluacion/NDUO'),(1024,'Probabilidad 1 Abril ','23-Abril','www.escom.isc/academia/evaluacion/FVRS'),(1025,'Probabilidad 2 Abril ','23-Abril','www.escom.isc/academia/evaluacion/DVEN'),(1026,'Probabilidad 3 Octubre ','8-Octubre','www.escom.isc/academia/evaluacion/TEKT'),(1027,'Web 1 Noviembre ','7-Noviembre','www.escom.isc/academia/evaluacion/XHDJ'),(1028,'Web 2 Juni ','7-Juni','www.escom.isc/academia/evaluacion/ONRJ'),(1029,'Web 3 Mayo ','11-Mayo','www.escom.isc/academia/evaluacion/RUAP'),(1030,'Liderazgo 1 Abril ','19-Abril','www.escom.isc/academia/evaluacion/NSTA'),(1031,'Liderazgo 2 Enero ','13-Enero','www.escom.isc/academia/evaluacion/QSJO'),(1032,'Liderazgo 3 Agosto ','25-Agosto','www.escom.isc/academia/evaluacion/CQBA'),(1033,'Instrumentacion 1 Mayo ','2-Mayo','www.escom.isc/academia/evaluacion/WOQU'),(1034,'Instrumentacion 2 Juni ','10-Juni','www.escom.isc/academia/evaluacion/QHJD'),(1035,'Instrumentacion 3 Noviembre ','12-Noviembre','www.escom.isc/academia/evaluacion/NGEE'),(1036,'Derecho 1 Febrero ','5-Febrero','www.escom.isc/academia/evaluacion/SEIC'),(1037,'Derecho 2 Julio ','11-Julio','www.escom.isc/academia/evaluacion/GFFP'),(1038,'Derecho 3 Juni ','26-Juni','www.escom.isc/academia/evaluacion/CSKD'),(1039,'Contabilidad 1 Abril ','14-Abril','www.escom.isc/academia/evaluacion/FDLB'),(1040,'Contabilidad 2 Juni ','1-Juni','www.escom.isc/academia/evaluacion/VWHH'),(1041,'Contabilidad 3 Julio ','28-Julio','www.escom.isc/academia/evaluacion/RATD'),(1042,'Adminsitracion 1 Septiembre ','7-Septiembre','www.escom.isc/academia/evaluacion/CBMR'),(1043,'Adminsitracion 2 Marzo ','2-Marzo','www.escom.isc/academia/evaluacion/BLEV'),(1044,'Adminsitracion 3 Julio ','24-Julio','www.escom.isc/academia/evaluacion/VLEW'),(1045,'Redes 1 Octubre ','21-Octubre','www.escom.isc/academia/evaluacion/XJXD'),(1046,'Redes 2 Enero ','10-Enero','www.escom.isc/academia/evaluacion/JLWR'),(1047,'Redes 3 Octubre ','27-Octubre','www.escom.isc/academia/evaluacion/HWQX'),(1048,'POO 1 Mayo ','14-Mayo','www.escom.isc/academia/evaluacion/LXEJ'),(1049,'POO 2 Agosto ','23-Agosto','www.escom.isc/academia/evaluacion/FFEC'),(1050,'POO 3 Octubre ','11-Octubre','www.escom.isc/academia/evaluacion/GPLV'),(1051,'Neuronal Networks 1 Noviembre ','16-Noviembre','www.escom.isc/academia/evaluacion/BQXW'),(1052,'Neuronal Networks 2 Marzo ','27-Marzo','www.escom.isc/academia/evaluacion/QSVN'),(1053,'Neuronal Networks 3 Enero ','19-Enero','www.escom.isc/academia/evaluacion/VKAC'),(1054,'Espaol 1 Septiembre ','6-Septiembre','www.escom.isc/academia/evaluacion/GAVH'),(1055,'Espaol 2 Noviembre ','12-Noviembre','www.escom.isc/academia/evaluacion/BXSA'),(1056,'Espaol 3 Febrero ','1-Febrero','www.escom.isc/academia/evaluacion/LRJE'),(1057,'Ingenieria Telecom. 1 Febrero ','14-Febrero','www.escom.isc/academia/evaluacion/DSSB'),(1058,'Ingenieria Telecom. 2 Julio ','23-Julio','www.escom.isc/academia/evaluacion/ILTW'),(1059,'Ingenieria Telecom. 3 Agosto ','26-Agosto','www.escom.isc/academia/evaluacion/XCGD'),(1060,'Teoria Comunicaciones 1 Juni ','14-Juni','www.escom.isc/academia/evaluacion/HEMT'),(1061,'Teoria Comunicaciones 2 Juni ','19-Juni','www.escom.isc/academia/evaluacion/DBWB'),(1062,'Teoria Comunicaciones 3 Juni ','3-Juni','www.escom.isc/academia/evaluacion/TAOG'),(1063,'Mecanica Elemental 1 Noviembre ','22-Noviembre','www.escom.isc/academia/evaluacion/BXUO'),(1064,'Mecanica Elemental 2 Enero ','2-Enero','www.escom.isc/academia/evaluacion/DGIA'),(1065,'Mecanica Elemental 3 Febrero ','9-Febrero','www.escom.isc/academia/evaluacion/XAWM'),(1066,'Modelado en 3D 1 Noviembre ','18-Noviembre','www.escom.isc/academia/evaluacion/XNMX'),(1067,'Modelado en 3D 2 Mayo ','10-Mayo','www.escom.isc/academia/evaluacion/AROE'),(1068,'Modelado en 3D 3 Enero ','24-Enero','www.escom.isc/academia/evaluacion/TEJC'),(1069,'Desarrollo Web 1 Enero ','9-Enero','www.escom.isc/academia/evaluacion/BJSU'),(1070,'Desarrollo Web 2 Febrero ','22-Febrero','www.escom.isc/academia/evaluacion/COGD'),(1071,'Desarrollo Web 3 Abril ','12-Abril','www.escom.isc/academia/evaluacion/RCRO'),(1072,'Administracion Turistica 1 Juni ','23-Juni','www.escom.isc/academia/evaluacion/HHRI'),(1073,'Administracion Turistica 2 Septiembre ','10-Septiembre','www.escom.isc/academia/evaluacion/HRRF'),(1074,'Administracion Turistica 3 Abril ','19-Abril','www.escom.isc/academia/evaluacion/BBDJ');
/*!40000 ALTER TABLE `evaluacion` ENABLE KEYS */;
UNLOCK TABLES;

--
-- Table structure for table `grupo`
--

DROP TABLE IF EXISTS `grupo`;
/*!40101 SET @saved_cs_client     = @@character_set_client */;
/*!40101 SET character_set_client = utf8 */;
CREATE TABLE `grupo` (
  `idGrupo` int(11) NOT NULL AUTO_INCREMENT,
  `Nombre` varchar(10) NOT NULL,
  `Cupo` int(11) NOT NULL,
  PRIMARY KEY (`idGrupo`)
) ENGINE=InnoDB AUTO_INCREMENT=810 DEFAULT CHARSET=utf8;
/*!40101 SET character_set_client = @saved_cs_client */;

--
-- Dumping data for table `grupo`
--

LOCK TABLES `grupo` WRITE;
/*!40000 ALTER TABLE `grupo` DISABLE KEYS */;
INSERT INTO `grupo` VALUES (800,'GRUPO111',20),(801,'GRUPO112',20),(802,'GRUPO113',20),(803,'GRUPO114',20),(804,'GRUPO115',20),(805,'GRUPO116',20),(806,'GRUPO117',20),(807,'GRUPO118',20),(808,'GRUPO119',20),(809,'GRUPO1110',20);
/*!40000 ALTER TABLE `grupo` ENABLE KEYS */;
UNLOCK TABLES;

--
-- Table structure for table `login`
--

DROP TABLE IF EXISTS `login`;
/*!40101 SET @saved_cs_client     = @@character_set_client */;
/*!40101 SET character_set_client = utf8 */;
CREATE TABLE `login` (
  `idLogin` int(11) NOT NULL AUTO_INCREMENT,
  `Usuario` varchar(45) DEFAULT NULL,
  `Contrasea` varchar(45) DEFAULT NULL,
  `Tipo` varchar(45) DEFAULT NULL,
  PRIMARY KEY (`idLogin`)
) ENGINE=InnoDB AUTO_INCREMENT=231 DEFAULT CHARSET=utf8;
/*!40101 SET character_set_client = @saved_cs_client */;

--
-- Dumping data for table `login`
--

LOCK TABLES `login` WRITE;
/*!40000 ALTER TABLE `login` DISABLE KEYS */;
INSERT INTO `login` VALUES (1,'2013637761','adysf','normal'),(2,'2013634375','oddsw','normal'),(3,'2013636498','sxwqb','normal'),(4,'2013639991','hkkwr','normal'),(5,'2013637641','lejtc','normal'),(6,'2013636299','qcxoi','normal'),(7,'2013634675','fymqg','normal'),(8,'2013631576','jwxki','normal'),(9,'2013631372','rgnbb','normal'),(10,'2013636334','fejyd','normal'),(11,'2013631540','qfipj','normal'),(12,'2013634080','obkrk','normal'),(13,'2013634684','lssxq','normal'),(14,'2013636364','isxvm','normal'),(15,'2013635753','gutyu','normal'),(16,'2013633154','gridl','normal'),(17,'2013637310','ogfth','normal'),(18,'2013637724','tvbuy','normal'),(19,'2013639456','belqa','normal'),(20,'2013639824','rpmsa','normal'),(21,'2013633635','taoso','normal'),(22,'2013638632','kuqod','normal'),(23,'2013631458','arteo','normal'),(24,'2013635957','aqipu','normal'),(25,'2013633926','nnaxv','normal'),(26,'2013631936','srtfu','normal'),(27,'2013632447','lwcfg','normal'),(28,'2013631439','ffddv','normal'),(29,'2013639673','axwma','normal'),(30,'2013635526','wfeur','normal'),(31,'2013633872','bvbxr','normal'),(32,'2013636955','vanmv','normal'),(33,'2013638017','amkqg','normal'),(34,'2013632377','dkljs','normal'),(35,'2013639541','nfxvq','normal'),(36,'2013634962','dxtti','normal'),(37,'2013634581','kufvm','normal'),(38,'2013637856','nafyw','normal'),(39,'2013631139','ojhfd','normal'),(40,'2013632088','rcrwf','normal'),(41,'2013636755','cnjin','normal'),(42,'2013633317','umhjg','normal'),(43,'2013634720','cbpbn','normal'),(44,'2013634349','ubbtw','normal'),(45,'2013632941','cdnti','normal'),(46,'2013639871','ipdjf','normal'),(47,'2013632488','bkowf','normal'),(48,'2013636577','rpfmh','normal'),(49,'2013637359','tqofu','normal'),(50,'2013631753','bsdsx','normal'),(51,'2013631497','igulv','normal'),(52,'2013636237','uwqjh','normal'),(53,'2013637189','ffldp','normal'),(54,'2013638447','svioj','normal'),(55,'2013632141','djadv','normal'),(56,'2013631642','skujh','normal'),(57,'2013639236','wyxwa','normal'),(58,'2013636229','oxspo','normal'),(59,'2013633318','tbyrx','normal'),(60,'2013636058','jbxvf','normal'),(61,'2013638861','mhttq','normal'),(62,'2013637785','rmhue','normal'),(63,'2013634139','nhlrx','normal'),(64,'2013632530','khfsm','normal'),(65,'2013635099','nsugn','normal'),(66,'2013638127','dcyyl','normal'),(67,'2013632792','beeqo','normal'),(68,'2013631538','eernj','normal'),(69,'2013632274','nrurn','normal'),(70,'2013638280','jvuwb','normal'),(71,'2013632532','xoujf','normal'),(72,'2013638193','gnrdq','normal'),(73,'2013639718','blouu','normal'),(74,'2013631759','qqjeg','normal'),(75,'2013631133','lhphf','normal'),(76,'2013637269','btxyx','normal'),(77,'2013632893','ksyeq','normal'),(78,'2013633826','yfypt','normal'),(79,'2013639383','knorv','normal'),(80,'2013639954','hhqwv','normal'),(81,'2013633239','lnvmy','normal'),(82,'2013634058','vevjq','normal'),(83,'2013636514','vtpoq','normal'),(84,'2013632096','ijhjm','normal'),(85,'2013637185','ecwbv','normal'),(86,'2013633676','hbici','normal'),(87,'2013634639','sqnxb','normal'),(88,'2013631950','ngilj','normal'),(89,'2013635120','jjrlb','normal'),(90,'2013634031','niuss','normal'),(91,'2013633698','lvhxv','normal'),(92,'2013632418','nhxuu','normal'),(93,'2013636960','qcddy','normal'),(94,'2013636944','bjyxc','normal'),(95,'2013633610','xdpaw','normal'),(96,'2013632622','wghen','normal'),(97,'2013638086','waaws','normal'),(98,'2013635580','iuowu','normal'),(99,'2013639656','rmoof','normal'),(100,'2013636178','yhyvm','normal'),(101,'2013633226','rbskb','normal'),(102,'2013635631','isqjt','normal'),(103,'2013637100','xjlse','normal'),(104,'2013632311','ijmrv','normal'),(105,'2013632263','wxkrd','normal'),(106,'2013637779','yefqu','normal'),(107,'2013633541','dsisw','normal'),(108,'2013632352','abgyp','normal'),(109,'2013639746','rfawi','normal'),(110,'2013633737','ijecr','normal'),(111,'2013638586','rsxwk','normal'),(112,'2013636545','uatml','normal'),(113,'2013633480','ehvgi','normal'),(114,'2013636767','eqnbs','normal'),(115,'2013631938','fvcen','normal'),(116,'2013635956','oaflb','normal'),(117,'2013634082','hwxbr','normal'),(118,'2013634432','elioa','normal'),(119,'2013634579','seywh','normal'),(120,'2013634597','vpojr','normal'),(121,'2013633097','ieqtm','normal'),(122,'2013632664','tplcs','normal'),(123,'2013633985','chbmc','normal'),(124,'2013634348','kddvc','normal'),(125,'2013633365','kpxxg','normal'),(126,'2013636775','qghmi','normal'),(127,'2013635363','csqtm','normal'),(128,'2013636275','ylrqx','normal'),(129,'2013637338','puvla','normal'),(130,'2013639913','edsuf','normal'),(131,'2013637044','lihyp','normal'),(132,'2013631771','aapuj','normal'),(133,'2013638383','vwnrw','normal'),(134,'2013635136','emrov','normal'),(135,'2013632641','opgmw','normal'),(136,'2013636024','deqxq','normal'),(137,'2013638258','nuhrr','normal'),(138,'2013637341','ngbou','normal'),(139,'2013634319','vehyx','normal'),(140,'2013638719','yfutx','normal'),(141,'2013632456','xkseu','normal'),(142,'2013635924','rvlej','normal'),(143,'2013635161','pwjta','normal'),(144,'2013634532','ggeqh','normal'),(145,'2013633813','magjf','normal'),(146,'2013631855','durif','normal'),(147,'2013639099','tpiev','normal'),(148,'2013636781','axfyh','normal'),(149,'2013636445','jmqyc','normal'),(150,'2013637258','qxywq','normal'),(151,'2013632752','jcvvf','normal'),(152,'2013636213','gasal','normal'),(153,'2013638096','athrs','normal'),(154,'2013632847','eaipm','normal'),(155,'2013634461','mlsew','normal'),(156,'2013631931','bohbd','normal'),(157,'2013636780','xjnkr','normal'),(158,'2013631226','lkqnd','normal'),(159,'2013634638','eyqcw','normal'),(160,'2013632470','pghrq','normal'),(161,'2013638414','kkvbu','normal'),(162,'2013635559','lravp','normal'),(163,'2013631901','skwlo','normal'),(164,'2013634147','gewcx','normal'),(165,'2013632460','gnovs','normal'),(166,'2013631052','rpmax','normal'),(167,'2013634016','ycfbh','normal'),(168,'2013637486','gvnic','normal'),(169,'2013637481','lplcd','normal'),(170,'2013635576','orsqh','normal'),(171,'2013633661','pflcp','normal'),(172,'2013638074','jepnb','normal'),(173,'2013631010','cfvlq','normal'),(174,'2013639794','wnucd','normal'),(175,'2013634319','rufkr','normal'),(176,'2013639499','hvbwl','normal'),(177,'2013637782','nsnew','normal'),(178,'2013633846','ofgts','normal'),(179,'2013636239','gkwuc','normal'),(180,'2013635189','jdjaq','normal'),(181,'2013636069','yoscy','normal'),(182,'2013632471','gbtlp','normal'),(183,'2013631444','daqbx','normal'),(184,'2013631735','cxyig','normal'),(185,'2013631883','uryrq','normal'),(186,'2013634915','uhrcu','normal'),(187,'2013638631','pbwkk','normal'),(188,'2013633094','sutgj','normal'),(189,'2013637769','bppty','normal'),(190,'2013633418','apcjc','normal'),(191,'2013635846','ejlec','normal'),(192,'2013639596','qvjak','normal'),(193,'2013631937','sbffe','normal'),(194,'2013639513','knamw','normal'),(195,'2013639647','wbfyp','normal'),(196,'2013638859','cawts','normal'),(197,'2013634662','uhnkn','normal'),(198,'2013639056','ulofy','normal'),(199,'2013634860','widib','normal'),(200,'2013638632','luhov','normal'),(201,'20016070','adysf','root'),(202,'2001601178','dswgf','root'),(203,'2001608276','bqsvn','root'),(204,'2001609657','yppll','root'),(205,'2001606663','weqcx','root'),(206,'2001604675','fymqg','root'),(207,'2001606612','xkixu','root'),(208,'2001609171','bjxbj','root'),(209,'2001602396','jylaq','root'),(210,'2001608448','kpobk','root'),(211,'2001604684','lssxq','root'),(212,'2001609148','xvmkq','root'),(213,'2001601634','ufmks','root'),(214,'2001603250','fyhuo','root'),(215,'200160214','totvb','root'),(216,'2001609456','belqa','root'),(217,'2001601910','msaap','root'),(218,'2001605993','okurb','root'),(219,'2001604923','gqmna','root'),(220,'2001603613','icaqi','root'),(221,'2001603926','nnaxv','root'),(222,'2001609722','tfuvj','root'),(223,'2001603870','glpog','root'),(224,'2001603453','yjqxa','root'),(225,'2001603161','qlwfe','root'),(226,'2001603872','bvbxr','root'),(227,'2001606975','nmvgm','root'),(228,'2001603956','gmrus','root'),(229,'2001607114','cfegn','root'),(230,'2001607486','shdxt','root');
/*!40000 ALTER TABLE `login` ENABLE KEYS */;
UNLOCK TABLES;

--
-- Table structure for table `materia`
--

DROP TABLE IF EXISTS `materia`;
/*!40101 SET @saved_cs_client     = @@character_set_client */;
/*!40101 SET character_set_client = utf8 */;
CREATE TABLE `materia` (
  `idMateria` int(11) NOT NULL AUTO_INCREMENT,
  `Nombre` varchar(50) NOT NULL,
  PRIMARY KEY (`idMateria`)
) ENGINE=InnoDB AUTO_INCREMENT=44 DEFAULT CHARSET=utf8;
/*!40101 SET character_set_client = @saved_cs_client */;

--
-- Dumping data for table `materia`
--

LOCK TABLES `materia` WRITE;
/*!40000 ALTER TABLE `materia` DISABLE KEYS */;
INSERT INTO `materia` VALUES (19,'Base de Datos'),(20,'Programacion'),(21,'Ingles'),(22,'Ingenieria Software'),(23,'Estructrua de Datos'),(24,'Arquitectura de Computadoras'),(25,'Criptografia'),(26,'Civismo'),(27,'Probabilidad'),(28,'Web'),(29,'Liderazgo'),(30,'Instrumentacion'),(31,'Derecho'),(32,'Contabilidad'),(33,'Adminsitracion'),(34,'Redes'),(35,'POO'),(36,'Neuronal Networks'),(37,'Espaol'),(38,'Ingenieria Telecom.'),(39,'Teoria Comunicaciones'),(40,'Mecanica Elemental'),(41,'Modelado en 3D'),(42,'Desarrollo Web'),(43,'Administracion Turistica');
/*!40000 ALTER TABLE `materia` ENABLE KEYS */;
UNLOCK TABLES;

--
-- Table structure for table `profesor`
--

DROP TABLE IF EXISTS `profesor`;
/*!40101 SET @saved_cs_client     = @@character_set_client */;
/*!40101 SET character_set_client = utf8 */;
CREATE TABLE `profesor` (
  `idProfesor` int(11) NOT NULL AUTO_INCREMENT,
  `Nombre` varchar(50) NOT NULL,
  `ApPaterno` varchar(50) NOT NULL,
  `ApMaterno` varchar(50) NOT NULL,
  `email` varchar(50) NOT NULL,
  `Grado` varchar(50) NOT NULL,
  `Especialidad` varchar(50) DEFAULT NULL,
  `Login_idLogin` int(11) NOT NULL,
  PRIMARY KEY (`idProfesor`,`Login_idLogin`),
  UNIQUE KEY `e-mail` (`email`),
  KEY `fk_Profesor_Login1_idx` (`Login_idLogin`),
  CONSTRAINT `fk_Profesor_Login1` FOREIGN KEY (`Login_idLogin`) REFERENCES `login` (`idLogin`) ON DELETE NO ACTION ON UPDATE NO ACTION
) ENGINE=InnoDB AUTO_INCREMENT=2001609723 DEFAULT CHARSET=utf8;
/*!40101 SET character_set_client = @saved_cs_client */;

--
-- Dumping data for table `profesor`
--

LOCK TABLES `profesor` WRITE;
/*!40000 ALTER TABLE `profesor` DISABLE KEYS */;
INSERT INTO `profesor` VALUES (20016070,'Miguel','Mesa','Vazques','Miguel011@ipn.com.mx','Licenciado','Base de Datos',201),(200160214,'Betzabe','Miroslava','Oroszco','Betzabe1429@ipn.com.mx','Maestria','Base de Datos',215),(2001601178,'Eulere','Suarez','Ruiz','Eulere10@ipn.com.mx','Doctor','Desarrollo Web',202),(2001601634,'Sandra','Mesa','Vazques','Sandra1216@ipn.com.mx','Doctor','Ingenieria Software',213),(2001601910,'Yoana','Torrez','Obregon','Yoana1617@ipn.com.mx','Doctor','Base de Datos',217),(2001602396,'Ruben','Araiza','Contreras','Ruben813@ipn.com.mx','Doctor','Civismo',209),(2001603161,'Yoana','Miroslava','Obregon','Yoana2417@ipn.com.mx','Doctor','Ingles',225),(2001603250,'Alexis','Bodet','Molina','Alexis1310@ipn.com.mx','Ingeniero','Base de Datos',214),(2001603453,'Antonio','Gumez','Perez','Antonio237@ipn.com.mx','Ingeniero','Desarrollo Web',224),(2001603613,'Alexis','Araiza','Rojero','Alexis1910@ipn.com.mx','Licenciado','Probabilidad',220),(2001603870,'Alexis','Mesa','Obregon','Alexis2210@ipn.com.mx','Doctor','Ingenieria Software',223),(2001603872,'Jhonatan','Esparza','Carranza','Jhonatan2512@ipn.com.mx','Maestria','Redes',226),(2001603926,'Lorena','Gumez','Ayala','Lorena2022@ipn.com.mx','Ingeniero','Programacion',221),(2001603956,'Freya','Loyola','Obregon','Freya2718@ipn.com.mx','Licenciado','Web',228),(2001604675,'Sandra','Centeno','Oroszco','Sandra516@ipn.com.mx','Doctor','Mecanica Elemental',206),(2001604684,'Lorena','Loyola','Oroszco','Lorena101@ipn.com.mx','Maestria','Web',211),(2001604923,'Luz','Sanchez','Molina','Luz1819@ipn.com.mx','Doctor','Estructrua de Datos',219),(2001605993,'Maria','Loyola','Obregon','Maria1720@ipn.com.mx','Ingeniero','Adminsitracion',218),(2001606612,'Martha','Ayala','Vazques','Martha624@ipn.com.mx','Ingeniero','Criptografia',207),(2001606663,'Claudia','Centeno','Mota','Claudia43@ipn.com.mx','Maestria','Web',205),(2001606975,'Ruben','Esparza','Vazques','Ruben2613@ipn.com.mx','Ingeniero','Derecho',227),(2001607114,'Claudia','Miroslava','Carranza','Claudia283@ipn.com.mx','Ingeniero','Teoria Comunicaciones',229),(2001607486,'Claudia','Esparza','Rojero','Claudia293@ipn.com.mx','Maestria','POO',230),(2001608276,'Victoria','Montes','Contreras','Victoria227@ipn.com.mx','Licenciado','Modelado en 3D',203),(2001608448,'Maria','Loyola','Contreras','Maria920@ipn.com.mx','Ingeniero','Neuronal Networks',210),(2001609148,'Miguel','Ayala','Ruiz','Miguel1111@ipn.com.mx','Licenciado','Teoria Comunicaciones',212),(2001609171,'Alejandro','Centeno','Ayala','Alejandro725@ipn.com.mx','ca','Administracion Turistica',208),(2001609456,'Antonio','Miroslava','Varela','Antonio157@ipn.com.mx','Doctor','Adminsitracion',216),(2001609657,'Martha','Esparza','Ayala','Martha324@ipn.com.mx','Maestria','Liderazgo',204),(2001609722,'Zaira','Bodet','Vazques','Zaira2114@ipn.com.mx','Ingeniero','Modelado en 3D',222);
/*!40000 ALTER TABLE `profesor` ENABLE KEYS */;
UNLOCK TABLES;

--
-- Table structure for table `profesorgrupo`
--

DROP TABLE IF EXISTS `profesorgrupo`;
/*!40101 SET @saved_cs_client     = @@character_set_client */;
/*!40101 SET character_set_client = utf8 */;
CREATE TABLE `profesorgrupo` (
  `profesor_idProfesor` int(11) NOT NULL,
  `grupos_idGrupo` int(11) NOT NULL,
  `materia_idMateria` int(11) NOT NULL,
  PRIMARY KEY (`profesor_idProfesor`,`grupos_idGrupo`,`materia_idMateria`),
  KEY `fk_profesor_has_grupos_grupos1_idx` (`grupos_idGrupo`),
  KEY `fk_profesor_has_grupos_profesor1_idx` (`profesor_idProfesor`),
  KEY `fk_profesor_has_grupos_materia1_idx` (`materia_idMateria`),
  CONSTRAINT `fk_profesor_has_grupos_grupos1` FOREIGN KEY (`grupos_idGrupo`) REFERENCES `grupo` (`idGrupo`) ON DELETE NO ACTION ON UPDATE NO ACTION,
  CONSTRAINT `fk_profesor_has_grupos_materia1` FOREIGN KEY (`materia_idMateria`) REFERENCES `materia` (`idMateria`) ON DELETE NO ACTION ON UPDATE NO ACTION,
  CONSTRAINT `fk_profesor_has_grupos_profesor1` FOREIGN KEY (`profesor_idProfesor`) REFERENCES `profesor` (`idProfesor`) ON DELETE CASCADE ON UPDATE CASCADE
) ENGINE=InnoDB DEFAULT CHARSET=utf8;
/*!40101 SET character_set_client = @saved_cs_client */;

--
-- Dumping data for table `profesorgrupo`
--

LOCK TABLES `profesorgrupo` WRITE;
/*!40000 ALTER TABLE `profesorgrupo` DISABLE KEYS */;
INSERT INTO `profesorgrupo` VALUES (20016070,800,20),(2001601178,800,21),(2001606663,800,24),(2001608276,800,22),(2001609657,800,23),(2001602396,801,28),(2001604675,801,25),(2001606612,801,26),(2001608448,801,29),(2001609171,801,27),(200160214,802,34),(2001601634,802,32),(2001603250,802,33),(2001604684,802,30),(2001609148,802,31),(2001601910,803,36),(2001603613,803,39),(2001604923,803,38),(2001605993,803,37),(2001609456,803,35),(2001603161,804,19),(2001603453,804,43),(2001603870,804,42),(2001603926,804,40),(2001609722,804,41),(2001603872,805,20),(2001603956,805,22),(2001606975,805,21),(2001607114,805,23),(2001607486,805,24);
/*!40000 ALTER TABLE `profesorgrupo` ENABLE KEYS */;
UNLOCK TABLES;
/*!40103 SET TIME_ZONE=@OLD_TIME_ZONE */;

/*!40101 SET SQL_MODE=@OLD_SQL_MODE */;
/*!40014 SET FOREIGN_KEY_CHECKS=@OLD_FOREIGN_KEY_CHECKS */;
/*!40014 SET UNIQUE_CHECKS=@OLD_UNIQUE_CHECKS */;
/*!40101 SET CHARACTER_SET_CLIENT=@OLD_CHARACTER_SET_CLIENT */;
/*!40101 SET CHARACTER_SET_RESULTS=@OLD_CHARACTER_SET_RESULTS */;
/*!40101 SET COLLATION_CONNECTION=@OLD_COLLATION_CONNECTION */;
/*!40111 SET SQL_NOTES=@OLD_SQL_NOTES */;

-- Dump completed on 2016-10-26  7:35:48
