-- MySQL dump 10.13  Distrib 5.1.55, for Win32 (ia32)
--
-- Host: localhost    Database: dos
-- ------------------------------------------------------
-- Server version	5.1.55-community

/*!40101 SET @OLD_CHARACTER_SET_CLIENT=@@CHARACTER_SET_CLIENT */;
/*!40101 SET @OLD_CHARACTER_SET_RESULTS=@@CHARACTER_SET_RESULTS */;
/*!40101 SET @OLD_COLLATION_CONNECTION=@@COLLATION_CONNECTION */;
/*!40101 SET NAMES utf8 */;
/*!40103 SET @OLD_TIME_ZONE=@@TIME_ZONE */;
/*!40103 SET TIME_ZONE='+00:00' */;
/*!40014 SET @OLD_UNIQUE_CHECKS=@@UNIQUE_CHECKS, UNIQUE_CHECKS=0 */;
/*!40014 SET @OLD_FOREIGN_KEY_CHECKS=@@FOREIGN_KEY_CHECKS, FOREIGN_KEY_CHECKS=0 */;
/*!40101 SET @OLD_SQL_MODE=@@SQL_MODE, SQL_MODE='NO_AUTO_VALUE_ON_ZERO' */;
/*!40111 SET @OLD_SQL_NOTES=@@SQL_NOTES, SQL_NOTES=0 */;

--
-- Table structure for table `banco`
--

DROP TABLE IF EXISTS `banco`;
/*!40101 SET @saved_cs_client     = @@character_set_client */;
/*!40101 SET character_set_client = utf8 */;
CREATE TABLE `banco` (
  `claveBanco` varchar(6) NOT NULL,
  `nombre` varchar(20) DEFAULT NULL,
  `calle` varchar(50) DEFAULT NULL,
  `numero` int(11) DEFAULT NULL,
  `cp` int(11) DEFAULT NULL,
  `delmun` varchar(50) DEFAULT NULL,
  `numeroCuenta` varchar(11) NOT NULL,
  PRIMARY KEY (`claveBanco`),
  KEY `numeroCuenta` (`numeroCuenta`),
  CONSTRAINT `banco_ibfk_1` FOREIGN KEY (`numeroCuenta`) REFERENCES `cuenta` (`numeroCuenta`)
) ENGINE=InnoDB DEFAULT CHARSET=latin1;
/*!40101 SET character_set_client = @saved_cs_client */;

--
-- Dumping data for table `banco`
--

LOCK TABLES `banco` WRITE;
/*!40000 ALTER TABLE `banco` DISABLE KEYS */;
INSERT INTO `banco` VALUES ('1001','BANAMEX','Avenida Ejercito Nacional',718,37100,'Benito Juarez','73344750353'),('1002','BANORTE','ANILLO PERIFERICO SUR',4690,4500,'JARDINES DEL PEDREGAL DE SAN ANGEL','51173879998'),('1003','BANCOMER','ACOXPA',610,14390,'DISTRITO FEDERAL','54699347262'),('1004','INBURSA','RIO CHURUBUSCO',609,9060,'DISTRITO FEDERAL','49307397441'),('1005','SCOTIABANK INVERLAT','INSURGENTES SUR',1971,1020,'DISTRITO FEDERAL','20173396431'),('1006','HSBC','CUAUHTEMOC',226,6720,'DISTRITO FEDERAL','23513864615'),('1007','BANAMEX','RICARDO FLORES MAGON',425,6450,'DISTRITO FEDERAL','95275657974'),('1008','BANORTE','NIÑOS HEROES',168,6720,'DISTRITO FEDERAL','15199330828'),('1009','BANCOMER','REVOLUCION',1404,1020,'DISTRITO FEDERAL','06236711625'),('1010','INBURSA','ANILLO PERIFERICO SUR',4690,4500,'JARDINES DEL PEDREGAL DE SAN ANGEL','95483277625'),('1011','SCOTIABANK INVERLAT','MORELOS',12,31500,'DISTRITO FEDERAL','75441899868'),('1012','HSBC','CANAL DE TEZONTLE CENTRO ',1512,9020,'DISTRITO FEDERAL','58498636118'),('1013','BANAMEX','INSURGENTES SUR',825,3810,'DISTRITO FEDERAL','04603484857'),('1014','BANORTE','CANAL DE MIRAMONTES',2600,4830,'DISTRITO FEDERAL','21437605216'),('1015','BANCOMER','TAXQIUEÑA',1415,4200,'DISTRITO FEDERAL','13787370476'),('1016','INBURSA','XOLA',14,3400,'DISTRITO FEDERAL','31535356793'),('1017','SCOTIABANK INVERLAT','LAZARO CADENAS',572,3400,'DISTRITO FEDERAL','16956126729'),('1018','HSBC','HELIOPOLIS',246,2080,'DISTRITO FEDERAL','24158961607'),('1019','HSBC','REFORMA',45,6030,'DISTRITO FEDERAL','19779627230'),('1020','BANAMEX','XOLA',1254,3020,'NARVARTE PONIENTE','79031530642'),('1021','BANORTE','PASEO DE LA REFORMA',10,6030,'TABACALERA','39607463215'),('1022','BANCOMER','DIVISION DEL NORTE',1354,3650,'LETRAN VALLE','54585231744'),('1023','INBURSA','SUR',4261,14210,'JARDINES EN LA MONTAÑA','50553130307'),('1024','SCOTIABANK INVERLAT','CAMINO AL AJUSCO',160,14210,'JARDINES EN LA MONTAÑA','63848860078'),('1025','HSBC','SAN LUIS POTOSI',138,6700,'ROMA NORTE','61149677945'),('1026','HSBC','ORIZABA',7,6700,'ROMA NORTE','32667330445'),('1027','BANAMEX','JALISCO',165,11870,'TACUBAYA','38789095736'),('1028','BANORTE','MELCHOR OCAMPO',193,11300,'VERONICA ANZURES','35078428685'),('1029','BANCOMER','VALLADOLID',74,6700,'ROMA NORTE','84658385587'),('1030','INBURSA','BAHIA SANTA BARABARA',3,11300,'VERONICA ANZURES','42046061838'),('1031','SCOTIABANK INVERLAT','CUITLAHUAC',3354,2530,'JARDIN AZPEITIA','58458306744'),('1032','HSBC','SERVANDO TERESA DE MIER',647,15900,'JARDIN BALBUENA','08169768976'),('1033','BANAMEX','DE TLALPAN',400,8200,' VIADUCTO PIEDAD','97730698981'),('1034','HSBC','DE TLALPAN',3604,14370,'SAN LORENZO HUIPULCO','13327197037'),('1035','BANAMEX','DIVISION DEL NORTE',4901,16035,'SAN LORENZO DE LA CEBADA','90154551152'),('1036','BANAMEX','DESIERTO DE LOS LEONES',40,1000,'SAN ANGEL','64969732083'),('1037','BANORTE','SAN JACINTO',1,1000,'SAN ANGEL','53461795097'),('1038','BANCOMER','DE LA REFORMA',222,6600,'JUAREZ','22108966266'),('1039','INBURSA','DEL HUESO',670,4870,'LOS ROBLES','55227206311'),('1040','SCOTIABANK INVERLAT','NUEVO LEON',97,6100,'HIPODROMO','87090186069'),('1041','HSBC','DE LOS MISTERIOS',2,6250,'EX-HIPODROMO DE PERALVILLO','58188424632'),('1042','BANAMEX','MIGUEL ANGEL DE QUEVEDO',443,4310,'ROMERO DE TERRENOS','21192847228'),('1043','BANORTE','HAMBURGO',172,6600,'JUAREZ','25689275148'),('1044','BANAMEX','PASEO DE LA REFORMA',128,6600,'JUAREZ','28940288988'),('1045','BANORTE','AXOMIATLA DE LAS AGUILAS',2006,1820,'LOMAS AXOMIATLA','45973008331'),('1046','BANCOMER','INSURGENTES SUR',421,6170,'HIPODROMO CONDESA','80659716127'),('1047','INBURSA','ALTAVISTA',192,1060,'SAN ANGEL INN','32826209982'),('1048','SCOTIABANK INVERLAT','PUERTO AEREO',151,15700,'FEDERAL','23062418575'),('1049','HSBC','ALTAMIRANO',46,1090,'TIZAPAN','92033407733'),('1050','HSBC','MIGUEL ANGEL DE QUEVEDO',470,4010,'BARRIO SANTA CATARINA','80187740971'),('1051','BANAMEX','CANAL RIO CHURUBUSCO',1635,9040,'CENTRAL DE ABASTO','99163276684'),('1052','BANORTE','MIGUEL DE CERVANTES SAAVEDRA',303,11529,'AMPLIACION GRANADA','01697696491'),('1053','BANCOMER','FRANCISCO I MADERO',1,6000,'CENTRO','88249948443'),('1054','INBURSA','INSURGENTES SUR',3500,14060,'PEÑA POBRE','11393403852'),('1055','SCOTIABANK INVERLAT','INSURGENTES SUR',3996,14000,'TLALPAN CENTRO','23921750828'),('1056','HSBC','LAS PALMAS',760,11000,'LOMAS DE CHAPULTEPEC','40816836229'),('1057','BANAMEX','PRADO NORTE',218,11000,'LOMAS DE CHAPULTEPEC','95885612956'),('1058','HSBC','20 DE NOVIEMBRE',151,6000,'CENTRO','33133034461'),('1059','BANAMEX','ISABEL LA CATOLICA',28,6000,'CENTRO','07168726706'),('1060','BANORTE','ERMITA IZTAPALAPA',655,9810,'PROGRESO DEL SUR','09150516306'),('1061','BANORTE','ERMITA IZTAPALAPA',1441,9830,'EL MOLINO','54799515575'),('1062','BANCOMER','GUADALUPE I RAMIREZ',318,16050,'BARRIO SAN MARCOS','38531892911'),('1063','INBURSA','INGUARAN',5114,7880,'MARTIRES DE RIO BLANCO','05181989238'),('1064','SCOTIABANK INVERLAT','TLAHUAC',1616,9800,'PUEBLO CULHUACAN','16740765213'),('1065','HSBC','UNIVERSIDAD',1000,3310,'SANTA CRUZ ATOYAC','36546291384'),('1066','BANAMEX','CUAUHTEMOC',1473,3310,'SANTA CRUZ ATOYAC','37653904762'),('1067','HSBC','INSURGENTES SUR',24116,4340,'COPILCO UNIVERSIDAD','57260333909'),('1068','BANAMEX','UNIVERSIDAD',1134,3330,'XOCO','52527191399'),('1069','HSBC','DE TLALPAN',4737,14050,'TORIELLO GUERRA','18498554093'),('1070','BANORTE','PONIENTE',140,2300,'INDUSTRIAL VALLEJO','98518986421'),('1071','BANCOMER','BARRANCA DEL MUERTO',479,1600,'MERCED GOMEZ','71437103965'),('1072','BANAMEX','MARINA NACIONAL',329,11311,'PETROLEOS MEXICANOS','86813905778'),('1073','INBURSA','REVOLUCION',1115,3930,'MERCED GOMEZ','00160752265'),('1074','SCOTIABANK INVERLAT','OLIVAR DE LOS PADRES',1195,1780,'OLIVAR DE LOS PADRES','65487080230'),('1075','BANAMEX','TOLUCA',571,1780,'OLIVAR DE LOS PADRES','74458803937'),('1076','HSBC','ADOLFO LOPEZ MATEOS',2551,1790,'LOMAS DE SAN ANGEL INN','85295893120'),('1077','HSBC','REPUBLICA DE URUGUAY',55,6020,'CENTRO','53879861282'),('1078','BANCOMER','LORENZO BOTURINI',202,6820,'TRANSITO','00751817876'),('1079','BANORTE','LAGO ALBERTO',320,11320,'ANAHUAC I SECCION','89060384135'),('1080','BANCOMER','CANAL DE TEZONTLE',1540,8900,'INFONAVIT IZTACALCO','07103033446'),('1081','BANAMEX','VASCO DE  QUIROGA',2000,1210,'SANTA FE','29082664332'),('1082','INBURSA','ADOLFO PRIETO',202,3100,'DEL VALLE CENTRO','29940368463'),('1083','SCOTIABANK INVERLAT','DE LAS AGUILAS',1289,1730,'PUENTE COLORADO','95422992786'),('1084','HSBC','DEL CONSCRIPTO',311,11200,'LOMAS DE SOTELO','48755644899'),('1085','BANAMEX','FELIX CUEVAS',126,3100,'DEL VALLE CENTRO','89781690436'),('1086','HSBC','JUAN SALV ADOR AGRAZ',40,5348,'SANTA FE CUAJIMALPA','14579631180'),('1087','BANORTE','CAMINO AL MOLINO DE FLORES',23,56120,'SANTA CRUZ DE ARRIBA','05670473272'),('1088','BANCOMER','JESUS DEL MONTE',458,52764,'JESUS DEL MONTE','74743185591'),('1089','BANAMEX','COLON',200,50120,'COLON','30729988246'),('1090','INBURSA','LAGO DE GUADALUPE',368,52929,'VILLAS DE LA HACIENDA','42950133290'),('1091','SCOTIABANK INVERLAT','SANTA CRUZ OJO DE AGUA',88,55760,'SAN FRANCISCO CUAUTLIQUIXCA','17648590579'),('1092','HSBC','16 DE SEPTIEMBRE',310,56100,'TEXCOCO DE MORA CENTRO','93872951208'),('1093','BANORTE','LEONA VICARIO',1,52176,'SAN FRANCISCO INFONAVIT','40898706645'),('1094','BANCOMER','GUSTAVO BAZ',226,53300,'HACIENDA DE ECHEGARAY','62732999690'),('1095','INBURSA','GUSTAVO BAZ',3313,54000,'TLALNEPANTLA CENTRO','70257680569'),('1096','SCOTIABANK INVERLAT','SOR JUANA INES DE LA CRUZ',114,54000,'TLALNEPANTLA CENTRO','08262514844'),('1097','HSBC','ADOLFO LOPEZ MATEOS',100,52970,'LAS ALAMEDAS','11765068359'),('1098','BANAMEX','MEXICO QUERETARO',1,54080,'VIVEROS DE LA LOMA','43499045138'),('1099','BANCOMER','SOLIDARIDAD',1801,56607,'COVADONGA','31003472777'),('1100','BANORTE','PRADOS',100,54930,'SAN PABLO DE LAS SALINAS','57224064686'),('1101','INBURSA','EULIER',129,11009,'POLANCO','59203797382'),('1102','SCOTIABANK INVERLAT','JINETES',118,52950,'LAS ARBOLEDAS','43973971945'),('1103','HSBC','MEXICO QUERETARO',123,54600,'CENTRO','19142656381'),('1104','BANORTE','FEDERAL MEXICO PACHUCA',654,55749,'HUEYOTENCO','93737655012'),('1105','BANCOMER','JUAREZ NORTE',101,50000,'TOLUCA DE LERDO','39311123512'),('1106','INBURSA','FEDERAL MEXICO TEXCOCO',431,56266,'SANTA MARTHA','77012948191'),('1107','SCOTIABANK INVERLAT','FUENTES DE TRITONES',761,53950,'LOMAS DE TECAMACHALCO','06757439584'),('1108','BANAMEX','TECNOLOGICO NORTE',1326,52172,'SAN SALVADOR TIZATLALE','19221012558'),('1109','HSBC','GUSTAVO BAZ',142,54080,'BELLAVISTA PUENTE DE VIGAS','57959740411'),('1110','HSBC','BOSQUES DE MANZANA',234,52780,'LOMAS DE TECAMACHALCO','58809245940'),('1111','INBURSA','1 DE MAYO',320,53529,'ESTADO DE MEXICO','06413671523'),('1112','BANAMEX','LOMAS VERDES',545,53120,'LOMAS VERDES','06071719086'),('1113','BANCOMER','CARLOS HANK GONZALEZ',120,55140,'RINCONADA DE ARAGON','37013379663'),('1114','SCOTIABANK INVERLAT','MEXICO QUERETARO',3090,54040,'SAN ANDRES ATENCO','87642467903'),('1115','HSBC','1 DE MAYO',228,53500,'SAN ANDRES ATOTO','08192777585'),('1116','BANAMEX','CUAUHTEMOC',58,56600,'CHALCO DE DIAZ COVARRUBIAS CENTRO','99926462287'),('1117','HSBC','BOSQUES DE BOLOGNIA',2,54766,'BOSQUES DEL LAGO','17439144495'),('1118','BANAMEX','LEANDRO VALLE',202,50060,'DOCTORES','24448395802'),('1119','BANORTE','MORELOS',539,55429,'LA CUESTA SANTA CLARA','00905584172'),('1120','BANCOMER','GUSTAVO BAZ',166,54090,'LA ESCUELA','61039868030'),('1121','INBURSA','LOPEZ PORTILLO',220,55714,'SAN LORENZO TETLIXTAC','10665753620'),('1122','SCOTIABANK INVERLAT','MANUEL AVILA CAMACHO',25,53160,'LA FLORIDA','87848574189'),('1123','HSBC','MANUEL AVILA CAMACHO',1007,54055,'SAN LUCAS TEPETLACALCO','42038969542'),('1124','BANCOMER','FRANCISCO GONZALEZ BOCANEGRA',201,51200,'VALLE DE BRAVO','94856883905'),('1125','SCOTIABANK INVERLAT','BOSQUE DE MOCTEZUMA',1,52783,'BOSQUES DE LA HERRADURA','42891675224'),('1126','HSBC','FEDERAL MEXICO PUEBLA',27,56538,'SANTA BARBARA','34369298583'),('1127','HSBC','CUAUHTEMOC',3,56538,'SANTA BARBARA','83657448581'),('1128','BANORTE','MEDICOS',204,53100,'CIUDAD SATELITE','34088367659'),('1129','BANAMEX','CIRCUNVALACION PTE',146,53100,'CIUDAD SATELITE','05983624172'),('1130','BANCOMER','INSURGENTES',541,55000,'SAN CRISTOBAL CENTRO','26749979526'),('1131','INBURSA','JUAN RODRIGUEZ',102,50120,'RESIDENCIAL COLON','42330928252'),('1132','BANORTE','JOSEFA ORTIZ DE DOMINGUEZ',529,52140,'SAN MATEO','20117932659'),('1133','SCOTIABANK INVERLAT','NOGAL',32,54090,'LOS REYES IXTACALA','13755038365'),('1134','HSBC','CERRO DE LAS CAMPANAS',3,54040,'LOMAS DE SAN ANDRES ATENCO','88509546196'),('1135','BANAMEX','JOSE LOPEZ PORTILLO',12,54940,'SAN FRANCISCO CHILPAN','82265782389'),('1136','HSBC','LOPEZ PORTILLO',410,55010,'GUADALUPE VICTORIA','96170866699'),('1137','BANAMEX','ADOLFO LOPEZ MATEOS',13,55940,'MIGUEL HIDALGO','26240555626'),('1138','BANCOMER','16 DE SEPTIEMBRE',116,56116,'SAN PABLO','11584784742'),('1139','INBURSA','JOSE LOPEZ PORTILLO',101,55710,' ZACACUITLA','78088122380'),('1140','SCOTIABANK INVERLAT','MELCHOR OCAMPO',120,55600,'SANTIAGO','22628981652'),('1141','HSBC','AVENIDA GUERRERO',38,56600,'CENTRO','25318906576'),('1142','HSBC','AVENIDA MORELOS',172,55090,'LOS LAURELES','81483388541'),('1143','BANCOMER','AVENIDA ISIDRO FABELA',863,55090,'BARRIO LOS ANGELES','21160880003'),('1144','BANORTE','AVENIDA BENITO JUAREZ',761,52140,'COAXUSTENCO','00335184406'),('1145','BANAMEX','AVENIDA DE LOS FRESNOS',18,54750,'ARCOS DDEL ALBA','17009956752'),('1146','INBURSA','BLV TULTITLAN',90,54900,'BELEM','68721595125'),('1147','SCOTIABANK INVERLAT','TULTITLAN',106,54900,'BARRIO LOS REYES','91896634859'),('1148','HSBC','AVENIDA REVOLUCION',116,52180,'MEXICALTZINGO','36502361805'),('1149','BANORTE','DE LOS FRESNOS',65,54750,'GENERALISIMO JOSE MARIA MORELOS Y PAVON','70659591169'),('1150','INBURSA','PASEO DE LAS VILLAS',567,52929,'HACIENDA DE LA LUZ','19458245026'),('1151','SCOTIABANK INVERLAT','ADOLFO LOPEZ MATEOS',100,52900,'CIUDAD ADOLFO LOPEZ MATEOS','36807381363'),('1152','HSBC','JORGE JIMENEZ CANTU',14,52937,'VALLE ESCONDIDO','10699908020'),('1153','BANCOMER','JORGE JIMENEZ CANTU',71,56400,'LOS REYES ACAQUILPAN CENTRO','35450949758'),('1154','INBURSA','AVENIDA CARLOS HANK GONZALEZ',120,55140,'RINCONADA DE ARAGON','49280470465'),('1155','HSBC','PASEO TOLLOCAN',23,54700,'PARQUE INDUSTRIAL LERMA','63693157969'),('1156','HSBC','LEANDRO VALLE',207,50000,'REFORMA','55257436755'),('1157','BANAMEX','FRANCISCO GONZALEZ BOCANEGRA',201,51200,'CENTRO','57375572810'),('1158','BANORTE','AVENIDA TECNOLOGICO',1326,52172,'ESTADO DE MEXICO','57375572813'),('1159','BANCOMER','JOSE MARIA MORELOS',100,50130,'CUAUHTEMOC','39039093778'),('1160','INBURSA','BOSQUE DE MOCTEZUMA',1,52784,'LA HERRADURA','54671018281'),('1161','SCOTIABANK INVERLAT','MANUEL AVILA CAMACHO',1007,54055,'SAN LUCAS TEPETLACALCO','35071426528'),('1162','HSBC','RIO USUMACINTA',3,54763,'EJIDAL SAN ISIDRO','56397028493'),('1163','BANAMEX','DE LAS FUENTES',41,53950,'LOMAS DE TECAMACHALCO','13067487191'),('1164','HSBC','GUSTAVO BAZ PRADA',166,54710,'ADOLFO LOPEZ MATEOS','34785013247'),('1165','BANAMEX','BENITO JUAREZ',115,50000,'MEXICO','18055941335'),('1166','BANORTE','GUSTAVO BAZ PRADA',166,91700,'MEXICO','01639046537'),('1167','BANCOMER','GUSTAVO BAZ PRADA',166,54090,'LAS FLORES','16020354202'),('1168','INBURSA','ALFREDO DEL MAZO',9,56600,'LA CONCEPCION','49190299543'),('1169','SCOTIABANK INVERLAT','INDEPENDENCIA',31,52060,'EL JARDIN','39926820826'),('1170','HSBC','AVENIDA CENTRAL',31,57100,'VALLE DE ARAGON','10124498062'),('1171','BANAMEX','JUAREZ NORTE',101,50000,'TOLUCA DE LERDO','23735300421'),('1172','BANAMEX','HUEHUETOCA',23,54715,'EX-HACIENDA SAN MIGUEL','98919735855'),('1173','BANORTE','LOMAS VERDES',414,53250,'SANTIAGO OCCIPACO','18804202047'),('1174','BANCOMER','LOMAS VERDES',545,53120,'LOMAS VERDES','47068164921'),('1175','INBURSA','HANK GONZALEZ',44,55210,'VALLE DE ANAHUAC','02367231374'),('1176','SCOTIABANK INVERLAT','BORDO DE XOCHIACA',3,57025,'CIUDAD JARDIN','27475822426'),('1177','HSBC','VIA MAGNA',34,52765,'SAN FERNANDO','20157384343'),('1178','HSBC','CAMINO AL MOLINO DE FLORES',37,56120,'SANTA CRUZ DE ARRIBA','61432784480'),('1179','BANAMEX','GUSTAVO BAZ',226,53300,'HACIENDA DE ECHEGARAY','98487768656'),('1180','BANAMEX','ANGEL ALBINO CORZO',3105,7860,'TABLAS DE SAN AGUSTIN','02772839037'),('1181','BANORTE','PASEO DE LA REFORMA',107,6030,'TABACALERA','07605433914'),('1182','BANCOMER','CALZADA DE TLALPAN',964,3500,'NATIVITAS','36212840960'),('1183','INBURSA','JOSE MARIA LAFRAGUA',4,6030,'TABACALERA','73607201389'),('1184','SCOTIABANK INVERLAT','AVENIDA INSURGENTES',4215,14000,'SANTA URSULA','63936802390'),('1185','HSBC','CANAL DE TEZONTLE',112,51200,'AVANDARO','20525482722'),('1186','BANAMEX','MORELOS',625,31500,'CIUDAD CUAUHTEMOC CENTRO','50426057843'),('1187','BANCOMER','PARQUE CENTENARIO',5,4000,'COYOACAN CENTRO','70466454987'),('1188','INBURSA','CUITLAHUAC',3354,2530,'JARDIN AZPEITIA','33627714570'),('1189','BANORTE','PLUTARCO ELIAS CALLES',1897,3580,'MIRAVALLES','31018954054'),('1190','BANAMEX','DEL IMAN',151,4700,'PEDREGAL DE CARRASCO','21870260711'),('1191','SCOTIABANK INVERLAT','DEL CONSCRIPTO',311,11200,'LOMAS DE SOTELO','19983113110'),('1192','HSBC','AGUA',490,1900,'JARDINES DEL PEDREGAL','87698380768'),('1193','HSBC','CALZADA DE TLALPAN',2141,6540,'COYOACAN','18427238266'),('1194','BANCOMER','DIVISION DEL NORTE',2350,3330,'BENITO JUAREZ','85253629847'),('1195','BANAMEX','FELIPE CARRILLO PERTO',3,40000,'COYOACAN','94279311456'),('1196','BANORTE','MINNESOTA',14,38100,'BENITO JUAREZ','27490691201'),('1197','INBURSA','JOSE LUIS LAGRANGE',129,5000,'MIGUEL HIDALGO','66374028144'),('1198','BANCOMER','BENJAMIN FRANKLIN',180,6900,'MIGUEL HIDALGO','26796224947'),('1199','BANAMEX','VENUSTIANO CARRANZA',58,6060,'CUAUHTEMOC','89428925253'),('1200','BANORTE','CRUCES',23,6060,'CUAUHTEMOC','37815453058');
/*!40000 ALTER TABLE `banco` ENABLE KEYS */;
UNLOCK TABLES;

--
-- Table structure for table `cliente`
--

DROP TABLE IF EXISTS `cliente`;
/*!40101 SET @saved_cs_client     = @@character_set_client */;
/*!40101 SET character_set_client = utf8 */;
CREATE TABLE `cliente` (
  `IDCliente` varchar(6) NOT NULL,
  `RFC` varchar(13) NOT NULL,
  `claveDocumento` varchar(6) NOT NULL,
  `claveCredito` varchar(6) NOT NULL,
  PRIMARY KEY (`IDCliente`),
  KEY `RFC` (`RFC`),
  KEY `claveDocumento` (`claveDocumento`),
  KEY `claveCredito` (`claveCredito`),
  CONSTRAINT `cliente_ibfk_1` FOREIGN KEY (`RFC`) REFERENCES `tipocliente` (`RFC`),
  CONSTRAINT `cliente_ibfk_2` FOREIGN KEY (`claveDocumento`) REFERENCES `documento` (`claveDocumento`),
  CONSTRAINT `cliente_ibfk_3` FOREIGN KEY (`claveCredito`) REFERENCES `credito` (`claveCredito`)
) ENGINE=InnoDB DEFAULT CHARSET=latin1;
/*!40101 SET character_set_client = @saved_cs_client */;

--
-- Dumping data for table `cliente`
--

LOCK TABLES `cliente` WRITE;
/*!40000 ALTER TABLE `cliente` DISABLE KEYS */;
INSERT INTO `cliente` VALUES ('CL1000','CPE0112017KM','D1001','C1001'),('CL1001','CGA9903085GB','D1002','C1002'),('CL1002','MEL9102254YX','D1003','C1003'),('CL1003','SER9805262BV','D1004','C1004'),('CL1004','DCM9202024RF','D1005','C1005'),('CL1005','CON0508127GH','D1006','C1006'),('CL1006','CSI0209119AX','D1007','C1007'),('CL1007','WTR0703290TG','D1008','C1008'),('CL1008','ADH0111308JI','D1009','C1009'),('CL1009','THO0912011HQ','D1010','C1010'),('CL1010','CAR0701314MZ','D1011','C1011'),('CL1011','REF9202285AQ','D1012','C1012'),('CL1012','CEL9303136QW','D1013','C1013'),('CL1013','BSE9404147WE','D1014','C1014'),('CL1014','BEL9512158ER','D1015','C1015'),('CL1015','GRE9611169RT','D1016','C1016'),('CL1016','LEL9709170TY','D1017','C1017'),('CL1017','SER9810181YU','D1018','C1018'),('CL1018','AAN9901192UI','D1019','C1019'),('CL1019','CHV0108203IO','D1020','C1020'),('CL1020','CAS0207214OP','D1021','C1021'),('CL1021','SVM0305225PL','D1022','C1022'),('CL1022','CGU0406236LK','D1023','C1023'),('CL1023','CGA0501247KJ','D1024','C1024'),('CL1024','CIT0602258JH','D1025','C1025'),('CL1025','CCS0703269HG','D1026','C1026'),('CL1026','CRB0804279GF','D1027','C1027'),('CL1027','CAW0905280FD','D1028','C1028'),('CL1028','CTR1006297DS','D1029','C1029'),('CL1029','COR1107306SA','D1030','C1030'),('CL1030','DME1208315AZ','D1031','C1031'),('CL1031','DCM9009014ZX','D1032','C1032'),('CL1032','DMA9110023XC','D1033','C1033'),('CL1033','EGE9211032CV','D1034','C1034'),('CL1034','EKM9312041VF','D1035','C1035'),('CL1035','ESC9401051BW','D1036','C1036'),('CL1036','SXP9502062NT','D1037','C1037'),('CL1037','EGS9603073MJ','D1038','C1038'),('CL1038','ERO9704084MI','D1039','C1039'),('CL1039','EPL9805095NT','D1040','C1040'),('CL1040','GCS9906106BE','D1041','C1041'),('CL1041','GNE0007117VN','D1042','C1042'),('CL1042','IMM0108128CA','D1043','C1043'),('CL1043','LIF0209149XL','D1044','C1044'),('CL1044','LYA0310130ZZ','D1045','C1045'),('CL1045','LLY0411150AF','D1046','C1046'),('CL1046','MAG0512169SN','D1047','C1047'),('CL1047','PAD0611178DI','D1048','C1048'),('CL1048','PHI0710187FQ','D1049','C1049'),('CL1049','ROH0809196GA','D1050','C1050'),('CL1050','LCH0908206HL','D1051','C1051'),('CL1051','CLE1007215JN','D1052','C1052'),('CL1052','SER1106224KT','D1053','C1053'),('CL1053','SPA1205243LE','D1054','C1054'),('CL1054','TLI8904232PI','D1055','C1055'),('CL1055','YEE9003251OO','D1056','C1056'),('CL1056','SLJ9102261ID','D1057','C1057'),('CL1057','GRS9201272UJ','D1058','C1058'),('CL1058','CSS9302283YE','D1059','C1059'),('CL1059','EVI9403294TW','D1060','C1060'),('CL1060','ASA9504305RN','D1061','C1061'),('CL1061','INI9605316EB','D1062','C1062'),('CL1062','RSR9706017WW','D1063','C1063'),('CL1063','FER9807028QQ','D1064','C1064'),('CL1064','REC9908039AR','D1065','C1065'),('CL1065','LSC0009040SF','D1066','C1066'),('CL1066','CSA0110059DU','D1067','C1067'),('CL1067','BBR0211060AE','D1068','C1068'),('CL1068','TEK0312078SA','D1069','C1069'),('CL1069','EVE0412087DB','D1070','C1070'),('CL1070','SAN0511096FX','D1071','C1071'),('CL1071','DAH0610105GW','D1072','C1072'),('CL1072','GGA0709114HJ','D1073','C1073'),('CL1073','GIT0808123JK','D1074','C1074'),('CL1074','SOL0907132KL','D1075','C1075'),('CL1075','SMS1006141LW','D1076','C1076'),('CL1076','AEC1105151TQ','D1077','C1077'),('CL1077','CHY1204162YB','D1078','C1078'),('CL1078','SKY9003173EJ','D1079','C1079'),('CL1079','UNI9102184VT','D1080','C1080'),('CL1080','SIM9201195CY','D1081','C1081'),('CL1081','SPA0301206CW','D1082','C1082'),('CL1082','POS0502217WK','D1083','C1083'),('CL1083','ACI0403228QU','D1084','C1084'),('CL1084','SEC0904239HI','D1085','C1085'),('CL1085','SAN0705240JO','D1086','C1086'),('CL1086','TEK0606250YP','D1087','C1087'),('CL1087','ACR0207269RZ','D1088','C1088'),('CL1088','RHO0108278BX','D1089','C1089'),('CL1089','CIM0509287CC','D1090','C1090'),('CL1090','FYP0910296FV','D1091','C1091'),('CL1091','PSS1011305EB','D1092','C1092'),('CL1092','CAI1112014GN','D1093','C1093'),('CL1093','ISE1101023YM','D1094','C1094'),('CL1094','SER1202032TL','D1095','C1095'),('CL1095','SPL0803041FK','D1096','C1096'),('CL1096','STA0704052EJ','D1097','C1097'),('CL1097','LAR0605063NG','D1098','C1098'),('CL1098','CSS0406074MM','D1099','C1099'),('CL1099','RAA1007085WH','D1100','C1100'),('CL1100','LORL780512A11','D1101','C1101'),('CL1101','CACM800802B12','D1102','C1102'),('CL1102','DECM780111C13','D1103','C1103'),('CL1103','FIIM760212D14','D1104','C1104'),('CL1104','FOHF750313E15','D1105','C1105'),('CL1105','FRDM850414F16','D1106','C1106'),('CL1106','GUQL870515G17','D1107','C1107'),('CL1107','HERA860616H18','D1108','C1108'),('CL1108','JIJL830717I19','D1109','C1109'),('CL1109','LOGA820818J20','D1110','C1110'),('CL1110','MAOC810919K21','D1111','C1111'),('CL1111','MAUJ881020L22','D1112','C1112'),('CL1112','MOLJ881121M23','D1113','C1113'),('CL1113','PAGA871222N24','D1114','C1114'),('CL1114','PEUE860123O25','D1115','C1115'),('CL1115','RAPA850224P26','D1116','C1116'),('CL1116','RUTC840325Q27','D1117','C1117'),('CL1117','SAMA830426R28','D1118','C1118'),('CL1118','SAMG820527S29','D1119','C1119'),('CL1119','SIVM810628T30','D1120','C1120'),('CL1120','SOGI800729U31','D1121','C1121'),('CL1121','TOER790830V32','D1122','C1122'),('CL1122','TRRE780901W33','D1123','C1123'),('CL1123','VAOC771002X34','D1124','C1124'),('CL1124','ALVJ761103Y35','D1125','C1125'),('CL1125','ARLA751205Z36','D1126','C1126'),('CL1126','ARRO740106A37','D1127','C1127'),('CL1127','BERE730207B38','D1128','C1128'),('CL1128','ESHY720308C39','D1129','C1129'),('CL1129','FRGJ730409D40','D1130','C1130'),('CL1130','GAPA740510E41','D1131','C1131'),('CL1131','HESE750611F42','D1132','C1132'),('CL1132','LOVJ760712G43','D1133','C1133'),('CL1133','MERS770813H44','D1134','C1134'),('CL1134','MOMU780914I45','D1135','C1135'),('CL1135','NUBL791015J46','D1136','C1136'),('CL1136','PEAR801116K47','D1137','C1137'),('CL1137','PECI811217L48','D1138','C1138'),('CL1138','RAPG820118M49','D1139','C1139'),('CL1139','REGF830219N50','D1140','C1140'),('CL1140','RUCM840320O51','D1141','C1141'),('CL1141','SAMM850421P52','D1142','C1142'),('CL1142','SARM860522Q53','D1143','C1143'),('CL1143','CAMH850623W54','D1144','C1144'),('CL1144','DEVE840724R55','D1145','C1145'),('CL1145','GOMM780825S56','D1146','C1146'),('CL1146','GUSS790926T57','D1147','C1147'),('CL1147','HEHE851027U58','D1148','C1148'),('CL1148','HESE831128V59','D1149','C1149'),('CL1149','HEDP821229X60','D1150','C1150'),('CL1150','JIOD870130Y61','D1151','C1151'),('CL1151','LAMA860228Z62','D1152','C1152'),('CL1152','LORJ850331A63','D1153','C1153'),('CL1153','MAMA840401B64','D1154','C1154'),('CL1154','OCCL830502C65','D1155','C1155'),('CL1155','ORCS820603D66','D1156','C1156'),('CL1156','REAG810704E67','D1157','C1157'),('CL1157','ROPE800805F68','D1158','C1158'),('CL1158','SAAD790906H69','D1159','C1159'),('CL1159','VEVJ771007H70','D1160','C1160'),('CL1160','SALA761108I71','D1161','C1161'),('CL1161','COFK781209J72','D1162','C1162'),('CL1162','DIHS740110K73','D1163','C1163'),('CL1163','VAGR880211L74','D1164','C1164'),('CL1164','FRRY870312M75','D1165','C1165'),('CL1165','CREL860413N76','D1166','C1166'),('CL1166','POSO710514O77','D1167','C1167'),('CL1167','VIRO720615P78','D1168','C1168'),('CL1168','CASC730716Q79','D1169','C1169'),('CL1169','ZAGA740817R80','D1170','C1170'),('CL1170','DIDM750918S81','D1171','C1171'),('CL1171','MOFJ761019T82','D1172','C1172'),('CL1172','ACJD771120U83','D1173','C1173'),('CL1173','AGRM781221V84','D1174','C1174'),('CL1174','ALFC790122W85','D1175','C1175'),('CL1175','ALHR800223X86','D1176','C1176'),('CL1176','ALVJ810324Y87','D1177','C1177'),('CL1177','ALCV820425Z88','D1178','C1178'),('CL1178','ARLJ830526A89','D1179','C1179'),('CL1179','ARHR840627B90','D1180','C1180'),('CL1180','ARRE850728C91','D1181','C1181'),('CL1181','ALBM860829D92','D1182','C1182'),('CL1182','BAUC870930E93','D1183','C1183'),('CL1183','BARI841001F94','D1184','C1184'),('CL1184','BECL831102H95','D1185','C1185'),('CL1185','BECL821231G96','D1186','C1186'),('CL1186','BETR800129I97','D1187','C1187'),('CL1187','BEEJ810228J98','D1188','C1188'),('CL1188','BOSN860327K99','D1189','C1189'),('CL1189','CABM840426L98','D1190','C1190'),('CL1190','CAVI830525M12','D1191','C1191'),('CL1191','CAAG820624N13','D1192','C1192'),('CL1192','CASE810723O14','D1193','C1193'),('CL1193','CANJ800822P15','D1194','C1194'),('CL1194','CAVG790921Q16','D1195','C1195'),('CL1195','CHML691020R17','D1196','C1196'),('CL1196','SALC691119S18','D1197','C1197'),('CL1197','COMD841218T19','D1198','C1198'),('CL1198','COLM830117X20','D1199','C1199'),('CL1199','CRQA830216Z21','D1200','C1200'),('CL1200','DLCA850315W22','D1201','C1201');
/*!40000 ALTER TABLE `cliente` ENABLE KEYS */;
UNLOCK TABLES;

--
-- Table structure for table `credito`
--

DROP TABLE IF EXISTS `credito`;
/*!40101 SET @saved_cs_client     = @@character_set_client */;
/*!40101 SET character_set_client = utf8 */;
CREATE TABLE `credito` (
  `claveCredito` varchar(6) NOT NULL,
  `tipoCredito` varchar(50) DEFAULT NULL,
  `limiteCredito` varchar(50) DEFAULT NULL,
  `monto` varchar(50) DEFAULT NULL,
  `intereses` varchar(50) DEFAULT NULL,
  `claveFecha` varchar(6) NOT NULL,
  `clavePlazo` varchar(6) NOT NULL,
  PRIMARY KEY (`claveCredito`),
  KEY `claveFecha` (`claveFecha`),
  KEY `clavePlazo` (`clavePlazo`),
  CONSTRAINT `credito_ibfk_1` FOREIGN KEY (`claveFecha`) REFERENCES `fechascredito` (`claveFecha`),
  CONSTRAINT `credito_ibfk_2` FOREIGN KEY (`clavePlazo`) REFERENCES `plazopago` (`clavePlazo`)
) ENGINE=InnoDB DEFAULT CHARSET=latin1;
/*!40101 SET character_set_client = @saved_cs_client */;

--
-- Dumping data for table `credito`
--

LOCK TABLES `credito` WRITE;
/*!40000 ALTER TABLE `credito` DISABLE KEYS */;
INSERT INTO `credito` VALUES ('C1001','Hipotecario','5000.00','2000.00','10','F1001','PL101'),('C1002','Hipotecario','5000.00','2000.00','10','F1002','PL102'),('C1003','Hipotecario','5000.00','2000.00','10','F1003','PL103'),('C1004','Hipotecario','5000.00','2000.00','10','F1004','PL104'),('C1005','Hipotecario','5000.00','2000.00','10','F1005','PL105'),('C1006','Hipotecario','5000.00','2000.00','10','F1006','PL106'),('C1007','Hipotecario','5000.00','2000.00','10','F1007','PL107'),('C1008','Hipotecario','5000.00','2000.00','10','F1008','PL108'),('C1009','Hipotecario','5000.00','2000.00','10','F1009','PL109'),('C1010','Diamante','5000.00','2000.00','10','F1010','PL110'),('C1011','Diamante','5000.00','2000.00','10','F1011','PL111'),('C1012','Diamante','5000.00','2000.00','10','F1012','PL112'),('C1013','Diamante','5000.00','2000.00','10','F1013','PL113'),('C1014','Diamante','5000.00','2000.00','10','F1014','PL114'),('C1015','Diamante','5000.00','2000.00','10','F1015','PL115'),('C1016','Diamante','5000.00','2000.00','10','F1016','PL116'),('C1017','Diamante','5000.00','2000.00','10','F1017','PL117'),('C1018','Diamante','5000.00','2000.00','10','F1018','PL118'),('C1019','Diamante','5000.00','2000.00','10','F1019','PL119'),('C1020','B sico','5000.00','2000.00','10','F1020','PL120'),('C1021','B sico','5000.00','2000.00','10','F1021','PL121'),('C1022','B sico','5000.00','2000.00','10','F1022','PL122'),('C1023','B sico','5000.00','2000.00','10','F1023','PL123'),('C1024','B sico','5000.00','2000.00','10','F1024','PL124'),('C1025','B sico','5000.00','2000.00','10','F1025','PL125'),('C1026','B sico','5000.00','2000.00','10','F1026','PL126'),('C1027','B sico','5000.00','2000.00','10','F1027','PL127'),('C1028','B sico','5000.00','2000.00','10','F1028','PL128'),('C1029','B sico','5000.00','2000.00','10','F1029','PL129'),('C1030','Gold','5000.00','2000.00','10','F1030','PL130'),('C1031','Gold','5000.00','2000.00','10','F1031','PL131'),('C1032','Gold','5000.00','2000.00','10','F1032','PL132'),('C1033','Gold','5000.00','2000.00','10','F1033','PL133'),('C1034','Gold','5000.00','2000.00','10','F1034','PL134'),('C1035','Gold','5000.00','2000.00','10','F1035','PL135'),('C1036','Gold','5000.00','2000.00','10','F1036','PL136'),('C1037','Gold','5000.00','2000.00','10','F1037','PL137'),('C1038','Gold','5000.00','2000.00','10','F1038','PL138'),('C1039','Gold','5000.00','2000.00','10','F1039','PL139'),('C1040','Basico','5000.00','2000.00','10','F1040','PL140'),('C1041','Basico','5000.00','2000.00','10','F1041','PL141'),('C1042','Basico','5000.00','2000.00','10','F1042','PL142'),('C1043','Basico','5000.00','2000.00','10','F1043','PL143'),('C1044','Basico','5000.00','2000.00','10','F1044','PL144'),('C1045','Basico','5000.00','2000.00','10','F1045','PL145'),('C1046','Basico','5000.00','2000.00','10','F1046','PL146'),('C1047','Basico','5000.00','2000.00','10','F1047','PL147'),('C1048','Basico','5000.00','2000.00','10','F1048','PL148'),('C1049','Basico','5000.00','2000.00','10','F1049','PL149'),('C1050','B sico','5000.00','2000.00','10','F1050','PL150'),('C1051','B sico','5000.00','2000.00','10','F1051','PL151'),('C1052','B sico','5000.00','2000.00','10','F1052','PL152'),('C1053','B sico','5000.00','2000.00','10','F1053','PL153'),('C1054','B sico','5000.00','2000.00','10','F1054','PL154'),('C1055','B sico','5000.00','2000.00','10','F1055','PL155'),('C1056','B sico','5000.00','2000.00','10','F1056','PL156'),('C1057','B sico','5000.00','2000.00','10','F1057','PL157'),('C1058','B sico','5000.00','2000.00','10','F1058','PL158'),('C1059','B sico','5000.00','2000.00','10','F1059','PL159'),('C1060','Hipotecario','5000.00','2000.00','10','F1060','PL160'),('C1061','Hipotecario','5000.00','2000.00','10','F1061','PL161'),('C1062','Hipotecario','5000.00','2000.00','10','F1062','PL162'),('C1063','Hipotecario','5000.00','2000.00','10','F1063','PL163'),('C1064','Hipotecario','5000.00','2000.00','10','F1064','PL164'),('C1065','Hipotecario','5000.00','2000.00','10','F1065','PL165'),('C1066','Hipotecario','5000.00','2000.00','10','F1066','PL166'),('C1067','Hipotecario','5000.00','2000.00','10','F1067','PL167'),('C1068','Hipotecario','5000.00','2000.00','10','F1068','PL168'),('C1069','Hipotecario','5000.00','2000.00','10','F1069','PL169'),('C1070','Gold','5000.00','2000.00','10','F1070','PL170'),('C1071','Gold','5000.00','2000.00','10','F1071','PL171'),('C1072','Gold','5000.00','2000.00','10','F1072','PL172'),('C1073','Gold','5000.00','2000.00','10','F1073','PL173'),('C1074','Gold','5000.00','2000.00','10','F1074','PL174'),('C1075','Gold','5000.00','2000.00','10','F1075','PL175'),('C1076','Gold','5000.00','2000.00','10','F1076','PL176'),('C1077','Gold','5000.00','2000.00','10','F1077','PL177'),('C1078','Gold','5000.00','2000.00','10','F1078','PL178'),('C1079','Gold','5000.00','2000.00','10','F1079','PL179'),('C1080','B sico','5000.00','2000.00','10','F1080','PL180'),('C1081','B sico','5000.00','2000.00','10','F1081','PL181'),('C1082','B sico','5000.00','2000.00','10','F1082','PL182'),('C1083','B sico','5000.00','2000.00','10','F1083','PL183'),('C1084','B sico','5000.00','2000.00','10','F1084','PL184'),('C1085','B sico','5000.00','2000.00','10','F1085','PL185'),('C1086','B sico','5000.00','2000.00','10','F1086','PL186'),('C1087','B sico','5000.00','2000.00','10','F1087','PL187'),('C1088','B sico','5000.00','2000.00','10','F1088','PL188'),('C1089','B sico','5000.00','2000.00','10','F1089','PL189'),('C1090','B sico','5000.00','2000.00','10','F1090','PL190'),('C1091','B sico','5000.00','2000.00','10','F1091','PL191'),('C1092','B sico','5000.00','2000.00','10','F1092','PL192'),('C1093','B sico','5000.00','2000.00','10','F1093','PL193'),('C1094','B sico','5000.00','2000.00','10','F1094','PL194'),('C1095','B sico','5000.00','2000.00','10','F1095','PL195'),('C1096','B sico','5000.00','2000.00','10','F1096','PL196'),('C1097','B sico','5000.00','2000.00','10','F1097','PL197'),('C1098','B sico','5000.00','2000.00','10','F1098','PL198'),('C1099','B sico','5000.00','2000.00','10','F1099','PL199'),('C1100','Hipotecario','5000.00','2000.00','10','F1100','PL200'),('C1101','Hipotecario','5000.00','2000.00','10','F1101','PL201'),('C1102','Hipotecario','5000.00','2000.00','10','F1102','PL202'),('C1103','Hipotecario','5000.00','2000.00','10','F1103','PL203'),('C1104','Hipotecario','5000.00','2000.00','10','F1104','PL204'),('C1105','Hipotecario','5000.00','2000.00','10','F1105','PL205'),('C1106','Hipotecario','5000.00','2000.00','10','F1106','PL206'),('C1107','Hipotecario','5000.00','2000.00','10','F1107','PL207'),('C1108','Hipotecario','5000.00','2000.00','10','F1108','PL208'),('C1109','Hipotecario','5000.00','2000.00','10','F1109','PL209'),('C1110','Gold','5000.00','2000.00','10','F1110','PL210'),('C1111','Gold','5000.00','2000.00','10','F1111','PL211'),('C1112','Gold','5000.00','2000.00','10','F1112','PL212'),('C1113','Gold','5000.00','2000.00','10','F1113','PL213'),('C1114','Gold','5000.00','2000.00','10','F1114','PL214'),('C1115','Gold','5000.00','2000.00','10','F1115','PL215'),('C1116','Gold','5000.00','2000.00','10','F1116','PL216'),('C1117','Gold','5000.00','2000.00','10','F1117','PL217'),('C1118','Gold','5000.00','2000.00','10','F1118','PL218'),('C1119','Gold','5000.00','2000.00','10','F1119','PL219'),('C1120','B sico','5000.00','2000.00','10','F1120','PL220'),('C1121','B sico','5000.00','2000.00','10','F1121','PL221'),('C1122','B sico','5000.00','2000.00','10','F1122','PL222'),('C1123','B sico','5000.00','2000.00','10','F1123','PL223'),('C1124','B sico','5000.00','2000.00','10','F1124','PL224'),('C1125','B sico','5000.00','2000.00','10','F1125','PL225'),('C1126','B sico','5000.00','2000.00','10','F1126','PL226'),('C1127','B sico','5000.00','2000.00','10','F1127','PL227'),('C1128','B sico','5000.00','2000.00','10','F1128','PL228'),('C1129','B sico','5000.00','2000.00','10','F1129','PL229'),('C1130','Gold','5000.00','2000.00','10','F1130','PL230'),('C1131','Gold','5000.00','2000.00','10','F1131','PL231'),('C1132','Gold','5000.00','2000.00','10','F1132','PL232'),('C1133','Gold','5000.00','2000.00','10','F1133','PL233'),('C1134','Gold','5000.00','2000.00','10','F1134','PL234'),('C1135','Gold','5000.00','2000.00','10','F1135','PL235'),('C1136','Gold','5000.00','2000.00','10','F1136','PL236'),('C1137','Gold','5000.00','2000.00','10','F1137','PL237'),('C1138','Gold','5000.00','2000.00','10','F1138','PL238'),('C1139','Gold','5000.00','2000.00','10','F1139','PL239'),('C1140','Basico','5000.00','2000.00','10','F1140','PL240'),('C1141','Basico','5000.00','2000.00','10','F1141','PL241'),('C1142','Basico','5000.00','2000.00','10','F1142','PL242'),('C1143','Basico','5000.00','2000.00','10','F1143','PL243'),('C1144','Basico','5000.00','2000.00','10','F1144','PL244'),('C1145','Basico','5000.00','2000.00','10','F1145','PL245'),('C1146','Basico','5000.00','2000.00','10','F1146','PL246'),('C1147','Basico','5000.00','2000.00','10','F1147','PL247'),('C1148','Basico','5000.00','2000.00','10','F1148','PL248'),('C1149','Basico','5000.00','2000.00','10','F1149','PL249'),('C1150','B sico','5000.00','2000.00','10','F1150','PL250'),('C1151','B sico','5000.00','2000.00','10','F1151','PL251'),('C1152','B sico','5000.00','2000.00','10','F1152','PL252'),('C1153','B sico','5000.00','2000.00','10','F1153','PL253'),('C1154','B sico','5000.00','2000.00','10','F1154','PL254'),('C1155','B sico','5000.00','2000.00','10','F1155','PL255'),('C1156','B sico','5000.00','2000.00','10','F1156','PL256'),('C1157','B sico','5000.00','2000.00','10','F1157','PL257'),('C1158','B sico','5000.00','2000.00','10','F1158','PL258'),('C1159','B sico','5000.00','2000.00','10','F1159','PL259'),('C1160','Hipotecario','5000.00','2000.00','10','F1160','PL260'),('C1161','Hipotecario','5000.00','2000.00','10','F1161','PL261'),('C1162','Hipotecario','5000.00','2000.00','10','F1162','PL262'),('C1163','Hipotecario','5000.00','2000.00','10','F1163','PL263'),('C1164','Hipotecario','5000.00','2000.00','10','F1164','PL264'),('C1165','Hipotecario','5000.00','2000.00','10','F1165','PL265'),('C1166','Hipotecario','5000.00','2000.00','10','F1166','PL266'),('C1167','Hipotecario','5000.00','2000.00','10','F1167','PL267'),('C1168','Hipotecario','5000.00','2000.00','10','F1168','PL268'),('C1169','Hipotecario','5000.00','2000.00','10','F1169','PL269'),('C1170','Gold','5000.00','2000.00','10','F1170','PL270'),('C1171','Gold','5000.00','2000.00','10','F1171','PL271'),('C1172','Gold','5000.00','2000.00','10','F1172','PL272'),('C1173','Gold','5000.00','2000.00','10','F1173','PL273'),('C1174','Gold','5000.00','2000.00','10','F1174','PL274'),('C1175','Gold','5000.00','2000.00','10','F1175','PL275'),('C1176','Gold','5000.00','2000.00','10','F1176','PL276'),('C1177','Gold','5000.00','2000.00','10','F1177','PL277'),('C1178','Gold','5000.00','2000.00','10','F1178','PL278'),('C1179','Gold','5000.00','2000.00','10','F1179','PL279'),('C1180','B sico','5000.00','2000.00','10','F1180','PL280'),('C1181','B sico','5000.00','2000.00','10','F1181','PL281'),('C1182','B sico','5000.00','2000.00','10','F1182','PL282'),('C1183','B sico','5000.00','2000.00','10','F1183','PL283'),('C1184','B sico','5000.00','2000.00','10','F1184','PL284'),('C1185','B sico','5000.00','2000.00','10','F1185','PL285'),('C1186','B sico','5000.00','2000.00','10','F1186','PL286'),('C1187','B sico','5000.00','2000.00','10','F1187','PL287'),('C1188','B sico','5000.00','2000.00','10','F1188','PL288'),('C1189','B sico','5000.00','2000.00','10','F1189','PL289'),('C1190','B sico','5000.00','2000.00','10','F1190','PL290'),('C1191','B sico','5000.00','2000.00','10','F1191','PL291'),('C1192','B sico','5000.00','2000.00','10','F1192','PL292'),('C1193','B sico','5000.00','2000.00','10','F1193','PL293'),('C1194','B sico','5000.00','2000.00','10','F1194','PL294'),('C1195','B sico','5000.00','2000.00','10','F1195','PL295'),('C1196','B sico','5000.00','2000.00','10','F1196','PL296'),('C1197','B sico','5000.00','2000.00','10','F1197','PL297'),('C1198','B sico','5000.00','2000.00','10','F1198','PL298'),('C1199','B sico','5000.00','2000.00','10','F1199','PL299'),('C1200','Hipotecario','5000.00','2000.00','10','F1200','PL300'),('C1201','Hipotecario','5000.00','2000.00','10','F1201','PL301');
/*!40000 ALTER TABLE `credito` ENABLE KEYS */;
UNLOCK TABLES;

--
-- Table structure for table `cuenta`
--

DROP TABLE IF EXISTS `cuenta`;
/*!40101 SET @saved_cs_client     = @@character_set_client */;
/*!40101 SET character_set_client = utf8 */;
CREATE TABLE `cuenta` (
  `numeroCuenta` varchar(11) NOT NULL,
  `fechaAperturaC` date DEFAULT NULL,
  `saldo` decimal(28,2) DEFAULT NULL,
  PRIMARY KEY (`numeroCuenta`)
) ENGINE=InnoDB DEFAULT CHARSET=latin1;
/*!40101 SET character_set_client = @saved_cs_client */;

--
-- Dumping data for table `cuenta`
--

LOCK TABLES `cuenta` WRITE;
/*!40000 ALTER TABLE `cuenta` DISABLE KEYS */;
INSERT INTO `cuenta` VALUES ('00160752265','2002-12-21','234837.00'),('00335184406','2004-07-18','24801.00'),('00751817876','2001-01-14','234565.00'),('00905584172','2003-06-24','67543.20'),('01639046537','2006-05-09','47038.56'),('01697696491','2010-11-12','598923.00'),('02367231374','2007-02-13','66921.52'),('02772839037','2008-07-15','61416.00'),('04603484857','1997-11-28','1125701.20'),('05181989238','2010-09-09','223763.00'),('05670473272','2001-10-23','2834734.87'),('05983624172','2004-04-03','26989.00'),('06071719086','2002-11-17','87982.00'),('06236711625','1999-09-09','2250000.00'),('06413671523','2002-10-16','45983.00'),('06757439584','2002-06-12','31023.00'),('07103033446','2001-02-16','123736.20'),('07168726706','2009-03-12','625874.00'),('07605433914','2008-08-15','72527.84'),('08169768976','2011-08-29','225845.32'),('08192777585','2003-02-20','87982.00'),('08262514844','2001-07-01','768093.65'),('09150516306','2009-07-23','587287.00'),('10124498062','2006-09-13','51472.31'),('10665753620','2003-08-26','100060.00'),('10699908020','2005-03-26','33699.00'),('11393403852','2012-10-13','763983.00'),('11584784742','2004-01-12','18242.00'),('11765068359','2001-08-02','753888.54'),('13067487191','2005-02-06','44705.05'),('13327197037','2012-06-15','276847.56'),('13755038365','2004-08-07','18543.10'),('13787370476','2008-09-15','234561.20'),('14579631180','2001-09-22','2764874.53'),('15199330828','1999-07-06','1150000.00'),('16020354202','2006-06-10','58148.00'),('16740765213','2005-01-11','598287.00'),('16956126729','2005-04-15','241987.00'),('17009956752','2004-08-19','25912.56'),('17439144495','2003-04-22','30000.00'),('17648590579','2001-02-26','973870.00'),('18055941335','2006-04-08','46927.02'),('18427238266','2009-08-15','84773.60'),('18498554093','2004-02-20','824983.00'),('18804202047','2007-12-15','54707.81'),('19142656381','2002-02-08','30000.00'),('19221012558','2002-07-13','50089.10'),('19458245026','2005-01-24','41477.00'),('19779627230','1991-07-08','300711.00'),('19983113110','2009-06-15','82551.50'),('20117932659','2004-07-06','17456.32'),('20157384343','2007-04-15','68183.00'),('20173396431','1999-02-14','800000.00'),('20525482722','2008-12-15','76963.00'),('21160880003','2004-06-17','23790.00'),('21192847228','2013-01-04','4231653.50'),('21437605216','1992-10-21','456120.40'),('21870260711','2009-05-15','81448.00'),('22108966266','2012-12-18','298648.47'),('22628981652','2004-03-14','16467.00'),('23062418575','2011-06-28','387837.00'),('23513864615','2003-08-13','900000.00'),('23735300421','2006-10-14','52583.00'),('23921750828','2012-04-01','874823.00'),('24158961607','1996-04-15','1876980.70'),('24448395802','2003-05-23','65923.00'),('25318906576','2004-04-15','21578.12'),('25689275148','2013-01-09','487928.34'),('26240555626','2004-12-11','17131.00'),('26749979526','2004-05-04','23432.90'),('26796224947','2009-01-15','99268.00'),('27475822426','2007-03-15','67032.00'),('27490691201','2009-11-15','97046.00'),('28940288988','2011-02-06','4346334.37'),('29082664332','2001-04-17','3876897.90'),('29940368463','2001-05-18','2645823.67'),('30729988246','2001-12-28','2764984.13'),('31003472777','2002-10-04','955983.90'),('31018954054','2009-04-13','80307.00'),('31535356793','2008-02-15','975342.00'),('32667330445','2008-03-19','524856.12'),('32826209982','2011-09-27','402239.00'),('33133034461','2010-10-14','982984.00'),('33627714570','2008-03-15','89296.00'),('34088367659','2003-03-02','14984.00'),('34369298583','2003-01-31','20984.00'),('34785013247','2005-03-07','45816.00'),('35071426528','2005-12-04','42583.00'),('35078428685','2002-12-09','122340.87'),('35450949758','2005-04-27','34701.43'),('36212840960','2008-09-13','73638.00'),('36502361805','2004-11-22','28245.00'),('36546291384','2005-04-12','982983.00'),('36807381363','2005-02-25','32588.00'),('37013379663','2002-12-18','54983.00'),('37653904762','2005-05-17','634984.00'),('37815453058','2009-03-15','91480.80'),('38531892911','2010-07-25','827827.00'),('38789095736','2008-11-11','431845.05'),('39039093778','2005-10-02','40361.93'),('39311123512','2002-04-10','67874.09'),('39607463215','2007-08-13','132000.00'),('39926820826','2006-08-12','50361.43'),('40816836229','2010-09-09','874928.00'),('40898706645','2001-04-28','972873.00'),('42038969542','2003-10-28','34900.20'),('42046061838','2010-10-21','196234.98'),('42330928252','2004-06-05','17853.50'),('42891675224','2003-12-30','30900.00'),('42950133290','2001-01-25','912763.89'),('43499045138','2001-09-03','963831.10'),('43973971945','2002-01-07','20000.00'),('45973008331','2011-02-28','479287.00'),('47068164921','2007-01-15','55819.00'),('48755644899','2001-07-20','1736983.21'),('49190299543','2006-07-11','59259.00'),('49280470465','2005-05-28','35812.00'),('49307397441','2001-01-10','500000.00'),('50426057843','2008-01-15','77074.00'),('50553130307','2000-04-15','100040.10'),('51173879998','2002-08-13','200000.00'),('52527191399','2004-07-27','793928.00'),('53461795097','2008-12-27','286986.54'),('53879861282','2001-08-13','123456.00'),('54585231744','1994-04-15','213074.00'),('54671018281','2005-11-03','41472.00'),('54699347262','2008-04-15','400000.00'),('54799515575','2009-06-24','767928.00'),('55227206311','2012-09-19','376874.65'),('55257436755','2005-07-30','47034.00'),('56397028493','2005-01-05','43694.12'),('57224064686','2002-11-05','774873.01'),('57260333909','2005-06-26','873983.00'),('57375572810','2005-08-01','48145.00'),('57375572813','0000-00-00','49259.87'),('57959740411','2002-08-14','89567.00'),('58188424632','2013-01-06','395847.93'),('58458306744','2010-03-26','213986.45'),('58498636118','2004-05-22','805632.00'),('58809245940','2002-09-15','64983.00'),('59203797382','2002-12-06','873874.90'),('61039868030','2003-07-25','84234.89'),('61149677945','2009-06-16','133399.42'),('61432784480','2007-05-15','69294.87'),('62732999690','2001-05-29','867897.45'),('63693157969','2005-06-29','36923.76'),('63848860078','2001-04-15','248700.90'),('63936802390','2008-11-15','75852.32'),('64969732083','2011-11-25','216957.45'),('65487080230','2003-07-22','298347.00'),('66374028144','2009-12-13','98157.20'),('68721595125','2004-09-20','26023.00'),('70257680569','2001-06-30','876987.65'),('70466454987','2008-02-15','78185.45'),('70659591169','2004-12-23','39366.78'),('71437103965','2003-08-29','122948.00'),('73344750353','1992-02-24','1100000.00'),('73607201389','2008-10-15','74749.00'),('74458803937','2001-02-28','345857.00'),('74743185591','2001-11-24','2763344.90'),('75441899868','1993-09-23','934654.50'),('77012948191','2002-05-11','34233.10'),('78088122380','2004-02-13','19356.00'),('79031530642','1991-01-01','251964.80'),('80187740971','2011-05-17','466666.00'),('80659716127','2011-01-31','429923.00'),('81483388541','2004-05-16','22689.00'),('82265782389','2004-10-09','15919.00'),('83657448581','2003-02-01','15489.20'),('84658385587','2009-10-20','153843.32'),('85253629847','2009-09-15','85804.00'),('85295893120','2001-02-11','264837.00'),('86813905778','2002-08-23','123834.00'),('87090186069','2013-01-05','387568.12'),('87642467903','2003-01-19','78998.00'),('87698380768','2009-07-15','83662.00'),('87848574189','2003-09-27','25010.00'),('88249948443','2012-10-15','658823.00'),('88509546196','2004-09-08','19645.12'),('89060384135','2001-02-15','456678.00'),('89428925253','2009-02-15','90379.00'),('89781690436','2001-08-21','1987345.65'),('90154551152','2011-07-22','287974.56'),('91896634859','2004-10-21','27134.00'),('92033407733','2011-11-11','372838.00'),('93737655012','2002-03-09','30070.00'),('93872951208','2001-03-27','237837.00'),('94279311456','2009-10-15','96935.40'),('94856883905','2003-11-29','30654.89'),('95275657974','2008-04-15','100000.00'),('95422992786','2001-06-19','1465870.53'),('95483277625','1995-02-12','300500.00'),('95885612956','2010-07-07','873928.00'),('96170866699','2004-11-10','16028.35'),('97730698981','2012-04-15','287542.03'),('98487768656','2007-06-15','60305.00'),('98518986421','2003-04-30','382938.00'),('98919735855','2007-11-15','53697.76'),('99163276684','2012-12-12','582874.00'),('99926462287','2003-03-21','84983.00');
/*!40000 ALTER TABLE `cuenta` ENABLE KEYS */;
UNLOCK TABLES;

--
-- Table structure for table `documento`
--

DROP TABLE IF EXISTS `documento`;
/*!40101 SET @saved_cs_client     = @@character_set_client */;
/*!40101 SET character_set_client = utf8 */;
CREATE TABLE `documento` (
  `claveDocumento` varchar(6) NOT NULL,
  `solicitudCredito` varchar(4) DEFAULT NULL,
  `ine` varchar(4) DEFAULT NULL,
  `reciboNomina` varchar(4) DEFAULT NULL,
  `predial` varchar(4) DEFAULT NULL,
  `escrituras` varchar(4) DEFAULT NULL,
  `estadoCuenta` varchar(4) DEFAULT NULL,
  `comprobanteRFC` varchar(4) DEFAULT NULL,
  `comprobanteDomicilio` varchar(4) DEFAULT NULL,
  `escrituraConstitutiva` varchar(4) DEFAULT NULL,
  `declaracionAnual` varchar(4) DEFAULT NULL,
  PRIMARY KEY (`claveDocumento`)
) ENGINE=InnoDB DEFAULT CHARSET=latin1;
/*!40101 SET character_set_client = @saved_cs_client */;

--
-- Dumping data for table `documento`
--

LOCK TABLES `documento` WRITE;
/*!40000 ALTER TABLE `documento` DISABLE KEYS */;
INSERT INTO `documento` VALUES ('D1001','Si','Si','Si','Si','No','Si','No','Si','No','No'),('D1002','Si','Si','Si','Si','No','No','No','Si','No','No'),('D1003','Si','Si','Si','Si','No','No','No','Si','No','No'),('D1004','Si','Si','Si','Si','No','No','Si','Si','No','Si'),('D1005','Si','Si','Si','Si','No','No','No','Si','No','No'),('D1006','Si','Si','Si','Si','No','No','No','Si','No','No'),('D1007','Si','Si','Si','Si','No','No','No','Si','No','Si'),('D1008','Si','Si','Si','Si','No','No','No','Si','No','No'),('D1009','Si','Si','Si','Si','No','No','No','Si','No','No'),('D1010','Si','Si','Si','No','Si','No','No','Si','Si','No'),('D1011','Si','Si','Si','No','Si','Si','No','Si','Si','No'),('D1012','Si','Si','Si','No','Si','No','No','Si','Si','No'),('D1013','Si','Si','Si','No','Si','No','No','Si','Si','No'),('D1014','Si','Si','Si','No','Si','No','Si','Si','Si','Si'),('D1015','Si','Si','Si','No','Si','No','No','Si','Si','No'),('D1016','Si','Si','Si','No','Si','No','No','Si','Si','No'),('D1017','Si','Si','Si','No','Si','No','No','Si','Si','Si'),('D1018','Si','Si','Si','No','Si','No','No','Si','Si','No'),('D1019','Si','Si','Si','No','Si','No','No','Si','Si','No'),('D1020','Si','Si','Si','No','Si','No','No','Si','No','No'),('D1021','Si','Si','Si','No','Si','Si','No','Si','No','No'),('D1022','Si','Si','Si','No','Si','No','No','Si','No','No'),('D1023','Si','Si','Si','No','Si','No','No','Si','No','No'),('D1024','Si','Si','Si','No','Si','No','Si','Si','No','Si'),('D1025','Si','Si','Si','No','Si','No','No','Si','No','No'),('D1026','Si','Si','Si','No','Si','No','No','Si','No','No'),('D1027','Si','Si','Si','No','Si','No','No','Si','No','Si'),('D1028','Si','Si','Si','No','Si','No','No','Si','No','No'),('D1029','Si','Si','Si','No','Si','No','No','Si','No','No'),('D1030','Si','Si','Si','No','No','No','No','Si','No','No'),('D1031','Si','Si','Si','No','No','Si','No','Si','No','No'),('D1032','Si','Si','Si','No','No','No','No','Si','No','No'),('D1033','Si','Si','Si','No','No','No','No','Si','No','No'),('D1034','Si','Si','Si','No','No','No','Si','Si','No','Si'),('D1035','Si','Si','Si','No','No','No','No','Si','No','No'),('D1036','Si','Si','Si','No','No','No','No','Si','No','No'),('D1037','Si','Si','Si','No','No','No','No','Si','No','Si'),('D1038','Si','Si','Si','No','No','No','No','Si','No','No'),('D1039','Si','Si','Si','No','No','No','No','Si','No','No'),('D1040','Si','Si','Si','No','Si','No','No','Si','Si','No'),('D1041','Si','Si','Si','No','Si','Si','No','Si','Si','No'),('D1042','Si','Si','Si','No','Si','No','No','Si','Si','No'),('D1043','Si','Si','Si','No','Si','No','No','Si','Si','No'),('D1044','Si','Si','Si','No','Si','No','Si','Si','Si','Si'),('D1045','Si','Si','Si','No','Si','No','No','Si','Si','No'),('D1046','Si','Si','Si','No','Si','No','No','Si','Si','No'),('D1047','Si','Si','Si','No','Si','No','No','Si','Si','Si'),('D1048','Si','Si','Si','No','Si','No','No','Si','Si','No'),('D1049','Si','Si','Si','No','Si','No','No','Si','Si','No'),('D1050','Si','Si','Si','Si','No','No','No','Si','No','No'),('D1051','Si','Si','Si','Si','No','Si','No','Si','No','No'),('D1052','Si','Si','Si','Si','No','No','No','Si','No','No'),('D1053','Si','Si','Si','Si','No','No','No','Si','No','No'),('D1054','Si','Si','Si','Si','No','No','Si','Si','No','Si'),('D1055','Si','Si','Si','Si','No','No','No','Si','No','No'),('D1056','Si','Si','Si','Si','No','No','No','Si','No','No'),('D1057','Si','Si','Si','Si','No','No','No','Si','No','Si'),('D1058','Si','Si','Si','Si','No','No','No','Si','No','No'),('D1059','Si','Si','Si','Si','No','No','No','Si','No','No'),('D1060','Si','Si','Si','No','Si','No','No','Si','No','No'),('D1061','Si','Si','Si','No','Si','Si','No','Si','No','No'),('D1062','Si','Si','Si','No','Si','No','No','Si','No','No'),('D1063','Si','Si','Si','No','Si','No','No','Si','No','No'),('D1064','Si','Si','Si','No','Si','No','Si','Si','No','Si'),('D1065','Si','Si','Si','No','Si','No','No','Si','No','No'),('D1066','Si','Si','Si','No','Si','No','No','Si','No','No'),('D1067','Si','Si','Si','No','Si','No','No','Si','No','Si'),('D1068','Si','Si','Si','No','Si','No','No','Si','No','No'),('D1069','Si','Si','Si','No','Si','No','No','Si','No','No'),('D1070','Si','Si','Si','No','Si','No','No','Si','No','No'),('D1071','Si','Si','Si','No','Si','Si','No','Si','No','No'),('D1072','Si','Si','Si','No','Si','No','No','Si','No','No'),('D1073','Si','Si','Si','No','Si','No','No','Si','No','No'),('D1074','Si','Si','Si','No','Si','No','Si','Si','No','Si'),('D1075','Si','Si','Si','No','Si','No','No','Si','No','No'),('D1076','Si','Si','Si','No','Si','No','No','Si','No','No'),('D1077','Si','Si','Si','No','Si','No','No','Si','No','Si'),('D1078','Si','Si','Si','No','Si','No','No','Si','No','No'),('D1079','Si','Si','Si','No','Si','No','No','Si','No','No'),('D1080','Si','Si','Si','No','No','No','No','Si','Si','No'),('D1081','Si','Si','Si','No','No','Si','No','Si','Si','No'),('D1082','Si','Si','Si','No','No','No','No','Si','Si','No'),('D1083','Si','Si','Si','No','No','No','No','Si','Si','No'),('D1084','Si','Si','Si','No','No','No','Si','Si','Si','Si'),('D1085','Si','Si','Si','No','No','No','No','Si','Si','No'),('D1086','Si','Si','Si','No','No','No','No','Si','Si','No'),('D1087','Si','Si','Si','No','No','No','No','Si','Si','Si'),('D1088','Si','Si','Si','No','No','No','No','Si','Si','No'),('D1089','Si','Si','Si','No','No','No','No','Si','Si','No'),('D1090','Si','Si','Si','No','Si','No','No','Si','No','No'),('D1091','Si','Si','Si','No','Si','Si','No','Si','No','No'),('D1092','Si','Si','Si','No','Si','No','No','Si','No','No'),('D1093','Si','Si','Si','No','Si','No','No','Si','No','No'),('D1094','Si','Si','Si','No','Si','No','Si','Si','No','Si'),('D1095','Si','Si','Si','No','Si','No','No','Si','No','No'),('D1096','Si','Si','Si','No','Si','No','No','Si','No','No'),('D1097','Si','Si','Si','No','Si','No','No','Si','No','Si'),('D1098','Si','Si','Si','No','Si','No','No','Si','No','No'),('D1099','Si','Si','Si','No','Si','No','No','Si','No','No'),('D1100','Si','Si','Si','Si','No','No','No','Si','No','No'),('D1101','Si','Si','Si','Si','No','Si','No','Si','No','No'),('D1102','Si','Si','Si','Si','No','No','No','Si','No','No'),('D1103','Si','Si','Si','Si','No','No','No','Si','No','No'),('D1104','Si','Si','Si','Si','No','No','Si','Si','No','Si'),('D1105','Si','Si','Si','Si','No','No','No','Si','No','No'),('D1106','Si','Si','Si','Si','No','No','No','Si','No','No'),('D1107','Si','Si','Si','Si','No','No','No','Si','No','No'),('D1108','Si','Si','Si','Si','No','No','No','Si','No','Si'),('D1109','Si','Si','Si','Si','No','No','No','Si','No','No'),('D1110','Si','Si','Si','No','No','No','No','Si','No','No'),('D1111','Si','Si','Si','No','No','Si','No','Si','No','No'),('D1112','Si','Si','Si','No','No','No','No','Si','No','No'),('D1113','Si','Si','Si','No','No','No','No','Si','No','No'),('D1114','Si','Si','Si','No','No','No','Si','Si','No','Si'),('D1115','Si','Si','Si','No','No','No','No','Si','No','No'),('D1116','Si','Si','Si','No','No','No','No','Si','No','No'),('D1117','Si','Si','Si','No','No','No','No','Si','No','No'),('D1118','Si','Si','Si','No','No','No','No','Si','No','Si'),('D1119','Si','Si','Si','No','No','No','No','Si','No','No'),('D1120','Si','Si','Si','No','No','No','No','Si','No','No'),('D1121','Si','Si','Si','No','No','Si','No','Si','No','No'),('D1122','Si','Si','Si','No','No','No','No','Si','No','No'),('D1123','Si','Si','Si','No','No','No','No','Si','No','No'),('D1124','Si','Si','Si','No','No','No','Si','Si','No','Si'),('D1125','Si','Si','Si','No','No','No','No','Si','No','No'),('D1126','Si','Si','Si','No','No','No','No','Si','No','No'),('D1127','Si','Si','Si','No','No','No','No','Si','No','No'),('D1128','Si','Si','Si','No','No','No','No','Si','No','Si'),('D1129','Si','Si','Si','No','No','No','No','Si','No','No'),('D1130','Si','Si','Si','No','No','No','No','Si','No','No'),('D1131','Si','Si','Si','No','No','Si','No','Si','No','No'),('D1132','Si','Si','Si','No','No','No','No','Si','No','No'),('D1133','Si','Si','Si','No','No','No','No','Si','No','No'),('D1134','Si','Si','Si','No','No','No','Si','Si','No','Si'),('D1135','Si','Si','Si','No','No','No','No','Si','No','No'),('D1136','Si','Si','Si','No','No','No','No','Si','No','No'),('D1137','Si','Si','Si','No','No','No','No','Si','No','No'),('D1138','Si','Si','Si','No','No','No','No','Si','No','Si'),('D1139','Si','Si','Si','No','No','No','No','Si','No','No'),('D1140','Si','Si','Si','No','Si','No','No','Si','No','No'),('D1141','Si','Si','Si','No','Si','Si','No','Si','No','No'),('D1142','Si','Si','Si','No','Si','No','No','Si','No','No'),('D1143','Si','Si','Si','No','Si','No','No','Si','No','No'),('D1144','Si','Si','Si','No','Si','No','Si','Si','No','Si'),('D1145','Si','Si','Si','No','Si','No','No','Si','No','No'),('D1146','Si','Si','Si','No','Si','No','No','Si','No','No'),('D1147','Si','Si','Si','No','Si','No','No','Si','No','No'),('D1148','Si','Si','Si','No','Si','No','No','Si','No','Si'),('D1149','Si','Si','Si','No','Si','No','No','Si','No','No'),('D1150','Si','Si','Si','No','Si','No','No','Si','No','No'),('D1151','Si','Si','Si','No','Si','Si','No','Si','No','No'),('D1152','Si','Si','Si','No','Si','No','No','Si','No','No'),('D1153','Si','Si','Si','No','Si','No','No','Si','No','No'),('D1154','Si','Si','Si','No','Si','No','Si','Si','No','Si'),('D1155','Si','Si','Si','No','Si','No','No','Si','No','No'),('D1156','Si','Si','Si','No','Si','No','No','Si','No','No'),('D1157','Si','Si','Si','No','Si','No','No','Si','No','No'),('D1158','Si','Si','Si','No','Si','No','No','Si','No','Si'),('D1159','Si','Si','Si','No','Si','No','No','Si','No','No'),('D1160','Si','Si','Si','No','Si','No','No','Si','No','No'),('D1161','Si','Si','Si','No','Si','Si','No','Si','No','No'),('D1162','Si','Si','Si','No','Si','No','No','Si','No','No'),('D1163','Si','Si','Si','No','Si','No','No','Si','No','No'),('D1164','Si','Si','Si','No','Si','No','Si','Si','No','Si'),('D1165','Si','Si','Si','No','Si','No','No','Si','No','No'),('D1166','Si','Si','Si','No','Si','No','No','Si','No','No'),('D1167','Si','Si','Si','No','Si','No','No','Si','No','No'),('D1168','Si','Si','Si','No','Si','No','No','Si','No','Si'),('D1169','Si','Si','Si','No','Si','No','No','Si','No','No'),('D1170','Si','Si','Si','Si','No','No','No','Si','No','No'),('D1171','Si','Si','Si','Si','No','Si','No','Si','No','No'),('D1172','Si','Si','Si','Si','No','No','No','Si','No','No'),('D1173','Si','Si','Si','Si','No','No','No','Si','No','No'),('D1174','Si','Si','Si','Si','No','No','Si','Si','No','Si'),('D1175','Si','Si','Si','Si','No','No','No','Si','No','No'),('D1176','Si','Si','Si','Si','No','No','No','Si','No','No'),('D1177','Si','Si','Si','Si','No','No','No','Si','No','No'),('D1178','Si','Si','Si','Si','No','No','No','Si','No','Si'),('D1179','Si','Si','Si','Si','No','No','No','Si','No','No'),('D1180','Si','Si','Si','No','Si','No','No','Si','Si','No'),('D1181','Si','Si','Si','No','Si','Si','No','Si','Si','No'),('D1182','Si','Si','Si','No','Si','No','No','Si','Si','No'),('D1183','Si','Si','Si','No','Si','No','No','Si','Si','No'),('D1184','Si','Si','Si','No','Si','No','Si','Si','Si','Si'),('D1185','Si','Si','Si','No','Si','No','No','Si','Si','No'),('D1186','Si','Si','Si','No','Si','No','No','Si','Si','No'),('D1187','Si','Si','Si','No','Si','No','No','Si','Si','No'),('D1188','Si','Si','Si','No','Si','No','No','Si','Si','Si'),('D1189','Si','Si','Si','No','Si','No','No','Si','Si','No'),('D1190','Si','Si','Si','No','No','No','No','Si','Si','Si'),('D1191','Si','Si','Si','No','No','Si','No','Si','Si','Si'),('D1192','Si','Si','Si','No','No','No','No','Si','Si','Si'),('D1193','Si','Si','Si','No','No','No','No','Si','Si','Si'),('D1194','Si','Si','Si','No','No','No','Si','Si','Si','Si'),('D1195','Si','Si','Si','No','No','No','No','Si','Si','Si'),('D1196','Si','Si','Si','No','No','No','No','Si','Si','Si'),('D1197','Si','Si','Si','No','No','No','No','Si','Si','Si'),('D1198','Si','Si','Si','No','No','No','No','Si','Si','Si'),('D1199','Si','Si','Si','No','No','No','No','Si','Si','Si'),('D1200','Si','Si','Si','Si','No','No','No','Si','No','Si'),('D1201','Si','Si','Si','Si','No','Si','No','Si','No','Si');
/*!40000 ALTER TABLE `documento` ENABLE KEYS */;
UNLOCK TABLES;

--
-- Table structure for table `fechascredito`
--

DROP TABLE IF EXISTS `fechascredito`;
/*!40101 SET @saved_cs_client     = @@character_set_client */;
/*!40101 SET character_set_client = utf8 */;
CREATE TABLE `fechascredito` (
  `claveFecha` varchar(6) NOT NULL,
  `fechaApertura` date DEFAULT NULL,
  `fechaCorte` date DEFAULT NULL,
  `fechaPago` date DEFAULT NULL,
  `cFechaVencimiento` varchar(6) NOT NULL,
  PRIMARY KEY (`claveFecha`),
  KEY `cFechaVencimiento` (`cFechaVencimiento`),
  CONSTRAINT `fechascredito_ibfk_1` FOREIGN KEY (`cFechaVencimiento`) REFERENCES `vencimiento` (`cFechaVencimiento`)
) ENGINE=InnoDB DEFAULT CHARSET=latin1;
/*!40101 SET character_set_client = @saved_cs_client */;

--
-- Dumping data for table `fechascredito`
--

LOCK TABLES `fechascredito` WRITE;
/*!40000 ALTER TABLE `fechascredito` DISABLE KEYS */;
INSERT INTO `fechascredito` VALUES ('F1001','0000-00-00','2013-03-01','2013-03-29','V1001'),('F1002','0000-00-00','2013-03-04','2013-04-02','V1002'),('F1003','0000-00-00','2013-03-05','2013-04-03','V1003'),('F1004','0000-00-00','2013-03-06','2013-04-04','V1004'),('F1005','0000-00-00','2013-03-07','2013-04-05','V1005'),('F1006','0000-00-00','2013-03-08','2013-04-08','V1006'),('F1007','0000-00-00','2013-03-11','2013-04-09','V1007'),('F1008','0000-00-00','2013-03-12','2013-04-10','V1008'),('F1009','0000-00-00','2013-03-13','2013-04-11','V1009'),('F1010','0000-00-00','2013-03-14','2013-04-12','V1010'),('F1011','0000-00-00','2013-03-15','2013-04-15','V1011'),('F1012','0000-00-00','2013-03-18','2013-04-16','V1012'),('F1013','0000-00-00','2013-03-19','2013-04-17','V1013'),('F1014','0000-00-00','2013-03-20','2013-04-18','V1014'),('F1015','0000-00-00','2013-03-21','2013-04-19','V1015'),('F1016','0000-00-00','2013-03-22','2013-04-22','V1016'),('F1017','0000-00-00','2013-03-25','2013-04-23','V1017'),('F1018','0000-00-00','2013-03-26','2013-04-24','V1018'),('F1019','0000-00-00','2013-03-27','2013-04-25','V1019'),('F1020','0000-00-00','2013-03-28','2013-04-26','V1020'),('F1021','0000-00-00','2013-03-29','2013-04-28','V1021'),('F1022','0000-00-00','2013-04-01','2013-04-29','V1022'),('F1023','0000-00-00','2013-04-02','2013-04-30','V1023'),('F1024','0000-00-00','2013-04-03','2013-05-02','V1024'),('F1025','0000-00-00','2013-04-04','2013-05-03','V1025'),('F1026','0000-00-00','2013-04-05','2013-05-06','V1026'),('F1027','0000-00-00','2013-04-08','2013-05-07','V1027'),('F1028','0000-00-00','2013-04-09','2013-05-08','V1028'),('F1029','0000-00-00','2013-04-10','2013-05-09','V1029'),('F1030','0000-00-00','2013-04-11','2013-05-10','V1030'),('F1031','0000-00-00','2013-04-12','2013-05-13','V1031'),('F1032','0000-00-00','2013-04-15','2013-05-14','V1032'),('F1033','0000-00-00','2013-04-16','2013-05-15','V1033'),('F1034','0000-00-00','2013-04-17','2013-05-16','V1034'),('F1035','0000-00-00','2013-04-18','2013-05-17','V1035'),('F1036','0000-00-00','2013-04-19','2013-05-20','V1036'),('F1037','0000-00-00','2013-04-22','2013-05-21','V1037'),('F1038','0000-00-00','2013-04-23','2013-05-22','V1038'),('F1039','0000-00-00','2013-04-24','2013-05-23','V1039'),('F1040','0000-00-00','2013-04-25','2013-05-24','V1040'),('F1041','0000-00-00','2013-04-26','2013-05-27','V1041'),('F1042','0000-00-00','2013-04-29','2013-05-28','V1042'),('F1043','0000-00-00','2013-04-30','2013-05-29','V1043'),('F1044','0000-00-00','2013-04-01','2013-04-29','V1044'),('F1045','0000-00-00','2013-04-02','2013-04-30','V1045'),('F1046','0000-00-00','2013-04-03','2013-05-02','V1046'),('F1047','0000-00-00','2013-04-04','2013-05-03','V1047'),('F1048','0000-00-00','2013-04-05','2013-05-06','V1048'),('F1049','0000-00-00','2013-03-01','2013-03-29','V1049'),('F1050','0000-00-00','2013-03-04','2013-04-02','V1050'),('F1051','0000-00-00','2013-03-05','2013-04-03','V1051'),('F1052','0000-00-00','2013-03-06','2013-04-04','V1052'),('F1053','0000-00-00','2013-03-07','2013-04-05','V1053'),('F1054','0000-00-00','2013-03-08','2013-04-08','V1054'),('F1055','0000-00-00','2013-03-11','2013-04-09','V1055'),('F1056','0000-00-00','2013-03-12','2013-04-10','V1056'),('F1057','0000-00-00','2013-03-13','2013-04-11','V1057'),('F1058','0000-00-00','2013-03-14','2013-04-12','V1058'),('F1059','0000-00-00','2013-03-15','2013-04-15','V1059'),('F1060','0000-00-00','2013-03-18','2013-04-16','V1060'),('F1061','0000-00-00','2013-03-19','2013-04-17','V1061'),('F1062','0000-00-00','2013-03-20','2013-04-18','V1062'),('F1063','0000-00-00','2013-03-21','2013-04-19','V1063'),('F1064','0000-00-00','2013-03-22','2013-04-22','V1064'),('F1065','0000-00-00','2013-03-25','2013-04-23','V1065'),('F1066','0000-00-00','2013-03-26','2013-04-24','V1066'),('F1067','0000-00-00','2013-03-27','2013-04-25','V1067'),('F1068','0000-00-00','2013-03-28','2013-04-26','V1068'),('F1069','0000-00-00','2013-03-29','2013-04-29','V1069'),('F1070','0000-00-00','2013-04-01','2013-04-30','V1070'),('F1071','0000-00-00','2013-04-02','2013-05-01','V1071'),('F1072','0000-00-00','2013-04-03','2013-05-02','V1072'),('F1073','0000-00-00','2013-04-04','2013-05-03','V1073'),('F1074','0000-00-00','2013-04-05','2013-05-06','V1074'),('F1075','0000-00-00','2013-04-08','2013-05-07','V1075'),('F1076','0000-00-00','2013-04-09','2013-05-08','V1076'),('F1077','0000-00-00','2013-04-10','2013-05-09','V1077'),('F1078','0000-00-00','2013-04-11','2013-05-10','V1078'),('F1079','0000-00-00','2013-04-12','2013-05-13','V1079'),('F1080','0000-00-00','2013-04-15','2013-05-14','V1080'),('F1081','0000-00-00','2013-04-16','2013-05-15','V1081'),('F1082','0000-00-00','2013-04-17','2013-05-16','V1082'),('F1083','0000-00-00','2013-04-18','2013-05-17','V1083'),('F1084','0000-00-00','2013-04-19','2013-05-20','V1084'),('F1085','0000-00-00','2013-04-22','2013-05-21','V1085'),('F1086','0000-00-00','2013-04-23','2013-05-22','V1086'),('F1087','0000-00-00','2013-04-24','2013-05-23','V1087'),('F1088','0000-00-00','2013-04-25','2013-05-24','V1088'),('F1089','0000-00-00','2013-04-26','2013-05-27','V1089'),('F1090','0000-00-00','2013-04-29','2013-05-28','V1090'),('F1091','0000-00-00','2013-04-30','2013-05-29','V1091'),('F1092','0000-00-00','2013-05-01','2013-05-30','V1092'),('F1093','0000-00-00','2013-05-03','2013-05-31','V1093'),('F1094','0000-00-00','2013-05-02','2013-05-30','V1094'),('F1095','0000-00-00','2013-05-06','2013-06-03','V1095'),('F1096','0000-00-00','2013-05-07','2013-06-04','V1096'),('F1097','0000-00-00','2013-05-08','2013-06-05','V1097'),('F1098','0000-00-00','2013-05-09','2013-06-06','V1098'),('F1099','0000-00-00','2013-05-10','2013-06-07','V1099'),('F1100','0000-00-00','2013-03-01','2013-03-29','V1100'),('F1101','0000-00-00','2013-03-04','2013-04-02','V1101'),('F1102','0000-00-00','2013-03-05','2013-04-03','V1102'),('F1103','0000-00-00','2013-03-06','2013-04-04','V1103'),('F1104','0000-00-00','2013-03-07','2013-04-05','V1104'),('F1105','0000-00-00','2013-03-08','2013-04-08','V1105'),('F1106','0000-00-00','2013-03-11','2013-04-09','V1106'),('F1107','0000-00-00','2013-03-12','2013-04-10','V1107'),('F1108','0000-00-00','2013-03-13','2013-04-11','V1108'),('F1109','0000-00-00','2013-03-14','2013-04-12','V1109'),('F1110','0000-00-00','2013-03-15','2013-04-15','V1110'),('F1111','0000-00-00','2013-03-18','2013-04-16','V1111'),('F1112','0000-00-00','2013-03-19','2013-04-17','V1112'),('F1113','0000-00-00','2013-03-20','2013-04-18','V1113'),('F1114','0000-00-00','2013-03-21','2013-04-19','V1114'),('F1115','0000-00-00','2013-03-22','2013-04-22','V1115'),('F1116','0000-00-00','2013-03-25','2013-04-23','V1116'),('F1117','0000-00-00','2013-03-26','2013-04-24','V1117'),('F1118','0000-00-00','2013-03-27','2013-04-25','V1118'),('F1119','0000-00-00','2013-03-28','2013-04-26','V1119'),('F1120','0000-00-00','2013-03-29','2013-04-29','V1120'),('F1121','0000-00-00','2013-04-01','2013-04-30','V1121'),('F1122','0000-00-00','2013-04-02','2013-05-01','V1122'),('F1123','0000-00-00','2013-04-03','2013-05-02','V1123'),('F1124','0000-00-00','2013-04-04','2013-05-03','V1124'),('F1125','0000-00-00','2013-04-05','2013-05-06','V1125'),('F1126','0000-00-00','2013-04-08','2013-05-07','V1126'),('F1127','0000-00-00','2013-04-09','2013-05-08','V1127'),('F1128','0000-00-00','2013-04-10','2013-05-09','V1128'),('F1129','0000-00-00','2013-04-11','2013-05-10','V1129'),('F1130','0000-00-00','2013-04-12','2013-05-13','V1130'),('F1131','0000-00-00','2013-04-15','2013-05-15','V1131'),('F1132','0000-00-00','2013-04-16','2013-05-16','V1132'),('F1133','0000-00-00','2013-04-17','2013-05-17','V1133'),('F1134','0000-00-00','2013-04-18','2013-05-20','V1134'),('F1135','0000-00-00','2013-04-19','2013-05-21','V1135'),('F1136','0000-00-00','2013-04-22','2013-05-22','V1136'),('F1137','0000-00-00','2013-04-23','2013-05-23','V1137'),('F1138','0000-00-00','2013-04-24','2013-05-24','V1138'),('F1139','0000-00-00','2013-04-25','2013-05-27','V1139'),('F1140','0000-00-00','2013-04-26','2013-05-28','V1140'),('F1141','0000-00-00','2013-04-29','2013-05-29','V1141'),('F1142','0000-00-00','2013-04-30','2013-05-30','V1142'),('F1143','0000-00-00','2013-05-01','2013-05-31','V1143'),('F1144','0000-00-00','2013-05-02','2013-06-03','V1144'),('F1145','0000-00-00','2013-05-03','2013-06-04','V1145'),('F1146','0000-00-00','2013-05-06','2013-06-05','V1146'),('F1147','0000-00-00','2013-05-07','2013-06-06','V1147'),('F1148','0000-00-00','2013-05-08','2013-06-07','V1148'),('F1149','0000-00-00','2013-05-09','2013-06-10','V1149'),('F1150','0000-00-00','2013-05-10','2013-06-11','V1150'),('F1151','0000-00-00','2013-05-01','2013-05-31','V1151'),('F1152','0000-00-00','2013-03-01','2013-03-29','V1152'),('F1153','0000-00-00','2013-03-04','2013-04-02','V1153'),('F1154','0000-00-00','2013-03-05','2013-04-03','V1154'),('F1155','0000-00-00','2013-03-06','2013-04-04','V1155'),('F1156','0000-00-00','2013-03-07','2013-04-05','V1156'),('F1157','0000-00-00','2013-03-08','2013-04-08','V1157'),('F1158','0000-00-00','2013-03-11','2013-04-09','V1158'),('F1159','0000-00-00','2013-03-12','2013-04-10','V1159'),('F1160','0000-00-00','2013-03-13','2013-04-11','V1160'),('F1161','0000-00-00','2013-03-14','2013-04-12','V1161'),('F1162','0000-00-00','2013-03-15','2013-04-15','V1162'),('F1163','0000-00-00','2013-03-18','2013-04-16','V1163'),('F1164','0000-00-00','2013-03-19','2013-04-17','V1164'),('F1165','0000-00-00','2013-03-20','2013-04-18','V1165'),('F1166','0000-00-00','2013-03-21','2013-04-19','V1166'),('F1167','0000-00-00','2013-03-22','2013-04-22','V1167'),('F1168','0000-00-00','2013-03-25','2013-04-23','V1168'),('F1169','0000-00-00','2013-03-26','2013-04-24','V1169'),('F1170','0000-00-00','2013-03-27','2013-04-25','V1170'),('F1171','0000-00-00','2013-03-28','2013-04-26','V1171'),('F1172','0000-00-00','2013-03-29','2013-04-29','V1172'),('F1173','0000-00-00','2013-04-01','2013-04-30','V1173'),('F1174','0000-00-00','2013-04-02','2013-05-01','V1174'),('F1175','0000-00-00','2013-04-03','2013-05-02','V1175'),('F1176','0000-00-00','2013-04-04','2013-05-03','V1176'),('F1177','0000-00-00','2013-04-05','2013-05-06','V1177'),('F1178','0000-00-00','2013-04-08','2013-05-07','V1178'),('F1179','0000-00-00','2013-04-09','2013-05-08','V1179'),('F1180','0000-00-00','2013-04-10','2013-05-09','V1180'),('F1181','0000-00-00','2013-04-11','2013-05-10','V1181'),('F1182','0000-00-00','2013-04-12','2013-05-13','V1182'),('F1183','0000-00-00','2013-04-15','2013-05-14','V1183'),('F1184','0000-00-00','2013-04-16','2013-05-15','V1184'),('F1185','0000-00-00','2013-04-17','2013-05-16','V1185'),('F1186','0000-00-00','2013-04-18','2013-05-17','V1186'),('F1187','0000-00-00','2013-04-19','2013-05-20','V1187'),('F1188','0000-00-00','2013-04-22','2013-05-21','V1188'),('F1189','0000-00-00','2013-04-23','2013-05-22','V1189'),('F1190','0000-00-00','2013-04-24','2013-05-23','V1190'),('F1191','0000-00-00','2013-04-25','2013-05-24','V1191'),('F1192','0000-00-00','2013-04-26','2013-05-27','V1192'),('F1193','0000-00-00','2013-04-29','2013-05-28','V1193'),('F1194','0000-00-00','2013-04-30','2013-05-29','V1194'),('F1195','0000-00-00','2013-05-01','2013-05-30','V1195'),('F1196','0000-00-00','2013-05-02','2013-05-31','V1196'),('F1197','0000-00-00','2013-05-03','2013-06-03','V1197'),('F1198','0000-00-00','2013-05-06','2013-06-04','V1198'),('F1199','0000-00-00','2013-05-07','2013-06-05','V1199'),('F1200','0000-00-00','2013-05-08','2013-06-06','V1200'),('F1201','0000-00-00','2013-05-09','2013-06-07','V1201');
/*!40000 ALTER TABLE `fechascredito` ENABLE KEYS */;
UNLOCK TABLES;

--
-- Table structure for table `historial`
--

DROP TABLE IF EXISTS `historial`;
/*!40101 SET @saved_cs_client     = @@character_set_client */;
/*!40101 SET character_set_client = utf8 */;
CREATE TABLE `historial` (
  `claveHistorial` varchar(6) NOT NULL,
  `IDCliente` varchar(6) NOT NULL,
  `IDProducto` varchar(6) NOT NULL,
  PRIMARY KEY (`claveHistorial`),
  KEY `IDCliente` (`IDCliente`),
  KEY `IDProducto` (`IDProducto`),
  CONSTRAINT `historial_ibfk_1` FOREIGN KEY (`IDCliente`) REFERENCES `cliente` (`IDCliente`),
  CONSTRAINT `historial_ibfk_2` FOREIGN KEY (`IDProducto`) REFERENCES `producto` (`IDProducto`)
) ENGINE=InnoDB DEFAULT CHARSET=latin1;
/*!40101 SET character_set_client = @saved_cs_client */;

--
-- Dumping data for table `historial`
--

LOCK TABLES `historial` WRITE;
/*!40000 ALTER TABLE `historial` DISABLE KEYS */;
INSERT INTO `historial` VALUES ('H1001','CL1000','PB1001'),('H1002','CL1001','PP1010'),('H1003','CL1002','PP1020'),('H1004','CL1003','PC1045'),('H1005','CL1004','PB1039'),('H1006','CL1005','PL1064'),('H1007','CL1006','PB1039'),('H1008','CL1007','PB1001'),('H1009','CL1008','PP1010'),('H1010','CL1009','PP1020'),('H1011','CL1010','PC1045'),('H1012','CL1011','PL1064'),('H1013','CL1012','PB1039'),('H1014','CL1013','PB1039'),('H1015','CL1014','PL1064'),('H1016','CL1015','PE1087'),('H1017','CL1016','PC1045'),('H1018','CL1017','PP1020'),('H1019','CL1018','PB1001'),('H1020','CL1019','PP1010'),('H1021','CL1020','PP1020'),('H1022','CL1021','PC1045'),('H1023','CL1022','PB1039'),('H1024','CL1023','PL1064'),('H1025','CL1024','PE1087'),('H1026','CL1025','PB1039'),('H1027','CL1026','PB1039'),('H1028','CL1027','PL1064'),('H1029','CL1028','PE1087'),('H1030','CL1029','PC1045'),('H1031','CL1030','PB1001'),('H1032','CL1031','PP1010'),('H1033','CL1032','PP1020'),('H1034','CL1033','PB1039'),('H1035','CL1034','PL1064'),('H1036','CL1035','PC1045'),('H1037','CL1036','PB1039'),('H1038','CL1037','PC1045'),('H1039','CL1038','PB1001'),('H1040','CL1039','PB1001'),('H1041','CL1040','PP1010'),('H1042','CL1041','PP1020'),('H1043','CL1042','PP1020'),('H1044','CL1043','PB1001'),('H1045','CL1044','PP1010'),('H1046','CL1045','PC1045'),('H1047','CL1046','PB1039'),('H1048','CL1047','PL1064'),('H1049','CL1048','PE1087'),('H1050','CL1049','PS1091'),('H1051','CL1050','PP1020'),('H1052','CL1051','PB1001'),('H1053','CL1052','PP1010'),('H1054','CL1053','PC1045'),('H1055','CL1054','PB1039'),('H1056','CL1055','PL1064'),('H1057','CL1056','PE1087'),('H1058','CL1057','PS1091'),('H1059','CL1058','PC1045'),('H1060','CL1059','PP1020'),('H1061','CL1060','PB1001'),('H1062','CL1061','PP1010'),('H1063','CL1062','PP1020'),('H1064','CL1063','PC1045'),('H1065','CL1064','PB1039'),('H1066','CL1065','PL1064'),('H1067','CL1066','PE1087'),('H1068','CL1067','PS1091'),('H1069','CL1068','PS1091'),('H1070','CL1069','PS1091'),('H1071','CL1070','PL1064'),('H1072','CL1071','PE1087'),('H1073','CL1072','PL1064'),('H1074','CL1073','PB1039'),('H1075','CL1074','PC1045'),('H1076','CL1075','PP1020'),('H1077','CL1076','PB1001'),('H1078','CL1077','PP1010'),('H1079','CL1078','PP1020'),('H1080','CL1079','PC1045'),('H1081','CL1080','PB1039'),('H1082','CL1081','PL1064'),('H1083','CL1082','PE1087'),('H1084','CL1083','PS1091'),('H1085','CL1084','PL1064'),('H1086','CL1085','PB1039'),('H1087','CL1086','PC1045'),('H1088','CL1087','PP1020'),('H1089','CL1088','PB1001'),('H1090','CL1089','PP1010'),('H1091','CL1090','PP1020'),('H1092','CL1091','PC1045'),('H1093','CL1092','PB1039'),('H1094','CL1093','PL1064'),('H1095','CL1094','PE1087'),('H1096','CL1095','PS1091'),('H1097','CL1096','PL1064'),('H1098','CL1097','PL1064'),('H1099','CL1098','PB1039'),('H1100','CL1099','PC1045'),('H1101','CL1100','PB1001'),('H1102','CL1101','PP1010'),('H1103','CL1102','PP1020'),('H1104','CL1103','PP1020'),('H1105','CL1104','PC1045'),('H1106','CL1105','PB1039'),('H1107','CL1106','PL1064'),('H1108','CL1107','PB1039'),('H1109','CL1108','PC1045'),('H1110','CL1109','PB1001'),('H1111','CL1110','PP1010'),('H1112','CL1111','PB1039'),('H1113','CL1112','PL1064'),('H1114','CL1113','PC1045'),('H1115','CL1114','PB1001'),('H1116','CL1115','PP1010'),('H1117','CL1116','PP1020'),('H1118','CL1117','PC1045'),('H1119','CL1118','PB1039'),('H1120','CL1119','PL1064'),('H1121','CL1120','PE1087'),('H1122','CL1121','PS1091'),('H1123','CL1122','PS1091'),('H1124','CL1123','PS1091'),('H1125','CL1124','PS1091'),('H1126','CL1125','PS1091'),('H1127','CL1126','PL1064'),('H1128','CL1127','PB1039'),('H1129','CL1128','PC1045'),('H1130','CL1129','PB1001'),('H1131','CL1130','PP1010'),('H1132','CL1131','PP1020'),('H1133','CL1132','PB1039'),('H1134','CL1133','PL1064'),('H1135','CL1134','PE1087'),('H1136','CL1135','PS1091'),('H1137','CL1136','PL1064'),('H1138','CL1137','PB1039'),('H1139','CL1138','PC1045'),('H1140','CL1139','PB1001'),('H1141','CL1140','PP1010'),('H1142','CL1141','PP1020'),('H1143','CL1142','PC1045'),('H1144','CL1143','PB1001'),('H1145','CL1144','PP1010'),('H1146','CL1145','PP1020'),('H1147','CL1146','PC1045'),('H1148','CL1147','PB1039'),('H1149','CL1148','PL1064'),('H1150','CL1149','PE1087'),('H1151','CL1150','PS1091'),('H1152','CL1151','PL1064'),('H1153','CL1152','PB1039'),('H1154','CL1153','PC1045'),('H1155','CL1154','PB1001'),('H1156','CL1155','PP1010'),('H1157','CL1156','PP1020'),('H1158','CL1157','PC1045'),('H1159','CL1158','PB1039'),('H1160','CL1159','PL1064'),('H1161','CL1160','PE1087'),('H1162','CL1161','PL1064'),('H1163','CL1162','PC1045'),('H1164','CL1163','PB1001'),('H1165','CL1164','PP1010'),('H1166','CL1165','PC1045'),('H1167','CL1166','PB1039'),('H1168','CL1167','PL1064'),('H1169','CL1168','PC1045'),('H1170','CL1169','PB1001'),('H1171','CL1170','PP1010'),('H1172','CL1171','PC1045'),('H1173','CL1172','PB1039'),('H1174','CL1173','PL1064'),('H1175','CL1174','PE1087'),('H1176','CL1175','PL1064'),('H1177','CL1176','PB1039'),('H1178','CL1177','PC1045'),('H1179','CL1178','PB1001'),('H1180','CL1179','PP1010'),('H1181','CL1180','PP1020'),('H1182','CL1181','PC1045'),('H1183','CL1182','PB1039'),('H1184','CL1183','PC1045'),('H1185','CL1184','PB1001'),('H1186','CL1185','PP1010'),('H1187','CL1186','PP1020'),('H1188','CL1187','PB1039'),('H1189','CL1188','PL1064'),('H1190','CL1189','PC1045'),('H1191','CL1190','PB1039'),('H1192','CL1191','PB1039'),('H1193','CL1192','PC1045'),('H1194','CL1193','PB1001'),('H1195','CL1194','PP1010'),('H1196','CL1195','PP1020'),('H1197','CL1196','PB1039'),('H1198','CL1197','PC1045'),('H1199','CL1198','PL1064'),('H1200','CL1199','PC1045'),('H1201','CL1200','PB1001');
/*!40000 ALTER TABLE `historial` ENABLE KEYS */;
UNLOCK TABLES;

--
-- Table structure for table `personafisica`
--

DROP TABLE IF EXISTS `personafisica`;
/*!40101 SET @saved_cs_client     = @@character_set_client */;
/*!40101 SET character_set_client = utf8 */;
CREATE TABLE `personafisica` (
  `RFC` varchar(13) NOT NULL,
  `nombre` varchar(20) DEFAULT NULL,
  `apellidoPaterno` varchar(15) DEFAULT NULL,
  `apellidoMaterno` varchar(15) DEFAULT NULL,
  `claveBanco` varchar(6) DEFAULT NULL,
  PRIMARY KEY (`RFC`),
  KEY `claveBanco` (`claveBanco`),
  CONSTRAINT `personafisica_ibfk_1` FOREIGN KEY (`RFC`) REFERENCES `tipocliente` (`RFC`),
  CONSTRAINT `personafisica_ibfk_2` FOREIGN KEY (`claveBanco`) REFERENCES `banco` (`claveBanco`) ON DELETE CASCADE ON UPDATE CASCADE
) ENGINE=InnoDB DEFAULT CHARSET=latin1;
/*!40101 SET character_set_client = @saved_cs_client */;

--
-- Dumping data for table `personafisica`
--

LOCK TABLES `personafisica` WRITE;
/*!40000 ALTER TABLE `personafisica` DISABLE KEYS */;
INSERT INTO `personafisica` VALUES ('AAN9901192UI','JOAQUIN OSVALDO','ALONSO','CUEVAS','1073'),('ACI0403228QU','OSCAR ALEJANDRO','ALVAREZ','ROMERO','1144'),('ACJD771120U83','VICTOR','AMADOR','MU¥OZ','1078'),('AGRM781221V84','EUGENIO GABRIEL','ANDREU','LECONA','1119'),('ALBM860829D92','JIMENA ROSALIA','CAMPILLO','LOPEZ','1166'),('ALCV820425Z88','JORGE ARMANDO','CAZARES','CURIEL','1052'),('ARLJ830526A89','JULIO','DIAZ','RODRIGUEZ','1175'),('ARRE850728C91','JENNIFER ADRIANA','DOMPABLO','CELAYA','1180'),('ARRO740106A37','DIANA LETICIA','DURAN','ORTIZ','1013'),('BBR0211060AE','JORGE','FLORES','HERNANDEZ','1063'),('BECL821231G96','YOEL SEBASTIAN','GARCIA','AGUAYO','1087'),('BECL831102H95','DANIEL','GARCIA','MARTINEZ','1129'),('BETR800129I97','MARCO ANTONIO','GARCIA','TORIBIO','1112'),('BOSN860327K99','BRENDA','GOMEZ','CABALLERO','1009'),('BSE9404147WE','ANGEL','GUTIERREZ','HERNANDEZ','1111'),('CAI1112014GN','ALEJANDRO ALDHAIR','JIMENEZ','DE JESUS','1107'),('CAMH850623W54','CARLOS ANIBAL','LARIOS','MOGUEL','1080'),('CANJ800822P15','THALIA','MANZANO','FLORES','1059'),('CAR0701314MZ','VICTOR ALBERTO','NORIEGA','MORALES','1181'),('CAS0207214OP','VICTOR DAVID','OLVERA','PEREZ','1032'),('CASC730716Q79','MOISES ABRAHAM','ORTA','TABLAS','1115'),('CAW0905280FD','RICARDO','PEREZ','BRAVO','1096'),('CCS0703269HG','BRAYAN','RAMOS','REYES','1060'),('CEL9303136QW','EDWIN ARTURO','REBOLLAR','RIVERA','1170'),('CGA0501247KJ','EDNA YAZMIN','RESENDIZ','RESENDIZ','1121'),('CGA9903085GB','ROBERTO','REYES','FRAGOSO','1152'),('CGU0406236LK','ALAN FERNANDO','RINCON','VIEYRA','1054'),('CIM0509287CC','ARTURO','RODRIGUEZ','CERVANTES','1138'),('CIT0602258JH','KATIA','SANTILLAN','ALVAREZ','1097'),('CLE1007215JN','JOSE','SARMIENTO','CAMPOS','1163'),('COFK781209J72','ERICK','TOLEDANO','AGUAYO','1034'),('COLM830117X20','JESUS ALEXIS','TORREBLANCA','FACES','1133'),('COMD841218T19','EDUARDO','ZAMARRON','MU¥OZ','1015'),('HEHE851027U58','EDGAR RODRIGO','ARREDONDO','BASURTO','1196'),('HERA860616H18','GERARDO ARAMIS','CABELLO','ACOSTA','1044'),('HESE750611F42','VICTOR ANGEL','CARMONA','MEDINA','1081'),('HESE831128V59','GERARDO','CARRILLO','FERNANDEZ','1082'),('IMM0108128CA','JUAN MANUEL','CERVANTES',' VARELA','1089'),('INI9605316EB','BRYAN','DOMINGUEZ','DE LA ROSA','1099'),('ISE1101023YM','JOEL ENRIQUE','ESPEJEL','ZARATE','1189'),('JIJL830717I19','OMAR','FLORES','MEJIA','1016'),('JIOD870130Y61','GERARDO','GALICIA','VARGAS','1026'),('LAMA860228Z62','ABRAHAM AMOS','GARCIA','LOMELI','1047'),('LAR0605063NG','JORGE','GOMEZ','REUS','1058'),('LCH0908206HL','OSCAR ARTURO','GONZALEZ','GONZALEZ','1188'),('LEL9709170TY','ALEJANDRA','GORRIZ','BARRERA','1128'),('LORJ850331A63','HUMBERTO ALEXIS','HERNANDEZ','CASTILLO','1126'),('LORL780512A11','ALEJANDRO','HERNANDEZ','GOMEZ','1164'),('LOVJ760712G43','CARLOS ANDRES','HERNANDEZ','GOMEZ','1161'),('LSC0009040SF','JESUS MANUEL','HUERTA','MARTINEZ','1028'),('LYA0310130ZZ','KARLA VICTORIA','LEON','ESTA¥OL','1153'),('MAG0512169SN','FERNANDO','LOPEZ','CALIXTO','1182'),('MAMA840401B64','ENRIQUE ARIEL','LOPEZ','CAPISTRAN','1148'),('MAOC810919K21','LUIS FERNANDO','MALDONADO','RODRIGUEZ','1065'),('MAUJ881020L22',' KAREN OLIVIA','MARTINEZ','CLAVERIA','1151'),('MEL9102254YX','CARLOS EDUARDO','MATUS','LOPEZ','1113'),('MERS770813H44','MIGUEL ANGEL','MORALES','GARCIA','1066'),('MOFJ761019T82','DIEGO ARTURO','MORALES','GONZALEZ','1200'),('MOLJ881121M23','GABRIELA','MORENO','GONZALEZ','1062'),('ORCS820603D66','YAMILE GISELLE','OLVERA','NERIA','1027'),('PAD0611178DI','JOSE IVAN','ORTIZ','ALPUCHE','1159'),('PAGA871222N24','PEDRO ANTONIO','PAREDES','HERNANDEZ','1105'),('PEAR801116K47','SALVADOR','PAZ','SANTOS','1021'),('PECI811217L48','MARIO ALBERTO','QUIROZ','SOLDAN','1169'),('PEUE860123O25','JANET NAIBI','RAMIREZ','MARTINEZ','1056'),('PHI0710187FQ','JONATAN ZURIEL','RUIZ','BELTRAN','1093'),('POS0502217WK','ALFREDO','SANTIAGO','HERNANDEZ','1123'),('POSO710514O77','UZIEL','SORIANO','HERNANDEZ','1030'),('PSS1011305EB','SAUL','VAZQUEZ','JIMENEZ','1131'),('RAA1007085WH','ARIEL FELIX','ADAUTA','GARCIA','1125'),('RAPA850224P26','LUIS FRANCISCO','ALVA','BELTRAN','1090'),('REF9202285AQ',' AARON ARIEL','ARAUJO','RUIZ','1098'),('REGF830219N50','RUBEN','BAEZA','COLIN','1102'),('RHO0108278BX','CINTHIA PAOLA','BARRERA','PAREDES','1045'),('ROH0809196GA','HAZZIELY','BERNACHE','FERNANDEZ','1174'),('ROPE800805F68','CARLOS ALBERTO','BOLA¥OS','PULIDO','1084'),('RSR9706017WW','HUGO VIDAL','BUENDIA','MORENO','1168'),('RUCM840320O51','MOISES','CABRERA','MARTINEZ','1154'),('RUTC840325Q27','ROBERTO','CADENA','SANCHEZ','1004'),('SAAD790906H69','FRANCISCO JAVIER','CAMACHO','GUERRA','1186'),('SALA761108I71','ERICK','CASTILLO','LUNA','1023'),('SALC691119S18','RODRIGO','CORONEL','FERNANDEZ','1002'),('SAMA830426R28','BRYAN JOSEPTH','DE JESUS','HERNANDEZ','1068'),('SAMG820527S29','ARTURO','ESCUTIA','LOPEZ','1037'),('SAMM850421P52','ARELY','GARCIA','ESTRADA','1077'),('SAN0511096FX','MAYKAREN','GOMEZ','CHAVEZ','1022'),('SER1106224KT','EDGAR','GONZALEZ','CRUZ','1160'),('SER1202032TL','MAURO','HERNANDEZ','SALAZAR','1003'),('SER9805262BV','MIGUEL ANGEL','MEDINA','ZARAZUA','1061'),('SER9810181YU','ESTEBAN','MORALES','CISNEROS','1039'),('SIM9201195CY','ALDO','MORENO','TINOCO','1156'),('SIVM810628T30','ERICK EDUARDO','MU¥OZ','GONZALEZ','1162'),('SKY9003173EJ','TRIANA ANDALUCIA','PRIETO','GALVAN','1100'),('SLJ9102261ID','LUIS ANTONIO','QUINTERO','INFANTE','1067'),('SMS1006141LW','ANGEL','RIVERA','DELGADO','1157'),('SOGI800729U31','ADRIAN','SANCHEZ','ALVAREZ','1158'),('SOL0907132KL','HECTOR','UGALDE','BARRON','1109'),('STA0704052EJ','ADAN','URBAN','REYES','1041'),('SVM0305225PL','BRIAN','ZU¥IGA','URIBE','1031'),('SXP9502062NT','NATHANIEL','CABRERA','HERRERA','1012'),('TEK0312078SA','VICTOR HUGO','CARDENAS','CASTILLO','1110'),('TEK0606250YP','KEVIN BRYAN','GARCIA','ALONSO','1101'),('THO0912011HQ','LUIS ANGEL','GRANADOS','DIAZ','1120'),('TLI8904232PI','ERWIN','HERNANDEZ','GARCIA','1025'),('TOER790830V32','DIEGO','LOPEZ','ARCOS','1178'),('TRRE780901W33','BRIAN OMAR','MEJIA','MAGOS','1094'),('UNI9102184VT','RICARDO ALEJANDRO','MENDOZA','FLORES','1155'),('VIRO720615P78','BRENDA','MIRANDA','VILCHIS','1024'),('WTR0703290TG','ENYA VALERIA','MARTINEZ','PAREDES','1184'),('YEE9003251OO','RICARDO','QUI¥ONES','BARRON','1036'),('ZAGA740817R80','GERARDO ISMAEL','SOLIS','GARRIDO','1074');
/*!40000 ALTER TABLE `personafisica` ENABLE KEYS */;
UNLOCK TABLES;

--
-- Table structure for table `personamoral`
--

DROP TABLE IF EXISTS `personamoral`;
/*!40101 SET @saved_cs_client     = @@character_set_client */;
/*!40101 SET character_set_client = utf8 */;
CREATE TABLE `personamoral` (
  `RFC` varchar(15) NOT NULL DEFAULT '',
  `nombreOrganizacion` varchar(50) DEFAULT NULL,
  `nombreResponsable` varchar(20) DEFAULT NULL,
  `apellidoPaterno` varchar(15) DEFAULT NULL,
  `apellidoMaterno` varchar(15) DEFAULT NULL,
  `claveBanco` varchar(6) DEFAULT NULL,
  PRIMARY KEY (`RFC`),
  KEY `claveBanco` (`claveBanco`),
  CONSTRAINT `personamoral_ibfk_1` FOREIGN KEY (`RFC`) REFERENCES `tipocliente` (`RFC`),
  CONSTRAINT `personamoral_ibfk_2` FOREIGN KEY (`claveBanco`) REFERENCES `banco` (`claveBanco`) ON DELETE CASCADE ON UPDATE CASCADE
) ENGINE=InnoDB DEFAULT CHARSET=latin1;
/*!40101 SET character_set_client = @saved_cs_client */;

--
-- Dumping data for table `personamoral`
--

LOCK TABLES `personamoral` WRITE;
/*!40000 ALTER TABLE `personamoral` DISABLE KEYS */;
INSERT INTO `personamoral` VALUES ('CON0508127GH','Petr¢leos Mexicanos','ANTONIO IVAN','AGUILAR','TORRES','1086'),('COR1107306SA','Am‚rica M¢vil','ALEJANDRA','ALANIS','GUERRERO','1008'),('CPE0112017KM','Walmart de M‚xico','MAURICIO','ARGUETA','MACIAS','1167'),('CRB0804279GF','Comisi¢n Federal de Electricidad','NARDA AIXEL','BALLESTEROS','REYES','1064'),('CSI0209119AX','Carso Global Telecom','ALEJANDRA','BLANCO','ALVAREZ','1017'),('CSS0406074MM','Cemex','OSCAR','CAMACHO','URRIOLAGOITIA','1145'),('CSS9302283YE','Fomento Econ¢mico Mexicano','MIGUEL ANGEL','CASTA¥EDA','SANCHEZ','1117'),('CTR1006297DS','Telcel','DAVID','CISNEROS','CORTES','1091'),('DAH0610105GW','Grupo Financiero BBVA-Bancomer','SAUL ALBERTO','CORTEZ','GARCIA','1165'),('DCM9009014ZX','Tel‚fonos de M‚xico','DALIA','DE FELIPE','VARGAS','1193'),('DCM9202024RF','Grupo Bimbo','JANNETH','DOMINGUEZ ','JAIMES','1069'),('DECM780111C13','Grupo Alfa','LILIANA','FLORES','SANCHEZ','1173'),('DEVE840724R55','Grupo Financiero Banamex','DIEGO','GARCIA','MARTINEZ','1103'),('DIDM750918S81','General Motors de M‚xico','EDWIN','GONZALEZ','ORTA','1108'),('DIHS740110K73','Coca-Cola FEMSA','FRANCISCO JAVIER','HERNANDEZ','CERVANTES','1150'),('DLCA850315W22','Telmex Internacional','ALEJANDRO','HERNANDEZ','RODRIGUEZ','1019'),('DMA9110023XC','Volkswagen de M‚xico','CARLOS','HERRERA','HERNANDEZ','1191'),('DME1208315AZ','Nissan Mexicana','ADRIAN','JIMENEZ','CASILLAS','1132'),('EGE9211032CV','Organizaci¢n Soriana','CHRISTIAN JOSE','LOPEZ','BRITO','1177'),('ERO9704084MI','Grupo BAL','JAIR ALAN','LOPEZ','LARA','1005'),('ESC9401051BW','Ford Motor Company','SANTIAGO MARIANO','LOPEZ','CHINA','1185'),('ESHY720308C39','Grupo Modelo','DAVID','LUNA','HERNANDEZ','1143'),('EVE0412087DB','Infonavit','ROBERTO ISRAEL','MARQUEZ','HERNANDEZ','1042'),('EVI9403294TW','Grupo Carso','PABLO JESUS','MENDOZA','CERON','1014'),('FER9807028QQ','Chrysler M‚xico','JOSUE','MIRANDA','FALCON','1190'),('FIIM760212D14','Grupo M‚xico','JONATAN','MORALES','TORRES','1038'),('FOHF750313E15','Grupo Financiero Santander','JESSICA','MORENO','SALINAS','1140'),('FRDM850414F16','Grupo Salinas','RAUL','NU¥EZ','CARDENAS','1048'),('FRGJ730409D40','Grupo Financiero Banorte','RICARDO','OROZCO','SOTO','1006'),('FRRY870312M75','Grupo Industrial Lala','ERICK ARTURO','PE¥A','PI¥A','1171'),('FYP0910296FV','Controladora Comercial Mexicana','LUIS ENRIQUE','RAMIREZ','ROQUE','1055'),('GAPA740510E41','Alpek','ANA KAREN','RAMIREZ','TEXIS','1018'),('GCS9906106BE','FEMSA Comercio (Oxxo)','SERGIO ALBERTO','ROBLES','PEDRAZA','1118'),('GGA0709114HJ','Grupo Televisa','MARIANA','ROJERO','RUIZ','1141'),('GRE9611169RT','Grupo Maseca','GABRIELA','SALDA¥A','AGUILAR','1043'),('GRS9201272UJ','Flextronics Manufacturing','GUADALUPE ELIZABETH','SANCHEZ','LOPEZ','1137'),('GUQL870515G17','Grupo Comercial Chedraui','CARMEN MAYTEE','SANCHEZ','SALAZAR','1130'),('GUSS790926T57','El Puerto de Liverpool','DIEGO ESSAI','SANTILLAN','LOPEZ','1198'),('HEDP821229X60','Cervecer¡a Cuauht‚mocÿ-ÿHeineken','MAYRA PATRICIA','TOVAR','BARBA','1176');
/*!40000 ALTER TABLE `personamoral` ENABLE KEYS */;
UNLOCK TABLES;

--
-- Table structure for table `plazopago`
--

DROP TABLE IF EXISTS `plazopago`;
/*!40101 SET @saved_cs_client     = @@character_set_client */;
/*!40101 SET character_set_client = utf8 */;
CREATE TABLE `plazopago` (
  `clavePlazo` varchar(6) NOT NULL,
  `plazoSemanal` tinyint(1) DEFAULT NULL,
  `plazoMensual` tinyint(1) DEFAULT NULL,
  `plazoAnual` tinyint(1) DEFAULT NULL,
  PRIMARY KEY (`clavePlazo`)
) ENGINE=InnoDB DEFAULT CHARSET=latin1;
/*!40101 SET character_set_client = @saved_cs_client */;

--
-- Dumping data for table `plazopago`
--

LOCK TABLES `plazopago` WRITE;
/*!40000 ALTER TABLE `plazopago` DISABLE KEYS */;
INSERT INTO `plazopago` VALUES ('PL101',1,0,0),('PL102',1,0,0),('PL103',1,0,0),('PL104',1,0,0),('PL105',1,0,0),('PL106',1,0,0),('PL107',1,0,0),('PL108',1,0,0),('PL109',1,0,0),('PL110',1,0,0),('PL111',1,0,0),('PL112',1,0,0),('PL113',1,0,0),('PL114',1,0,0),('PL115',1,0,0),('PL116',1,0,0),('PL117',1,0,0),('PL118',1,0,0),('PL119',1,0,0),('PL120',1,0,0),('PL121',1,0,0),('PL122',1,0,0),('PL123',1,0,0),('PL124',1,0,0),('PL125',1,0,0),('PL126',1,0,0),('PL127',1,0,0),('PL128',1,0,0),('PL129',1,0,0),('PL130',1,0,0),('PL131',1,0,0),('PL132',1,0,0),('PL133',1,0,0),('PL134',1,0,0),('PL135',1,0,0),('PL136',1,0,0),('PL137',1,0,0),('PL138',1,0,0),('PL139',1,0,0),('PL140',1,0,0),('PL141',1,0,0),('PL142',1,0,0),('PL143',1,0,0),('PL144',1,0,0),('PL145',1,0,0),('PL146',1,0,0),('PL147',1,0,0),('PL148',1,0,0),('PL149',1,0,0),('PL150',1,0,0),('PL151',1,0,0),('PL152',1,0,0),('PL153',1,0,0),('PL154',1,0,0),('PL155',1,0,0),('PL156',1,0,0),('PL157',1,0,0),('PL158',1,0,0),('PL159',0,1,0),('PL160',0,1,0),('PL161',0,1,0),('PL162',0,1,0),('PL163',0,1,0),('PL164',0,1,0),('PL165',0,1,0),('PL166',0,1,0),('PL167',0,1,0),('PL168',0,1,0),('PL169',0,1,0),('PL170',0,1,0),('PL171',0,1,0),('PL172',0,1,0),('PL173',0,1,0),('PL174',0,1,0),('PL175',0,1,0),('PL176',0,1,0),('PL177',0,1,0),('PL178',0,1,0),('PL179',0,1,0),('PL180',0,1,0),('PL181',0,1,0),('PL182',0,1,0),('PL183',0,1,0),('PL184',0,1,0),('PL185',0,1,0),('PL186',0,1,0),('PL187',0,1,0),('PL188',0,1,0),('PL189',0,1,0),('PL190',0,1,0),('PL191',0,1,0),('PL192',0,1,0),('PL193',0,1,0),('PL194',0,1,0),('PL195',0,1,0),('PL196',0,1,0),('PL197',0,1,0),('PL198',0,1,0),('PL199',0,1,0),('PL200',0,1,0),('PL201',0,1,0),('PL202',0,1,0),('PL203',0,1,0),('PL204',0,1,0),('PL205',0,1,0),('PL206',0,1,0),('PL207',0,1,0),('PL208',0,1,0),('PL209',0,1,0),('PL210',0,1,0),('PL211',0,1,0),('PL212',0,1,0),('PL213',0,1,0),('PL214',0,1,0),('PL215',0,1,0),('PL216',0,1,0),('PL217',0,1,0),('PL218',0,1,0),('PL219',0,1,0),('PL220',0,1,0),('PL221',0,0,1),('PL222',0,0,1),('PL223',0,0,1),('PL224',0,0,1),('PL225',0,0,1),('PL226',0,0,1),('PL227',0,0,1),('PL228',0,0,1),('PL229',0,0,1),('PL230',0,0,1),('PL231',0,0,1),('PL232',0,0,1),('PL233',0,0,1),('PL234',0,0,1),('PL235',0,0,1),('PL236',0,0,1),('PL237',0,0,1),('PL238',0,0,1),('PL239',0,0,1),('PL240',0,0,1),('PL241',0,0,1),('PL242',0,0,1),('PL243',0,0,1),('PL244',0,0,1),('PL245',0,0,1),('PL246',0,0,1),('PL247',0,0,1),('PL248',0,0,1),('PL249',0,0,1),('PL250',0,0,1),('PL251',0,0,1),('PL252',0,0,1),('PL253',0,0,1),('PL254',0,0,1),('PL255',0,0,1),('PL256',0,0,1),('PL257',0,0,1),('PL258',0,0,1),('PL259',0,0,1),('PL260',0,0,1),('PL261',0,0,1),('PL262',0,0,1),('PL263',0,0,1),('PL264',0,0,1),('PL265',0,0,1),('PL266',0,0,1),('PL267',0,0,1),('PL268',0,0,1),('PL269',0,1,0),('PL270',0,1,0),('PL271',0,1,0),('PL272',0,1,0),('PL273',0,1,0),('PL274',0,1,0),('PL275',0,1,0),('PL276',0,1,0),('PL277',0,1,0),('PL278',0,1,0),('PL279',0,1,0),('PL280',0,1,0),('PL281',0,1,0),('PL282',0,1,0),('PL283',0,1,0),('PL284',0,1,0),('PL285',0,1,0),('PL286',0,1,0),('PL287',0,1,0),('PL288',0,1,0),('PL289',0,1,0),('PL290',0,1,0),('PL291',0,1,0),('PL292',0,1,0),('PL293',0,1,0),('PL294',0,1,0),('PL295',0,1,0),('PL296',0,1,0),('PL297',0,1,0),('PL298',0,1,0),('PL299',0,0,1),('PL300',0,0,1),('PL301',0,0,1);
/*!40000 ALTER TABLE `plazopago` ENABLE KEYS */;
UNLOCK TABLES;

--
-- Table structure for table `producto`
--

DROP TABLE IF EXISTS `producto`;
/*!40101 SET @saved_cs_client     = @@character_set_client */;
/*!40101 SET character_set_client = utf8 */;
CREATE TABLE `producto` (
  `IDProducto` varchar(6) NOT NULL,
  `claveProducto` varchar(10) DEFAULT NULL,
  `nombreProducto` varchar(100) DEFAULT NULL,
  `marca` varchar(50) DEFAULT NULL,
  `descripcion` varchar(500) DEFAULT NULL,
  `precio` decimal(28,2) DEFAULT NULL,
  `existencia` int(11) DEFAULT NULL,
  PRIMARY KEY (`IDProducto`)
) ENGINE=InnoDB DEFAULT CHARSET=latin1;
/*!40101 SET character_set_client = @saved_cs_client */;

--
-- Dumping data for table `producto`
--

LOCK TABLES `producto` WRITE;
/*!40000 ALTER TABLE `producto` DISABLE KEYS */;
INSERT INTO `producto` VALUES ('PA1097','28705411','Aspiradora Koblenz Manual','KOBLENZ','Potente aspiradora manual de 400 Watts. Con conexión a 120 volts. Color blanco con copa de polvo traslucida color uva. Cable de 5 metros de largo. Filtro de tela permanente lavable y un accesorio esquinero con su adaptador','489.00',90),('PB1001','72045444','Batidora Kitchen Aid Artisan Roja','KITCHEN AID','No disponible','7089.00',200),('PB1002','30997638','Batidora Manual','CUISINART','No disponible','1199.00',130),('PB1003','18184682','Batidora Kitchen Aid Artisan Roja','KITCHEN AID','Motor 325 watts. Velocidades 10. Adaptador multiusos. Indice Flourpower de 9 tazas. Movimiento de cabeza inclinacion. Accion de batido 67 puntos de contacto con el tazon','8349.00',120),('PB1004','93327341','Batidora Black And Decker Mx217','BLACK AND DECKER','Batidora 6. Velocidades 2. Mezcladores de alambre. 2 Mezcladores de gancho. 1 Mezclador de globo estuche para guardar','595.00',78),('PB1034','31000078','Batidora Inmersion','CUISINART','Batidora de inmersion smart stick cuisinart','799.00',90),('PB1035','18696692','Batidora de Inmersión Hamilton Beach 59725','HAMILTON BEACH','Batidora de inmersión de 2 velocidades con diseño anatómico y control de velocidad antiderrapante','219.00',89),('PB1036','17533976','Batidora de Inmersion Better Chef Im-800','BETTER CHEF','Seguridad en el interruptor de energía. Fácil de limpiar la hoja de acero','225.00',78),('PB1037','90404370','Batidora de Inmersion Oster 261413','OSTER','Batidora de inmersión multifuncional. Potente motor de 250 watts. 2 velocidades. Base de acero inoxidable','419.00',78),('PB1038','48827815','Batidora Imersion','OSTER','Batidora de inmersión multi funcional. Potente motor de 250 watts. 2 velocidades de intensidad variable. Incluye un vaso para batir y licuar con graduación. Incluye un aditamento picatodo para funcionar como procesador de alimentos','559.00',89),('PB1039','64905092','Batidora de Inmersion Oster','OSTER','Batidora de inmersión multi funcional. Potente motor de 250 watts. 2 velocidades de intensidad variable. Base de acero inoxidable','649.00',78),('PB1040','77387781','Batidora de Inmersion Oster 1 Vel 2619-13','OSTER','Potente motor de 350W. 1 Velocidad. Base de acero inoxidable. Incluye vaso medidor graduado con capacidad para 500 ml','669.00',89),('PB1041','31000158','Batidora Inmersion azul','CUISINART','Batidora Inmersion smart stick CSB76LB','799.00',90),('PB1042','30999985','Batidora Inmersion roja','CUISINART','Batidora Inmersion smart stick CSB76LB','799.00',90),('PC1043','97239331','Cafetera Electrolux 5 Tazas Cm100','ELECTROLUX','Jarra de vidrio capacidad para 5 tazas. Filtro permanente. Indicador luminoso. 600 watts','245.00',89),('PC1044','97239359','Cafetera Electrolux 12 Tazas Cm503','ELECTROLUX','Jarra de vidrio capacidad para 12 tazas. Sistema antigoteo. Porta filtro removible que facilia la limpieza','339.00',90),('PC1045','93793043','Cafetera Oster Taide','OSTER','Capacidad de 4 tazas Canastilla de filtro removible que facilita la limpieza. Depósito de agua fácil de llenar con ventanas duales que le muestran el nivel de agua','349.00',67),('PC1046','97239377','Cafetera Electrolux 12 Tazas Cm500','ELECTROLUX','Jarra de vidrio capacidad para 12 tazas. Sistema antigoteo. Porta filtro removible que facilia la limpieza','389.00',90),('PC1047','16007304','Cafetera Navia Etm23','Navia','Cafetera moderna de tamaño compacto, cuenta con botón de encendido-apagar. Jarra para 12 tazas. Sistema anti goteo. Filtro permanente. Chuchara medidora','419.00',89),('PC1048','16007331','Cafetera Man Etm-21','NAVIA','Cafetera moderna de tamaño compacto, cuenta con botón de encendido-apagar. Jarra para 10 tazas. Sistema anti goteo. Filtro permanente. Chuchara medidora','410.00',89),('PC1049','18696325','Cafetera Hamilton Beach 49754','HAMILTON BEACH','Cafetera digital para 12 tazas. Auto pausa para servido. Botón de encendido iluminado. Ventana de nivel de agua. Auto apagado en 2 horas. Plato calentador con antiadherente. Programable','469.00',89),('PC1050','82096219','Cafetera Krups','KRUPS','Cafetera Heliora Selective','569.00',89),('PE1086','22293985','Exprimidor Citricos Hamilton Beach 66334','HAMILTON BEACH','Capacidad 11lts. Control de pulpa. Guarda cable para facil almacenaje','379.00',89),('PE1087','22619534','Exprimidor de Citricos Navia Ejm 707','Navia','Motor bi-direccional. Tapa de plástico transparente. Coladera ajustable','379.00',90),('PE1088','29254906','Exprimidor de Jugos Vitapress Bkb401Mx Moulinex','MOULINEX','No disponible','399.00',90),('PE1089','89828415','Exprimidor de Citricos Cuisinart Ccj-100','CUISINART','Exprimidor auto reversible función final de reversa para extraer todo el jugo. Borde levantado evita el goteo','639.00',90),('PE1103','89451278','Extractor de Jugos Oster 315713','OSTER','Tubo de alimentación para introducir de manera cómoda y segura los alimentos. Palancas de cierre que aseguran el extractor mientras esta funcionando. Filtro de acero inoxidable para mayor durabilidad. Motor de 400 Watts','809.00',90),('PH1095','17484216','Horno Tostador Turmix Petit','Turmix','Funcionamiento rapido y sencillo, ideal para hornear. Selector de tiempo con apagado automatico y selector de funciones. 2 resistencias de cuarzo para un mayor ahorro de energia y una coccion mas uniforme','409.00',90),('PH1096','17375576','Horno Tostador Better Chef Im-265W','BETTER CHEF','Hornea, asa, dora y calienta, con aviso de timbrado para un mejor control de tiempo','525.00',90),('PH1101','14256067','Hervidor de Agua Professional Series Acero Inoxidable','Professional Series','Permite hervir hasta 1.7 lts de agua','659.00',90),('PL1063','27510534','Licuadora Eksen Negra','Eksen','Licuadora negra 10 velocidades. Gabinete de plástico con vaso de vidrio','359.00',90),('PL1064','27510589','Licuadora Eksen Panel Acero Negra','Eksen','Licuadora negra 10 velocidades. Gabinete de plástico con panel de acero y vaso de vidrio resistente a altas temperaturas y choques termicos','389.00',89),('PL1065','27510669','Licuadora Eksen Panel Acero Roja','Eksen','Licuadora roja 10 velocidades. Gabinete de plástico con panel de acero y vaso de vidrio resistente a altas temperaturas y choques termicos','389.00',90),('PL1066','93863682','Licuadora Moulinex Facilite Plus','MOULINEX','6 Velocidades, Vaso graduado de plástico con capacidad de 1.5 Lts. Cuchillas removibles con 4 aspas de acero inoxidable. 500 W de potencia','439.00',90),('PL1067','25866155','Licuadora Oster Monterrey 8 Vel Fresa Blstmgm15013','OSTER','Potente Motor de 450 Watts. Exclusivo sistema All-Metal Drive. Cuchilla trituradora de hielo. 8 velocidades. Vaso de vidrio refractario con capacidad de 1.5 lt','469.00',89),('PL1068','25866584','Licuadora Oster Monterrey 8 Vel Verde Blstmgk15013','OSTER','Potente Motor de 450 Watts. Exclusivo sistema All-Metal Drive. Cuchilla trituradora de hielo. 8 velocidades. Vaso de vidrio refractario con capacidad de 1.5 lt','469.00',78),('PL1069','97864709','Licuadora Oster 8 Vel Vaso Vidrio Blstmgw00013','OSTER','Cuchilla trituradora de hielo. 8 velocidades. 450 Watts. Vaso de vidrio capacidad de 5 tazas','519.00',89),('PL1070','15664472','Licuadora Oster Delighter Blstdgroo013','OSTER','Panel digital. 3 Velocidades variables y dos velocidades de función. Tritura hielo y bate bebidas. Motor de 450 watts','1069.00',90),('PL1071','24801592','Licuadora Moulinex Turbo','Blender','11 Velocidades. Vaso de vidrio. Aspas dentadas para triturar hielo','539.00',90),('PL1072','22294546','Licuadora Hamilton Beach 50262R-Mx','HAMILTON BEACH','Motor 350 Watts. Vaso de vidrio 1.42lts. Cuchillas de acero inoxidable','589.00',89),('PL1073','25729893','Licuadora Oster Core Amarilla','OSTER','Potente motor de 450 watts, 12 velocidades con función de pulso. Vaso de vidrio con capacidad de 1.250 lt','589.00',90),('PL1074','25729893','Licuadora Oster Core roja','OSTER','Potente motor de 450 watts, 12 velocidades con función de pulso. Vaso de vidrio con capacidad de 1.250 lt','589.00',90),('PL1075','25730265','Licuadora Oster Core Rosa','OSTER','Potente motor de 450 watts, 12 velocidades con función de pulso. Vaso de vidrio con capacidad de 1.250 lt','589.00',90),('PL1076','25730078','Licuadora Oster Core Verde','OSTER','Potente motor de 450 watts, 12 velocidades con función de pulso. Vaso de vidrio con capacidad de 1.250 lt','589.00',90),('PL1077','26794025','Licuadora Oster Core Naranja','OSTER','Potente motor de 450 watts, 12 velocidades con función de pulso. Vaso de vidrio con capacidad de 1.250 lt','589.00',90),('PL1078','26794132','Licuadora Oster Core Azul','OSTER','Potente motor de 450 watts, 12 velocidades con función de pulso. Vaso de vidrio con capacidad de 1.250 lt','589.00',90),('PL1079','27510696','Licuadora Eksen Acero Inoxidable Negra','Eksen','Licuadora negra 2 velocidades. Gabinete de acero inoxidable con vaso de vidrio. Resistente a altas temperaturas y choques termicos','599.00',90),('PL1080','27510758','Licuadora Eksen Acero Inoxidable Roja','Eksen','Licuadora roja 2 velocidades. Gabinete de acero inoxidable con vaso de vidrio. Resistente a altas temperaturas y choques termicos','599.00',90),('PL1081','77387825','Licuadora Oster Slope 12 Vel Vaso D/vidrio 6663-13','OSTER','Potente motor de 450 watts. 12 velocidades. Panel de control de teclas con pulso y auto limpieza. Vaso de vidrio resistente al calor de 1.250 litros','719.00',90),('PL1082','25730434','Licuadora Oster Turf Digital Negra Blsttgebo013','OSTER','Potente motor de 450 watts. Revolucionaria cuchilla pica hielo Ice Crusher Blade. Panel de control con tecnología Touch Pad. 10 velocidades (5 altas y 5 bajas). Vaso de vidrio con capacidad de 1.500 lt','799.00',90),('PL1083','25730283','Licuadora Oster Turf Digital Roja Blsttgero013','OSTER','Potente motor de 450 watts. Revolucionaria cuchilla pica hielo Ice Crusher Blade. Panel de control con tecnología Touch Pad. 10 velocidades (5 altas y 5 bajas). Vaso de vidrio con capacidad de 1.500 lt','799.00',90),('PL1084','26400253','Licuadora Moulinex Pro-Perfect Ruby','MOULINEX','Licuadora con 6 aspas. 11 niveles de velocidades incluyendo pulso y vaso resistente a choques térmicos','809.00',90),('PL1085','13618374','Licuadora Oster Core 6807 12 Velocidades','OSTER','Potente motor de 450 watts. 12 velocidades. Botón selector de velocidades altas y bajas. Función de pulso y autolimpieza. Vaso de vidrio resistente al calor de 1.250 litros','829.00',90),('PP1005','13475528','Plancha ceramica Oster Gcstts7012-013','OSTER','Punta anodizada anti-ralladuras para mayor durabilidad. Suela de ceramica. Rociador fino de agua','799.00',50),('PP1006','96581810','Plancha Moulinex Stemium','Moulinex','Suela Platinum Microsteam 400 de Inox. Vapor variable. Autosteam con pantalla Led con ajuste','1979.00',34),('PP1007','23296453','Plancha Aquaspeed Autoclean Fv5375Qo','T-FAL','El nuevo diseño ergonómico Aquaspeed limpieza automática de hierro se caracteriza por un aumento de potencia','1359.00',130),('PP1008','22293725','Plancha Proctor Silex 17200','HAMILTON BEACH','Vapor concentrado para las arrugas. Suela antiadherente. Vapor ajustable','185.00',90),('PP1009','92714924','Plancha Electrolux Base Antiadherente Odi02','ELECTROLUX','Plancha de vapor con base antiadherente. 1500 Watts. Función spray. Control de vapor','235.00',65),('PP1010','15773818','Plancha de Vapor Oster Gstbs5804-013','OSTER','Suela con recubrimiento antiadherente. Botón selector para planchado seco a vapor','285.00',56),('PP1011','15773729','Plancha de Vapor Oster Gstbs5805-013','Oster','Suela con recubrimiento antiadherente. Botón selector para planchado seco a vapor','309.00',89),('PP1012','15773443','Plancha de Vapor Oster Gstbs5806-013','Oster','Suela con recubrimiento antiadherente. Botón selector para planchado seco a vapor','329.00',90),('PP1013','17533574','Plancha Electrica Better Chef Im-32Cr','BETTER CHEF','Practica al planchar por su cable largo. Antiadherente que protege las telas','339.00',89),('PP1014','17533636','Plancha Electrica Better Chef Im-15Xl','BETTER CHEF','Practica al planchar por su cable largo. Antiadherente que protege las telas','339.00',78),('PP1015','17800454','Plancha Electrolux Base Ceramica Odi10','ELECTROLUX','Plancha de vapor con base cerámica para un mejor planchado. 1500 Watts. Control de temperatura','339.00',45),('PP1016','25730498','Plancha de Vapor Oster 6101','OSTER','Vapor de doble uso funciona como un vaporizador de prendas y como una plancha. Botón de rociado fino','369.00',45),('PP1017','17533547','Plancha Electrica Better Chef Im-35Acr','BETTER CHEF','Práctica al planchar por su cable largo. Antiadherente que protege las telas','419.00',76),('PP1018','92714764','Plancha Electrolux Base Ceramica Odi05','ELECTROLUX','Plancha de vapor con base antiadherente. Apagado automático. Antigoteo. Control de vapor','419.00',56),('PP1019','22294153','Plancha Hamilton Beach 14014','HAMILTON BEACH','Potente rendimiento de vapor. Anti-goteo. Abertura de agua para un llenado facil con tapa. Base metal antiadherente','449.00',45),('PP1020','22294135','Plancha Hamilton Beach 14016','HAMILTON BEACH','Potente rendimiento de vapor. Anti-goteo. Abertura de agua para un llenado facil con tapa. Base metal antiadherente','449.00',45),('PP1021','22294117','Plancha Hamilton Beach Full Size Durathon','HAMILTON BEACH','Elimina mejor las arrugas. 25% mas vapor continuo. Cable extra largo','459.00',90),('PP1022','27074793','Plancha5 Singer Classic Finishii','SINGER','Plancha de vapor con suela de cerámica y diferentes niveles de temperatura para cada tipo de tela. Vapor variable','479.00',67),('PP1023','14255111','Plancha Professional Series Cordon Retractil Acero Inoxidable','Professional Series','Planchado en seco y vapor. Fabricada en acero inoxidable','499.00',89),('PP1024','18696656','Plancha Hamilton Beach 14210Z','HAMILTON BEACH','Suela antiadherente y cable retráctil. Gran desempeño de vapor. Vapor vertical, ajustable y auto apagado','499.00',67),('PP1025','89145519','Plancha de Vapor Navia Pvm-180','NAVIA','Apagado Automático. Sistema de auto-limpieza, Anti-goteo. Suela de cerámica antiadherente','499.00',89),('PP1026','95414216','Plancha de Viaje Rowenta','ROWENTA','Suela acero inoxidable microsteam 200. Vapor variable. Planchado en seco. Punta de precisión','499.00',89),('PP1027','26793848','Plancha de Vapor Oster Gcstsp6103013','OSTER','El botón de rociado fino ayuda a alisar arrugas difíciles. La limpieza automática. Tanque de 280ml. Cable giratorio 360°. Suela de acero inoxidable','499.00',67),('PP1028','17738899','Plancha Black And Decker Apagado Automatico','BLACK AND DECKER','Plancha de vapor Avant Steam. Sistema antigoteo. Recubrimiento antiadherente. Selector guía de tejido','509.00',90),('PP1029','25730523','Plancha de Vapor Oster 6104 Gcstsp6104013','OSTER','Vapor de doble uso. El botón de rociado fino ayuda a alisar arrugas difíciles. Limpieza automática. Apagado automático de 3 posiciones','519.00',90),('PP1030','12359192','Plancha de Vapor Navia Pvm-200','NAVIA','Apagado automático a los 8min. Sistema de auto-limpieza. Suela de cerámica antiadherente. Perilla Rotatoria','539.00',90),('PP1031','22565995','Plancha Black And Decker con Punta de Precisión Color Morado','BLACK AND DECKER','Plancha punta de precisión con recubrimiento de cerámica. Auto limpieza. Sistema antigoteo. Recubrimiento antiadherente. Selector guía de tejido','689.00',78),('PP1032','31585867','Plancha Durathon Hamilton Beach 19901','HAMILTON BEACH','Panel de control digital. Permite ajustes simples de las configuraciones. 1700 valtios de potencia. Cable retractil','779.00',90),('PP1033','12021064','Plancha Digital de Vapor Kenmore 80588','KENMORE','Plancha digital con apagado automático. Base cromada. Pantalla de lcd. Controles digitales. Tanque de 280ml. Limpieza automática','829.00',90),('PP1102','93327485','Parrilla Black And Decker Gr100','BLACK AND DECKER','Parrilla eléctrica. Recubrimiento antiadherente. Canal para eliminar la grasa','709.00',90),('PS1090','13237544','Sandwichera Spongebob Mod 122464 Princess	','Princess','Con termostato. Luz indicadora. Capa antiadherente','399.00',90),('PS1091','97841439','Sandwichera Ultra Compacta Moulinex Negro','Moulinex','Tamaño ultra compacto que facilita su almacenamiento. Indicadores luminosos de encendido y precalentado. Placas antiadherentes no removibles de fácil limpieza','419.00',90),('PS1092','89828657','Sandwichera Doble Better Chef Wm-Sw2 Waring Pro','BETTER CHEF','Sanwichera doble diseñada para asar dos elementos a la vez','479.00',90),('PS1093','48827727','Sandwichera Oster','OSTER','Capacidad de 2 porciones. Cubierta de plástico con placa de metal pulido. Platos de cocción con antiadherente. Desmontable. Luces indicadoras. Autoapagado. Broche de seguridad','499.00',90),('PS1094','25043276','Sandwichera Oster Platos Intercambiables Ckstsm38','OSTER','Capacidad de 2 porciones. Cubierta de plástico con placa de metal pulido. Platos de cocción con antiadherente desmontables. Luces indicadoras. Autoapagado','599.00',90),('PS1100','97863577','Sarten Latino Oster Ckstgr3861013','OSTER','Botón regulador de temperatura. Luz indicadora y función que indica cuando el sarten ha alcanzado la temperatura seleccionada. 850w. Compartimento para guardar el cable','619.00',89),('PT1055','97239313','Tostador Electrolux Ts500','ELECTROLUX','Selector de temperatura con 7 niveles de tostado. Funciones de calentamiento, descongelado y cancelación. Apagado automático. Bandeja para migajas','309.00',90),('PT1056','12021162','Tostador Kenmore Doble 81003','KENMORE','Tostador blanco con acero. Con funciones de descongelar, recalentar, bagel, recogedor de migajas. Botones de led verde, diseño delgado. Controlador de nivel de tostado','499.00',90),('PT1057','14760753','Tostador Professional Series para Dos Rebanadas Acero Inox Ps77401','Professional Series','Ajuste del grado de tostado. Hecha de acero inoxidable','499.00',90),('PT1058','16213608','Tostador T-Fal Express Inox','T-FAL','Tostador elegante en color negro y acabados metalicos con seis niveles de tostado. Funcion de Bagel y Reheat. Boton de Autostop y sistema de elevación','579.00',90),('PT1059','12021591','Tostador Doble Kenmore 80003','KENMORE','Tostador negro con acero. Con funciones de descongelar, recalentar, bagel, recogedor de migajas. Botones de led verde, diseño delgado. Controlador de nivel de tostado','599.00',90),('PT1060','95031906','Tostador Disney Mickey','ARIETE','Bandeja para migajas removible. 5 niveles de tostado. Boton cancelar. Timbre de aviso','619.00',90),('PT1061','97864683','Tostador Oster Rojo 630713','OSTER','Tostador personalizado con 7 posiciones de nivel de tostado que permite graduar la intensidad del tostado de claro a oscuro. Tecnología avanzada de tostado para tener un tostado perfecto desde la primera vez de uso','699.00',89),('PT1062','12021466','Tostador Doble Kenmore Elite Acero','KENMORE','Funciones de descongelar, recalentar, baguel. Pantalla lcd e indicadores de led. Función de elevación y recogedor de migajas','729.00',90),('PV1098','21871165','Vaporera Minicompact','T-FAL','Sistema de almacenamiento para ahorrar mayor espacio. Capacidad 4lts. Sistema Aquatimer: nivel específico de agua por cada tipo de ingrediente. Apagado automático cuando ya no queda agua en el recipiente. Potencia 650W','609.00',90),('PV1099','35224783','Vaporera Electrica Oster','OSTER','Base de depósito de agua de material plástico resistente al impacto. Vapor instantáneo. Entrada adicional de agua en la parte exterior. Cubierta removible de elemento calefactor. Reloj contador de tiempo. Apagado automático. Bandeja de goteo','799.00',90),('PW1051','17375629','Waflera Better Chef Im-260W','BETTER CHEF','Waflera convencional con planchas antiadherentes. Facilitan su manejo y su limpieza','289.00',89),('PW1052','89827710','Wafflera Eléctrica Cuisinart Wmr-Ca','CUISINART','Cuenta con control de 5 niveles de tostador para cocinar','639.00',90),('PW1053','95034850','Waflera Mickey Mouse','ARIETE','Control de termostato automatico. Parrillas de teflon. Indicador de luz','639.00',90),('PW1054','90982120','Waflera Black And Decker Wmb500','BLACK AND DECKER','Waflera con rejillas profundas. Recubrimiento antiadherente Wmb500','679.00',89);
/*!40000 ALTER TABLE `producto` ENABLE KEYS */;
UNLOCK TABLES;

--
-- Table structure for table `tipocliente`
--

DROP TABLE IF EXISTS `tipocliente`;
/*!40101 SET @saved_cs_client     = @@character_set_client */;
/*!40101 SET character_set_client = utf8 */;
CREATE TABLE `tipocliente` (
  `RFC` varchar(13) NOT NULL,
  `calle` varchar(50) DEFAULT NULL,
  `numero` int(11) DEFAULT NULL,
  `delmun` varchar(50) DEFAULT NULL,
  `cp` int(11) DEFAULT NULL,
  `telefono` int(11) DEFAULT NULL,
  `email` varchar(50) DEFAULT NULL,
  `clienteNuevo` tinyint(1) DEFAULT NULL,
  `clienteNormal` tinyint(1) DEFAULT NULL,
  `clientePreferente` tinyint(1) DEFAULT NULL,
  PRIMARY KEY (`RFC`)
) ENGINE=InnoDB DEFAULT CHARSET=latin1;
/*!40101 SET character_set_client = @saved_cs_client */;

--
-- Dumping data for table `tipocliente`
--

LOCK TABLES `tipocliente` WRITE;
/*!40000 ALTER TABLE `tipocliente` DISABLE KEYS */;
INSERT INTO `tipocliente` VALUES ('AAN9901192UI','LOPEZ',50,'COLONIA CENTRO',6050,51303280,'anfora@gmail.com',0,0,1),('ACI0403228QU','SANTA ANA',327,'COYOACAN',4470,56564642,'aci@gmail.com',1,0,0),('ACJD771120U83','LOPEZ MATEOS',891,'NEZAHUALCOYOTL',57731,57356597,'daniel_acevedo65@gmail.com',1,0,0),('ACR0207269RZ','CALZADA DEL HUESO',570,'COYOACAN',4850,56792230,'acron@gmail.com',1,0,0),('ADH0111308JI','ANILLO PERIFÉRICO',3915,'OLIMPICA',4710,50036900,'asistentehogar@gmail.com',0,0,1),('AEC1105151TQ','CENTEOTL',267,'AZCAPOTZALCO',2660,52207532,'adaptaeco@gmail.com',1,0,0),('AGRM781221V84','ENRIQUE GONZALEZ MARTINEZ',172,'NEZAHUALCOYOTL',57620,50218432,'miguel.var@gmail.com',1,0,0),('ALBM860829D92','PASEO DEL BOSQUE',157,'CUAUTITLAN IZCALLI',54760,59341760,'marco.aloce.54@gmail.com',1,0,0),('ALCV820425Z88','PAROTAS',28,'NEZAHUALCOYOTL',57840,57115180,'victor_alva@gmail.com',1,0,0),('ALFC790122W85','LA GUERRILLERA',117,'NEZAHUALCOYOTL',57211,57310286,'nelson_alcala@gmail.com',1,0,0),('ALHR800223X86','ALAMOS',351,'NEZAHUALCOYOTL',57215,57930126,'raul_almora@gmail.com',1,0,0),('ALVJ761103Y35','ORIENTE 174',505,'VENUSTIANO CARRANZA',15530,31830320,'jose.lav@gmail.com',0,0,1),('ALVJ810324Y87','MANUEL BERNAL',23,'NEZAHUALCOYOTL',57710,57335004,'jorgevera@gmail.com',1,0,0),('ARHR840627B90','CLAVELES',23,'CUAUTITLAN IZCALLI',54750,58689165,'rosario_arias@gmail.com',1,0,0),('ARLA751205Z36','CALZADA DE LA VIGA',222,'VENUSTIANO CARRANZA',15830,57400405,'andres_aranda_lopez@gmail.com',0,0,1),('ARLJ830526A89','VALLE DE DNIEPER',116,'NEZAHUALCOYOTL',57100,54812294,'javier_arevalo8@gmail.com',1,0,0),('ARRE850728C91','MANUEL GOMEZ MORIN',423,'CUAUTITLAN IZCALLI',54870,52634270,'efrain.arroyo6@gmail.com',1,0,0),('ARRO740106A37','GUADALUPE I. RAMIREZ',679,'VENUSTIANO CARRANZA',16030,56767271,'octavio.ar521@gmail.com',0,0,1),('ASA9504305RN','TECOYOTITLA',100,'DISTRITO FEDERAL',1030,50904200,'adaysa@gmail.com',1,0,0),('BARI841001F94','UNO ENCINOS',20,'CUAUTITLAN IZCALLI',54722,55883667,'isela_br6@gmail.com',1,0,0),('BAUC870930E93','ANDADOR LONDRES',7,'CUAUTITLAN IZCALLI',54700,58321198,'cesarbu@gmail.com',1,0,0),('BBR0211060AE','SANTA LUCIA',814,'ALVARO OBREGON',1450,56602258,'birtman@gmail.com',1,0,0),('BECL821231G96','AVENIDA DEL PARQUE',12,'CUAUTITLAN IZCALLI',54769,53110127,'luz_mbc@gmail.com',1,0,0),('BECL831102H95','SANTA ROSA DE LIMA',50,'CUAUTITLAN IZCALLI',54731,58773326,'leo_bc76@gmail.com',1,0,0),('BEEJ810228J98','RIO LERMA',311,'CUAUTITLAN IZCALLI',54740,56770908,'javier_be45@gmail.com',1,0,0),('BEL9512158ER','MICHOACAN',20,'RENOVACION',9209,50628600,'bshelect@gmail.com',0,0,1),('BERE730207B38','CAMINO A NATIVITAS',471,'XOCHIMILCO',16090,56752223,'edgar_bernal914@gmail.com',0,0,1),('BETR800129I97','FLORESTA',7,'CUAUTITLAN IZCALLI',54720,51403209,'ramiro_abt@gmail.com',1,0,0),('BOSN860327K99','COLIMA ESQUINA TOPETE',671,'LA PAZ',23072,21651139,'nelson_bs98@gmail.com',1,0,0),('BSE9404147WE','ROSAS MORENO',4,'SAN RAFAEL',2010,57051876,'bonhauservs@gmail.com',0,0,1),('CAAG820624N13','AVENIDA HIDALGO',88,'TLALNEPANTLA',54122,56220133,'gizella_ca@gmail.com',1,0,0),('CABM840426L98','REYNA XOCHITL',461,'TLALNEPANTLA',54140,53092770,'mercedes_calle51@gmail.com',1,0,0),('CACM800802B12','JUPITER',70,'GUSTAVO A. MADERO',7100,57540314,'mariana34@gmail.com',0,0,1),('CAI1112014GN','ALVARO OBREGON',271,'CUAUHTEMOC',6700,55145544,'caizsa@gmail.com',1,0,0),('CAMH850623W54','JOSE LOPEZ PORTILLO',198,'NAUCALPAN',53370,43618790,'hectorcampo76@gmail.com',0,1,0),('CANJ800822P15','HUERTA',22,'TLALNEPANTLA',54060,53104138,'jorge.cn@gmail.com',1,0,0),('CAR0701314MZ','DE LAS FUENTES',174,'TECAMACHALCO',53950,55890586,'casary@gmail.com',0,0,1),('CAS0207214OP','NORTE 45',870,'INDUSTRIAL VALLEJO',2300,57190583,'casandra@gmail.com',0,0,1),('CASC730716Q79','BOSQUES DE NIAMEY',30,'NEZAHUALCOYOTL',57170,57948562,'carlos_cardenas09@gmail.com',1,0,0),('CASE810723O14','AMANALCO',26,'TLALNEPANTLA',54130,50163255,'estalins_cs@gmail.com',1,0,0),('CAVG790921Q16','EJIDO',39,'TLALNEPANTLA',54000,54128833,'guillermo_cv65@gmail.com',1,0,0),('CAVI830525M12','VALLE DORADO',32,'TLALNEPANTLA',54020,50480218,'isabel.ca.vi@gmail.com',1,0,0),('CAW0905280FD','CAMINO DEL TRIUNFO',147,'CAMPESTRE ARAGON',7530,57507247,'cacros@gmail.com',0,0,1),('CCS0703269HG','AVENIDA FUENTE SUR',1971,'GUADALUPE INN',1020,56619796,'csole@gmail.com',0,0,1),('CEL9303136QW','ESCUINAPA',132,'PEDREGAL DE SANTO DOMINGO',4369,54213115,'celcom@gmail.com',0,0,1),('CGA0501247KJ','AVENIDA REVOLUCION',23,'TACUBAYA',11870,55160292,'casagar@gmail.com',0,0,1),('CGA9903085GB','PATRIOTISMO',875,'MIXCOAC',3910,56151856,'casagarcia@gmail.com',0,0,1),('CGU0406236LK','JAVIER ROJO',51,'AGRICOLA ORIENTAL',8500,55589083,'guzmengar@gmail.com',0,0,1),('CHML691020R17','VIVEROS DE ASIS',135,'TLALNEPANTLA',54790,53264405,'laura_cmendoza@gmail.com',1,0,0),('CHV0108203IO','AV UNIVERSIDAD',2014,'COPILCO UNIVERSIDAD',4360,53220400,'hermanosvaz@gmail.com',0,0,1),('CHY1204162YB','GABRIEL MANCERA',305,'AZCAPOTZALCO',3020,56396616,'chyr@gmail.com',1,0,0),('CIM0509287CC','AVENIDA CUAUHTEMOC',85,'CUAUHTEMOC',6700,55254441,'cimaq@gmail.com',1,0,0),('CIT0602258JH','AVENIDA PINO SUAREZ',20,'CIUDAD DE MEXICO AREA 6',6060,55225187,'citurriaga@gmail.com',0,0,1),('CLE1007215JN','EDUARDO MOLINA',53,'MORELOS',15270,55589083,'lemus@gmail.com',0,1,0),('COFK781209J72','VALLE DE GUADIANA',325,'ECATEPEC',55840,51211856,'kcontrerash@gmail.com',1,0,0),('COLM830117X20','MARIANO SALAS',99,'GUSTAVO A. MADERO',7070,57530821,'maribel_cl91@gmail.com',1,0,0),('COMD841218T19','AVENIDA CENTENARIO',1121,'GUSTAVO A. MADERO',55390,57538200,'doris_cm76@gmail.com',1,0,0),('CON0508127GH','DIVISION DEL NORTE',2658,'SAN DIEGO CHURUBUSCO',4120,56057351,'construita@gmail.com',0,0,1),('COR1107306SA','AVENIDA TEXCOCO',324,'CUCHILLA DEL TESORO',7900,57669767,'coriat@gmail.com',0,1,0),('CPE0112017KM','SAN ANTONIO ABAD',214,'VISTA ALEGRE',6860,57408065,'casapetra@gmail.com',0,0,1),('CRB0804279GF','INSURGENTES',2341,'SAN ANGEL',1000,55504684,'rodolfoblas@gmail.com',0,0,1),('CREL860413N76','COBRE',34,'ECATEPEC',55670,55438113,'liliana_cruz@gmail.com',1,0,0),('CRQA830216Z21','MISTERIOS',574,'GUSTAVO A. MADERO',7800,55640101,'angel.cq4@gmail.com',1,0,0),('CSA0110059DU','CALZADA LAS AGUILAS',969,'ALVARO OBREGON',1710,56354991,'sagara@gmail.com',1,0,0),('CSI0209119AX','DE VILLA AMELIA',897,'SANTA CRUZ MEYEHUALCO',9700,56933404,'siramirez@gmail.com',0,0,1),('CSS0406074MM','CALZADA DE GUADALUPE',296,'GUSTAVO A. MADERO',7810,55375416,'cromaserv@gmail.com',1,0,0),('CSS9302283YE','ORIENTE',16,'ISIDRO FABELA',14030,56062051,'chaim@gmail.com',0,1,0),('CTR1006297DS','BOSQUE DURAZNO',65,'BOSQUES DE LAS LOMAS',11700,52771690,'treviso@gmail.com',0,0,1),('DAH0610105GW','RIO MIXCOAC',343,'ALVARO OBREGON',1039,56626494,'dahecsa@gmail.com',1,0,0),('DCM9009014ZX','AVENIDA 5',125,'GRANJAS DE SAN ANTONIO',9070,56467185,'comrman@gmail.com',0,1,0),('DCM9202024RF','GRANJAS DE SAN ANTONIO',5125,'D.F',9070,55818011,'dcman@gmail.com',0,0,1),('DECM780111C13','VAINILLA',248,'IZTACALCO',8200,55385437,'monica_delgado4@gmail.com',0,0,1),('DEVE840724R55','MIGUEL DE CERVANTES SAAVEDRA',543,'MIGUEL HIDALGO',11500,55573733,'ernestodelmoral2@gmail.com',0,1,0),('DIDM750918S81','LAGO GUIJA',100,'NEZAHUALCOYOTL',57180,55342178,'monik_2dias@gmail.com',1,0,0),('DIHS740110K73','IGNACIO ALLENDE',10,'ECATEPEC',55520,57913856,'sauldh@gmail.com',1,0,0),('DLCA850315W22','TABASCO',109,'GUSTAVO A. MADERO',7550,51216377,'antonio.32@gmail.com',1,0,0),('DMA9110023XC','ORIENTE 229',260,'AGRICOLA ORIENTAL',8500,57008027,'dpem@gmail.com',0,1,0),('DME1208315AZ','GONZALEZ ORTEGA',881,'MORELOS',15940,57022185,'melpry@gmail.com',0,1,0),('EGE9211032CV','NORTE 176',520,'PENSADOR MEXICANO',15510,55517971,'egelectronic@gmail.com',0,1,0),('EGS9603073MJ','PLAYA LANGOSTA',280,'REFORMA IZTACCIHUATL SUR',8840,57682278,'guijar@gmail.com',0,1,0),('EKM9312041VF','AVENIDA INSURGENTES',664,'DEL VALLE',3100,55365715,'ejkrause@gmail.com',0,1,0),('EPL9805095NT','CALZADA DE GUADALUPE',77,'GUADALUPE TEPEYAC',11850,55179855,'elecplus@gmail.com',0,1,0),('ERO9704084MI','RIO CONSULADO',112,'SANTA MARIA INSURGENTES',6430,55580666,'rosan@gmail.com',0,1,0),('ESC9401051BW','TERRAPLEN DEL RIO FRIO 41',14,'EL RODEO',9860,53263333,'electra@gmail.com',0,1,0),('ESHY720308C39','NUEVO LEON',69,'XOCHIMILCO',16080,56538706,'yuriria.estrada_542@gmail.com',0,0,1),('EVE0412087DB','5 DE MAYO',476,'ALVARO OBREGON',1600,56602906,'evenezer@gmail.com',1,0,0),('EVI9403294TW','PRESIDENTE MAZARYCK',172,'CHAPULTEPEC MORALES',11587,30026300,'villamil@gmail.com',0,1,0),('FER9807028QQ','PROLONGACION SN. ANTONIO',705,'ALVARO OBREGON',1280,54824062,'ferre@gmail.com',1,0,0),('FIIM760212D14','AVENIDA PROSPERIDAD',220,'IZTACALCO',8100,57008665,'marfigueroa12@gmail.com',0,0,1),('FOHF750313E15','PEDRO ACEVES',70,'IZTAPALAPA',9510,57335157,'fernando876@gmail.com',0,0,1),('FRDM850414F16','ERMITA IZTAPALAPA',4054,'IZTAPALAPA',9510,54804063,'marianocris_4321@gmail.com',0,0,1),('FRGJ730409D40','MEXICO ORIENTE',377,'XOCHIMILCO',16600,58432561,'angelfriasg7@gmail.com',0,0,1),('FRRY870312M75','GRANADA',15,'ECATEPEC',55321,50972465,'yessica76@gmail.com',1,0,0),('FYP0910296FV','AVENIDA GUERRERO',55,'CUAUHTEMOC',6300,55462920,'fypmex@gmail.com',1,0,0),('GAPA740510E41','HANK GONZALEZ',953,'NEZAHUALCOYOTL',57000,56392121,'lucia_garcia1@gmail.com',0,1,0),('GCS9906106BE','JORGE JIMENEZ CANTU',532,'VALLE ESCONDIDO',52937,56816894,'grillinga@gmail.com',0,1,0),('GGA0709114HJ','COLTONGO',67,'AZCAPOTZALCO',2630,57191023,'gamse@gmail.com',1,0,0),('GIT0808123JK','AVENIDA REFINERIA',190,'AZCAPOTZALCO',2140,53947196,'iretech@gmail.com',1,0,0),('GNE0007117VN','LAGUNA DE SAN CRISTOBAL',165,'ANAHUAC',11320,52604583,'gnes@gmail.com',0,1,0),('GOMM780825S56','MIRAVEREDA',67,'CUAUTITLAN IZCALLI',54740,58810959,'mirna_gomez98@gmail.com',0,1,0),('GRE9611169RT','AV. CANAL DE MIRAMONTES',2668,'LOS CIPRESES',4830,56776665,'gruporedal@gmail.com',0,0,1),('GRS9201272UJ','CANAL DE MIRAMONTES',2668,'LOS CIPRESES',4830,56776665,'redal@gmail.com',0,1,0),('GUQL870515G17','TAXQUEÑA',2395,'IZTAPALAPA',9800,54824064,'laura_gutierrez5@gmail.com',0,0,1),('GUSS790926T57','AMERICAS',110,'CUAUTITLAN IZCALLI',54130,55439867,'sergio.guzman4@gmail.com',0,1,0),('HEDP821229X60','RIO BLANCO',7,'NAUCALPAN',53217,55671023,'pavel_herrerad@gmail.com',0,1,0),('HEHE851027U58','20 DE NOVIEMBRE',15,'NAUCALPAN',53220,53437165,'esteban.2hernandez@gmail.com',0,1,0),('HERA860616H18','ZARAGOZA',1444,'IZTAPALAPA',9100,55580101,'aledon@gmail.com',0,0,1),('HESE750611F42','VIA MORELOS',295,'ECATEPEC',55300,56394621,'danielhs@gmail.com',0,1,0),('HESE831128V59','PALMERAS',1,'NAUCALPAN',53530,5769117,'edgar_hs6@gmail.com',0,1,0),('IMM0108128CA','CANAL DE TEZONTLE',1520,'DR ALFONSO ORTIZ TIRADO',9020,56400163,'imanmex@gmail.com',0,1,0),('INI9605316EB','VIADUCTO MIGUEL ALEMAN',105,'MIGUEL HIDALGO',11800,91411075,'inipress@gmail.com',1,0,0),('ISE1101023YM','DR. NAVARRO',4,'CUAUHTEMOC',6720,55780536,'isesa@gmail.com',1,0,0),('JIJL830717I19','TULYEHUALCO',111,'IZTAPALAPA',9820,56461958,'laurajim@gmail.com',0,0,1),('JIOD870130Y61','SATURNO',83,'NAUCALPAN',53690,53022289,'diana.jimo0@gmail.com',0,1,0),('LAMA860228Z62','RICARDO FLORES MAGON',39,'NAUCALPAN',53689,53070215,'andres.lara@gmail.com',0,1,0),('LAR0605063NG','CONGRESO DE LA UNION',5631,'GUSTAVO A. MADERO',7850,57606333,'lareli@gmail.com',1,0,0),('LCH0908206HL','ELEUTERIO MENDEZ',14,'SAN SIMON',3660,55390240,'casadelhogar@gmail.com',0,1,0),('LEL9709170TY','SOR JUANA INÉS DE LA CRUZ',555,'SAN LORENZO',54033,53211900,'lgelectronics@gmail.com',0,0,1),('LIF0209149XL','RANCHO CAMICHINES',58,'NUEVA ORIENTAL COAPA',14300,56738815,'lifetec@gmail.com',0,1,0),('LLY0411150AF','MONTESITOS',38,'NAPOLES',3810,53406700,'llyr@gmail.com',0,1,0),('LOGA820818J20','AVENIDA MEXICO',1249,'MAGDALENA CONTRERAS',10800,55682479,'alfredo_lio43@gmail.com',0,0,1),('LORJ850331A63','SIERRA MADRE DEL NORTE',76,'NAUCALPAN',53657,53020499,'josue_lopezr@gmail.com',0,1,0),('LORL780512A11','JOSE URBANO FONSECA',311,'GUSTAVO A. MADERO',7370,55772457,'luisdan@gmail.com',1,0,0),('LOVJ760712G43','VIA GUSTAVO BAZ',112,'NAUCALPAN',53070,56392178,'jose_lv@gmail.com',0,1,0),('LSC0009040SF','VASCO DE QUIROGA',1845,'ALVARO OBREGON',1210,55708628,'lopra@gmail.com',1,0,0),('LYA0310130ZZ','SARA',4589,'GUADALUPE TEPEYAC',7840,55177601,'lingoya@gmail.com',0,1,0),('MAG0512169SN','ALCANFORES',152,'SAN CLEMENTE NORTE',1740,56357672,'maginsul@gmail.com',0,1,0),('MAMA840401B64','RUMANIA',22,'ECATEPEC',55100,54671290,'andres.mm2@gmail.com',0,1,0),('MAOC810919K21','SAN JERONIMO',1887,'MAGDALENA CONTRERAS',10310,56681495,'cdelia_mares12@gmail.com',0,0,1),('MAUJ881020L22','RODOLFO GAONA',86,'MIGUEL HIDALGO',11200,52801295,'ulises_urbina65@gmail.com',0,0,1),('MEL9102254YX','PLUTARCO ELIAS CALLES',1499,'ZACAHUITZCO',3550,56745254,'moulinex@gmail.com',0,0,1),('MERS770813H44','SAN ANTONIO',87,'TLALNEPANTLA',55430,55652087,'salvadormeneses555@gmail.com',0,1,0),('MOFJ761019T82','VICENTE VILLADA',527,'NEZAHUALCOYOTL',57000,55541190,'juan_mf@gmail.com',1,0,0),('MOLJ881121M23','CALZADA DE LOS GALLOS',1,'MIGUEL HIDALGO',11360,53410448,'armandomoreno8@gmail.com',0,0,1),('MOMU780914I45','DOMINGO DE RAMOS',4,'ATIZAPAN',55700,53989073,'uriel_omm@gmail.com',0,1,0),('NUBL791015J46','AVENIDA COYOACAN',751,'TLALNEPANTLA',55200,55750617,'luisnb_8@gmail.com',0,1,0),('OCCL830502C65','SOL NORTE',26,'ECATEPEC',55000,57708086,'luis.angel_ochoa@gmail.com',0,1,0),('ORCS820603D66','CIRCUNVALACION PONIENTE',122,'ECATEPEC',55540,57769988,'sofia_castillo@gmail.com',0,1,0),('PAD0611178DI','AVENIDA HOMERO',633,'POLANCO REFORMA',11550,52508006,'peopleads@gmail.com',0,1,0),('PAGA871222N24','MARIANO ESCOBEDO',164,'MIGUEL HIDALGO',11320,55455382,'abel_gonzalez@gmail.com',0,0,1),('PEAR801116K47','TORDOS',10,'DISTRITO FEDERAL',60110,52711429,'raquel.peralesa@gmail.com',0,1,0),('PECI811217L48','CORDOBA',76,'DISTRITO FEDERAL',61300,52711429,'ivan.lpc@gmail.com',0,1,0),('PEUE860123O25','LAGO HIELMAR',23,'MIGUEL HIDALGO',11490,55450574,'ernestopu@gmail.com',0,0,1),('PHI0710187FQ','AVENA',438,'GRANJAS MEXICO',8400,56480708,'philco@gmail.com',0,1,0),('POS0502217WK','EJE CENTRAL LAZARO CARDENAS',120,'COYOACAN',4380,56106585,'postech@gmail.com',1,0,0),('POSO710514O77','JOSE MARIA MORELOS',239,'ECATEPEC',55530,56996223,'omar_ponce@gmail.com',1,0,0),('PSS1011305EB','CHILPANCINGO',142,'CUAUHTEMOC',6760,55847379,'proper@gmail.com',1,0,0),('RAA1007085WH','AVENIDA 510',340,'GUSTAVO A. MADERO',7920,54824061,'raaeme@gmail.com',1,0,0),('RAPA850224P26','TONATZIN',93,'MIGUEL HIDALGO',11320,55462592,'alex_ramosp@gmail.com',0,0,1),('RAPG820118M49','JOSE MARIA IZAZAGA',127,'CUAUHTEMOC',6300,55424442,'adolfo.rp67@gmail.com',0,1,0),('REAG810704E67','CUAUHTEMOC',63,'ECATEPEC',55540,57491541,'graciela_reyes30@gmail.com',0,1,0),('REC9908039AR','INSURGENTES SUR',2358,'ALVARO OBREGON',1070,56622481,'recimpre@gmail.com',1,0,0),('REF9202285AQ','AV NEZAHUALCOYOTL',54,'NEZAHUALCOYOTL PRIMERA SECCION',57420,24812156,'refaelectro@gmail.com',0,0,1),('REGF830219N50','MASARYK',332,'MIGUEL HIDALGO',60000,52801529,'omar.rg43@gmail.com',0,1,0),('RHO0108278BX','ANAHUAC',139,'COYOACAN',4950,56034218,'refaho@gmail.com',1,0,0),('ROH0809196GA','ARTEMIO DEL VALLE ARIZPE',18,'DEL VALLE',3100,56873086,'rohemar@gmail.com',0,1,0),('ROPE800805F68','SUR',56,'ECATEPEC',55130,55673209,'edgardo.8roldan@gmail.com',0,1,0),('RSR9706017WW','GALILEO',114,'DISTRITO FEDERAL',11560,52822974,'ratii@gmail.com',1,0,0),('RUCM840320O51','FRAY SERVANDO TERESA DE MIER',42,'CUAUHTEMOC',61100,57098190,'mara_rueda.contreras@gmail.com',0,1,0),('RUTC840325Q27','JOSE MARTI',147,'MIGUEL HIDALGO',1800,55160425,'alberto651_ruiz@gmail.com',0,0,1),('SAAD790906H69','LA CAÑADA',4,'ECATEPEC',54890,58928105,'danielsa@gmail.com',0,1,0),('SALA761108I71','DURAZNO',35,'ECATEPEC',55290,57111425,'anahisl@gmail.com',1,0,0),('SALC691119S18','CUMBRES DE ACULTZINGO',35,'TLALNEPANTLA',54311,53785305,'carlos_sandoval@gmail.com',1,0,0),('SAMA830426R28','LA TURBA',68,'TLAHUAC',13230,58595395,'saul_salazarmen43@gmail.com',0,0,1),('SAMG820527S29','SAN FRANCISCO',29,'TLAHUAC',13400,58410991,'gustavo_salazar921@gmail.com',0,0,1),('SAMM850421P52','ALCE BLANCO',65,'NAUCALPAN',53370,53598754,'mauricio.salazar3@gmail.com',0,1,0),('SAN0511096FX','AVENIDA TOLUCA',147,'ALVARO OBREGON',1780,55955363,'sanaire@gmail.com',1,0,0),('SAN0705240JO','RANCHO SAN LORENZO',153,'COYOACAN',4920,56796988,'sanairetech@gmail.com',1,0,0),('SARM860522Q53','JARDINES DE MORELOS',45,'ECATEPEC',55075,55248643,'marcos.sanchezr@gmail.com',0,1,0),('SEC0904239HI','AVENIDA PACIFICO',293,'COYOACAN',4380,55440339,'secovim@gmail.com',1,0,0),('SER1106224KT','SEGUNDA DE MANGLE',276,'PRIZO I',55264,57886944,'servimaytag@gmail.com',0,1,0),('SER1202032TL','INSURGENTES SUR',211,'CUAUHTEMOC',6700,54824065,'servilav@gmail.com',1,0,0),('SER9805262BV','SAN JERONIMO',630,'JARDINES DEL PEDREGAL',1900,55954028,'servimax@gmail.com',0,0,1),('SER9810181YU','AURORA BOREAL',11,'VALLE DE LUCES',9800,56076611,'servintegra@gmail.com',0,0,1),('SIM9201195CY','RODRIGUEZ SARO',410,'BENITO JUAREZ',3100,55245670,'simel@gmail.com',1,0,0),('SIVM810628T30','MAR DEL NECTAR',115,'TLAHUAC',13460,58412613,'martin_sil@gmail.com',0,0,1),('SKY9003173EJ','LUIS SPOTA',24,'BENITO JUAREZ',3660,56741028,'skyline@gmail.com',1,0,0),('SLJ9102261ID','ORIENTE 85',3608,'LA JOYA',7890,55820200,'lajoya@gmail.com',0,1,0),('SMS1006141LW','AVENIDA DE LAS GRANJAS',61,'AZCAPOTZALCO',2530,53520060,'suarcom@gmail.com',1,0,0),('SOGI800729U31','PICACHO AJUSCO',933,'TLAHUAC',14200,56305717,'abraham85@gmail.com',0,0,1),('SOL0907132KL','AVENIDA DE LAS CULTURAS',33,'AZCAPOTZALCO',2430,53198073,'soldein@gmail.com',1,0,0),('SPA0301206CW','CUMBRES DE MALTRATA PTE.',422,'BENITO JUAREZ',3020,56820133,'spav@gmail.com',1,0,0),('SPA1205243LE','MANUEL AVILA CAMACHO',401,'LOMAS DE CHAPULTEPEC I SECCION',11000,52022488,'spacer@gmail.com',0,1,0),('SPL0803041FK','MANUEL MARIA CONTRERAS',16,'CUAUHTEMOC',6470,57033612,'selplus@gmail.com',1,0,0),('STA0704052EJ','DR. BARRAGAN',188,'CUAUHTEMOC',6720,55787907,'stanza@gmail.com',1,0,0),('SVM0305225PL','MARIANO OTERO',5095,'LA CALMA',45070,31886388,'shopvac@gmail.com',0,0,1),('SXP9502062NT','DEODATO',326,'MIGUEL HIDALGO',13200,58669626,'xpres@gmail.com',0,1,0),('TEK0312078SA','SAN JERONIMO',382,'ALVARO OBREGON',1900,62727794,'teka@gmail.com',1,0,0),('TEK0606250YP','28 DE DICIEMBRE',17,'COYOACAN',4815,56792028,'tekaelec@gmail.com',1,0,0),('THO0912011HQ','EJIDO DE SAN LORENZO TEZUNCO',210,'EX-EJIDO DE SAN FRANCISCO CULHUACAN',4420,56087156,'tecnihogar@gmail.com',0,0,1),('TLI8904232PI','HERSCHEL',198,'ANZURES',11590,52503012,'turbolim@gmail.com',0,1,0),('TOER790830V32','SAN JUAN BOSCO',19,'TLAHUAC',14370,56550829,'rosenberg.toala675@gmail.com',0,0,1),('TRRE780901W33','NORTE 25',5,'VENUSTIANO CARRANZA',15500,57845558,'eduardo.trujillo.3214@gmail.com',0,0,1),('UNI9102184VT','ANTONIO MAURA',107,'BENITO JUAREZ',3510,56962038,'unihero@gmail.com',1,0,0),('VAGR880211L74','CERRADA DE AGRICULTURA',15,'ECATEPEC',55000,57871287,'rodrigo.va_gu@gmail.com',1,0,0),('VAOC771002X34','AVIACION MILITAR',24,'VENUSTIANO CARRANZA',15700,57628734,'carlosvargas54@gmail.com',0,0,1),('VEVJ771007H70','GARDENIA',636,'ECATEPEC',55090,58388945,'josevv@gmail.com',0,1,0),('VIRO720615P78','LAGO MUSTERS',84,'NEZAHUALCOYOTL',57000,54856001,'oscarvidal_r@gmail.com',1,0,0),('WTR0703290TG','SANTA ANA',102,'CULHUACAN',4480,0,'wtripipool@gmail.com',0,0,1),('YEE9003251OO','CAMPECHE',66,'VALLE CEYLAN',54150,57396096,'yeemart@gmail.com',0,1,0),('ZAGA740817R80','BOSQUES DE EUROPA',123,'NEZAHUALCOYOTL',57170,51210278,'ana_dani@gmail.com',1,0,0);
/*!40000 ALTER TABLE `tipocliente` ENABLE KEYS */;
UNLOCK TABLES;

--
-- Table structure for table `vencimiento`
--

DROP TABLE IF EXISTS `vencimiento`;
/*!40101 SET @saved_cs_client     = @@character_set_client */;
/*!40101 SET character_set_client = utf8 */;
CREATE TABLE `vencimiento` (
  `cFechaVencimiento` varchar(6) NOT NULL,
  `d1_d8` date DEFAULT NULL,
  `d9_d15` date DEFAULT NULL,
  `d16_d30` date DEFAULT NULL,
  `d31_d45` date DEFAULT NULL,
  `d46_d60` date DEFAULT NULL,
  `mayor60` date DEFAULT NULL,
  PRIMARY KEY (`cFechaVencimiento`)
) ENGINE=InnoDB DEFAULT CHARSET=latin1;
/*!40101 SET character_set_client = @saved_cs_client */;

--
-- Dumping data for table `vencimiento`
--

LOCK TABLES `vencimiento` WRITE;
/*!40000 ALTER TABLE `vencimiento` DISABLE KEYS */;
INSERT INTO `vencimiento` VALUES ('V1001','0000-00-00','0000-00-00','2013-02-28','0000-00-00','0000-00-00','0000-00-00'),('V1002','0000-00-00','0000-00-00','2013-02-28','0000-00-00','0000-00-00','0000-00-00'),('V1003','0000-00-00','0000-00-00','2013-02-28','0000-00-00','0000-00-00','0000-00-00'),('V1004','0000-00-00','0000-00-00','2013-02-28','0000-00-00','0000-00-00','0000-00-00'),('V1005','0000-00-00','0000-00-00','2013-02-28','0000-00-00','0000-00-00','0000-00-00'),('V1006','0000-00-00','0000-00-00','2013-02-28','0000-00-00','0000-00-00','0000-00-00'),('V1007','2013-03-04','0000-00-00','0000-00-00','0000-00-00','0000-00-00','0000-00-00'),('V1008','2013-03-05','0000-00-00','0000-00-00','0000-00-00','0000-00-00','0000-00-00'),('V1009','2013-03-06','0000-00-00','0000-00-00','0000-00-00','0000-00-00','0000-00-00'),('V1010','2013-03-07','0000-00-00','0000-00-00','0000-00-00','0000-00-00','0000-00-00'),('V1011','2013-03-08','0000-00-00','0000-00-00','0000-00-00','0000-00-00','0000-00-00'),('V1012','2013-03-04','0000-00-00','0000-00-00','0000-00-00','0000-00-00','0000-00-00'),('V1013','2013-03-05','0000-00-00','0000-00-00','0000-00-00','0000-00-00','0000-00-00'),('V1014','2013-03-06','0000-00-00','0000-00-00','0000-00-00','0000-00-00','0000-00-00'),('V1015','2013-03-07','0000-00-00','0000-00-00','0000-00-00','0000-00-00','0000-00-00'),('V1016','2013-03-08','0000-00-00','0000-00-00','0000-00-00','0000-00-00','0000-00-00'),('V1017','0000-00-00','0000-00-00','2013-02-28','0000-00-00','0000-00-00','0000-00-00'),('V1018','0000-00-00','0000-00-00','2013-02-28','0000-00-00','0000-00-00','0000-00-00'),('V1019','0000-00-00','0000-00-00','2013-02-28','0000-00-00','0000-00-00','0000-00-00'),('V1020','0000-00-00','2013-03-11','0000-00-00','0000-00-00','0000-00-00','0000-00-00'),('V1021','0000-00-00','2013-03-12','0000-00-00','0000-00-00','0000-00-00','0000-00-00'),('V1022','0000-00-00','2013-03-13','0000-00-00','0000-00-00','0000-00-00','0000-00-00'),('V1023','0000-00-00','2013-03-14','0000-00-00','0000-00-00','0000-00-00','0000-00-00'),('V1024','0000-00-00','2013-03-15','0000-00-00','0000-00-00','0000-00-00','0000-00-00'),('V1025','0000-00-00','2013-03-11','0000-00-00','0000-00-00','0000-00-00','0000-00-00'),('V1026','0000-00-00','2013-03-12','0000-00-00','0000-00-00','0000-00-00','0000-00-00'),('V1027','0000-00-00','2013-03-13','0000-00-00','0000-00-00','0000-00-00','0000-00-00'),('V1028','0000-00-00','2013-03-14','0000-00-00','0000-00-00','0000-00-00','0000-00-00'),('V1029','0000-00-00','0000-00-00','2013-03-18','0000-00-00','0000-00-00','0000-00-00'),('V1030','0000-00-00','0000-00-00','2013-03-19','0000-00-00','0000-00-00','0000-00-00'),('V1031','0000-00-00','0000-00-00','2013-03-20','0000-00-00','0000-00-00','0000-00-00'),('V1032','0000-00-00','0000-00-00','2013-03-21','0000-00-00','0000-00-00','0000-00-00'),('V1033','0000-00-00','0000-00-00','2013-03-22','0000-00-00','0000-00-00','0000-00-00'),('V1034','0000-00-00','0000-00-00','2013-03-18','0000-00-00','0000-00-00','0000-00-00'),('V1035','0000-00-00','0000-00-00','2013-03-19','0000-00-00','0000-00-00','0000-00-00'),('V1036','0000-00-00','0000-00-00','2013-03-20','0000-00-00','0000-00-00','0000-00-00'),('V1037','0000-00-00','0000-00-00','2013-03-21','0000-00-00','0000-00-00','0000-00-00'),('V1038','0000-00-00','0000-00-00','2013-03-22','0000-00-00','0000-00-00','0000-00-00'),('V1039','0000-00-00','0000-00-00','2013-03-18','0000-00-00','0000-00-00','0000-00-00'),('V1040','0000-00-00','0000-00-00','2013-03-25','0000-00-00','0000-00-00','0000-00-00'),('V1041','0000-00-00','0000-00-00','2013-03-26','0000-00-00','0000-00-00','0000-00-00'),('V1042','0000-00-00','0000-00-00','2013-03-27','0000-00-00','0000-00-00','0000-00-00'),('V1043','0000-00-00','0000-00-00','2013-03-28','0000-00-00','0000-00-00','0000-00-00'),('V1044','0000-00-00','0000-00-00','2013-03-29','0000-00-00','0000-00-00','0000-00-00'),('V1045','0000-00-00','0000-00-00','0000-00-00','2013-04-02','0000-00-00','0000-00-00'),('V1046','0000-00-00','0000-00-00','0000-00-00','2013-04-01','0000-00-00','0000-00-00'),('V1047','0000-00-00','0000-00-00','0000-00-00','2013-04-03','0000-00-00','0000-00-00'),('V1048','0000-00-00','0000-00-00','0000-00-00','2013-04-04','0000-00-00','0000-00-00'),('V1049','0000-00-00','0000-00-00','0000-00-00','2013-04-05','0000-00-00','0000-00-00'),('V1050','0000-00-00','0000-00-00','0000-00-00','2013-04-01','0000-00-00','0000-00-00'),('V1051','0000-00-00','0000-00-00','0000-00-00','2013-04-02','0000-00-00','0000-00-00'),('V1052','0000-00-00','0000-00-00','0000-00-00','2013-04-08','0000-00-00','0000-00-00'),('V1053','0000-00-00','0000-00-00','0000-00-00','2013-04-03','0000-00-00','0000-00-00'),('V1054','0000-00-00','0000-00-00','0000-00-00','2013-04-04','0000-00-00','0000-00-00'),('V1055','0000-00-00','0000-00-00','0000-00-00','2013-04-05','0000-00-00','0000-00-00'),('V1056','0000-00-00','0000-00-00','0000-00-00','2013-04-08','0000-00-00','0000-00-00'),('V1057','0000-00-00','0000-00-00','0000-00-00','2013-04-09','0000-00-00','0000-00-00'),('V1058','0000-00-00','0000-00-00','0000-00-00','2013-04-10','0000-00-00','0000-00-00'),('V1059','0000-00-00','0000-00-00','0000-00-00','2013-04-11','0000-00-00','0000-00-00'),('V1060','0000-00-00','0000-00-00','0000-00-00','2013-04-12','0000-00-00','0000-00-00'),('V1061','0000-00-00','0000-00-00','0000-00-00','2013-04-12','0000-00-00','0000-00-00'),('V1062','0000-00-00','0000-00-00','0000-00-00','2013-04-12','0000-00-00','0000-00-00'),('V1063','0000-00-00','0000-00-00','0000-00-00','0000-00-00','2013-04-15','0000-00-00'),('V1064','0000-00-00','0000-00-00','0000-00-00','0000-00-00','2013-04-16','0000-00-00'),('V1065','0000-00-00','0000-00-00','0000-00-00','0000-00-00','2013-04-17','0000-00-00'),('V1066','0000-00-00','0000-00-00','0000-00-00','0000-00-00','2013-04-18','0000-00-00'),('V1067','0000-00-00','0000-00-00','0000-00-00','0000-00-00','2013-04-19','0000-00-00'),('V1068','0000-00-00','0000-00-00','0000-00-00','0000-00-00','2013-04-22','0000-00-00'),('V1069','0000-00-00','0000-00-00','0000-00-00','0000-00-00','2013-04-23','0000-00-00'),('V1070','0000-00-00','0000-00-00','0000-00-00','0000-00-00','2013-04-24','0000-00-00'),('V1071','0000-00-00','0000-00-00','0000-00-00','0000-00-00','2013-04-25','0000-00-00'),('V1072','0000-00-00','0000-00-00','0000-00-00','0000-00-00','2013-04-26','0000-00-00'),('V1073','0000-00-00','0000-00-00','0000-00-00','0000-00-00','2013-04-29','0000-00-00'),('V1074','0000-00-00','0000-00-00','0000-00-00','0000-00-00','2013-04-30','0000-00-00'),('V1075','0000-00-00','0000-00-00','0000-00-00','0000-00-00','2013-04-15','0000-00-00'),('V1076','0000-00-00','0000-00-00','0000-00-00','0000-00-00','2013-04-16','0000-00-00'),('V1077','0000-00-00','0000-00-00','0000-00-00','0000-00-00','2013-04-17','0000-00-00'),('V1078','0000-00-00','0000-00-00','0000-00-00','0000-00-00','0000-00-00','2013-04-18'),('V1079','0000-00-00','0000-00-00','0000-00-00','0000-00-00','0000-00-00','2013-04-19'),('V1080','0000-00-00','0000-00-00','0000-00-00','0000-00-00','0000-00-00','2013-04-22'),('V1081','0000-00-00','0000-00-00','0000-00-00','0000-00-00','0000-00-00','2013-04-23'),('V1082','0000-00-00','0000-00-00','0000-00-00','0000-00-00','0000-00-00','2013-04-24'),('V1083','0000-00-00','0000-00-00','0000-00-00','0000-00-00','0000-00-00','2013-04-25'),('V1084','0000-00-00','0000-00-00','0000-00-00','0000-00-00','0000-00-00','2013-04-26'),('V1085','0000-00-00','0000-00-00','0000-00-00','0000-00-00','0000-00-00','2013-04-29'),('V1086','0000-00-00','0000-00-00','0000-00-00','0000-00-00','0000-00-00','2013-04-30'),('V1087','0000-00-00','0000-00-00','0000-00-00','0000-00-00','0000-00-00','2013-04-01'),('V1088','0000-00-00','0000-00-00','0000-00-00','0000-00-00','0000-00-00','2013-04-02'),('V1089','0000-00-00','0000-00-00','0000-00-00','0000-00-00','0000-00-00','2013-04-03'),('V1090','0000-00-00','0000-00-00','0000-00-00','0000-00-00','0000-00-00','2013-04-04'),('V1091','0000-00-00','0000-00-00','0000-00-00','0000-00-00','0000-00-00','2013-04-05'),('V1092','0000-00-00','0000-00-00','0000-00-00','0000-00-00','0000-00-00','2013-04-08'),('V1093','0000-00-00','0000-00-00','0000-00-00','0000-00-00','0000-00-00','2013-04-09'),('V1094','0000-00-00','0000-00-00','0000-00-00','0000-00-00','0000-00-00','2013-04-10'),('V1095','0000-00-00','0000-00-00','0000-00-00','0000-00-00','0000-00-00','2013-04-11'),('V1096','0000-00-00','0000-00-00','0000-00-00','0000-00-00','0000-00-00','2013-04-12'),('V1097','0000-00-00','0000-00-00','0000-00-00','0000-00-00','0000-00-00','2013-04-15'),('V1098','0000-00-00','0000-00-00','0000-00-00','0000-00-00','0000-00-00','2013-04-16'),('V1099','0000-00-00','0000-00-00','0000-00-00','0000-00-00','0000-00-00','2013-04-17'),('V1100','0000-00-00','0000-00-00','2013-02-28','0000-00-00','0000-00-00','0000-00-00'),('V1101','0000-00-00','0000-00-00','2013-02-28','0000-00-00','0000-00-00','0000-00-00'),('V1102','0000-00-00','0000-00-00','2013-02-28','0000-00-00','0000-00-00','0000-00-00'),('V1103','0000-00-00','0000-00-00','2013-02-28','0000-00-00','0000-00-00','0000-00-00'),('V1104','0000-00-00','0000-00-00','2013-02-28','0000-00-00','0000-00-00','0000-00-00'),('V1105','0000-00-00','0000-00-00','2013-02-28','0000-00-00','0000-00-00','0000-00-00'),('V1106','0000-00-00','0000-00-00','2013-02-28','0000-00-00','0000-00-00','0000-00-00'),('V1107','0000-00-00','0000-00-00','2013-02-28','0000-00-00','0000-00-00','0000-00-00'),('V1108','0000-00-00','0000-00-00','2013-02-28','0000-00-00','0000-00-00','0000-00-00'),('V1109','0000-00-00','0000-00-00','2013-02-28','0000-00-00','0000-00-00','0000-00-00'),('V1110','0000-00-00','0000-00-00','2013-02-28','0000-00-00','0000-00-00','0000-00-00'),('V1111','0000-00-00','0000-00-00','2013-02-28','0000-00-00','0000-00-00','0000-00-00'),('V1112','0000-00-00','0000-00-00','2013-02-28','0000-00-00','0000-00-00','0000-00-00'),('V1113','0000-00-00','0000-00-00','2013-02-28','0000-00-00','0000-00-00','0000-00-00'),('V1114','0000-00-00','0000-00-00','2013-02-28','0000-00-00','0000-00-00','0000-00-00'),('V1115','0000-00-00','0000-00-00','2013-02-28','0000-00-00','0000-00-00','0000-00-00'),('V1116','0000-00-00','0000-00-00','2013-02-28','0000-00-00','0000-00-00','0000-00-00'),('V1117','0000-00-00','0000-00-00','2013-02-28','0000-00-00','0000-00-00','0000-00-00'),('V1118','0000-00-00','0000-00-00','2013-02-28','0000-00-00','0000-00-00','0000-00-00'),('V1119','0000-00-00','0000-00-00','2013-02-28','0000-00-00','0000-00-00','0000-00-00'),('V1120','0000-00-00','0000-00-00','2013-02-28','0000-00-00','0000-00-00','0000-00-00'),('V1121','2013-05-02','0000-00-00','0000-00-00','0000-00-00','0000-00-00','0000-00-00'),('V1122','2013-05-03','0000-00-00','0000-00-00','0000-00-00','0000-00-00','0000-00-00'),('V1123','2013-05-06','0000-00-00','0000-00-00','0000-00-00','0000-00-00','0000-00-00'),('V1124','2013-05-07','0000-00-00','0000-00-00','0000-00-00','0000-00-00','0000-00-00'),('V1125','2013-05-08','0000-00-00','0000-00-00','0000-00-00','0000-00-00','0000-00-00'),('V1126','2013-05-09','0000-00-00','0000-00-00','0000-00-00','0000-00-00','0000-00-00'),('V1127','2013-05-10','0000-00-00','0000-00-00','0000-00-00','0000-00-00','0000-00-00'),('V1128','2013-05-13','0000-00-00','0000-00-00','0000-00-00','0000-00-00','0000-00-00'),('V1129','2013-05-14','0000-00-00','0000-00-00','0000-00-00','0000-00-00','0000-00-00'),('V1130','2013-05-15','0000-00-00','0000-00-00','0000-00-00','0000-00-00','0000-00-00'),('V1131','0000-00-00','2013-05-16','0000-00-00','0000-00-00','0000-00-00','0000-00-00'),('V1132','0000-00-00','2013-05-17','0000-00-00','0000-00-00','0000-00-00','0000-00-00'),('V1133','0000-00-00','2013-05-20','0000-00-00','0000-00-00','0000-00-00','0000-00-00'),('V1134','0000-00-00','2013-05-21','0000-00-00','0000-00-00','0000-00-00','0000-00-00'),('V1135','0000-00-00','2013-05-22','0000-00-00','0000-00-00','0000-00-00','0000-00-00'),('V1136','0000-00-00','2013-05-23','0000-00-00','0000-00-00','0000-00-00','0000-00-00'),('V1137','0000-00-00','2013-05-24','0000-00-00','0000-00-00','0000-00-00','0000-00-00'),('V1138','0000-00-00','2013-05-27','0000-00-00','0000-00-00','0000-00-00','0000-00-00'),('V1139','0000-00-00','2013-05-28','0000-00-00','0000-00-00','0000-00-00','0000-00-00'),('V1140','0000-00-00','2013-05-29','0000-00-00','0000-00-00','0000-00-00','0000-00-00'),('V1141','0000-00-00','2013-05-30','0000-00-00','0000-00-00','0000-00-00','0000-00-00'),('V1142','0000-00-00','0000-00-00','2013-04-01','0000-00-00','0000-00-00','0000-00-00'),('V1143','0000-00-00','0000-00-00','2013-03-01','0000-00-00','0000-00-00','0000-00-00'),('V1144','0000-00-00','0000-00-00','2013-03-04','0000-00-00','0000-00-00','0000-00-00'),('V1145','0000-00-00','0000-00-00','2013-03-05','0000-00-00','0000-00-00','0000-00-00'),('V1146','0000-00-00','0000-00-00','2013-03-06','0000-00-00','0000-00-00','0000-00-00'),('V1147','0000-00-00','0000-00-00','2013-03-07','0000-00-00','0000-00-00','0000-00-00'),('V1148','0000-00-00','0000-00-00','2013-03-08','0000-00-00','0000-00-00','0000-00-00'),('V1149','0000-00-00','0000-00-00','2013-03-11','0000-00-00','0000-00-00','0000-00-00'),('V1150','0000-00-00','0000-00-00','2013-03-12','0000-00-00','0000-00-00','0000-00-00'),('V1151','0000-00-00','0000-00-00','2013-03-13','0000-00-00','0000-00-00','0000-00-00'),('V1152','0000-00-00','0000-00-00','0000-00-00','2013-03-14','0000-00-00','0000-00-00'),('V1153','0000-00-00','0000-00-00','0000-00-00','2013-03-15','0000-00-00','0000-00-00'),('V1154','0000-00-00','0000-00-00','0000-00-00','2013-03-15','0000-00-00','0000-00-00'),('V1155','0000-00-00','0000-00-00','0000-00-00','2013-03-18','0000-00-00','0000-00-00'),('V1156','0000-00-00','0000-00-00','0000-00-00','2013-03-19','0000-00-00','0000-00-00'),('V1157','0000-00-00','0000-00-00','0000-00-00','2013-03-20','0000-00-00','0000-00-00'),('V1158','0000-00-00','0000-00-00','0000-00-00','2013-03-21','0000-00-00','0000-00-00'),('V1159','0000-00-00','0000-00-00','0000-00-00','2013-03-22','0000-00-00','0000-00-00'),('V1160','0000-00-00','0000-00-00','0000-00-00','2013-03-25','0000-00-00','0000-00-00'),('V1161','0000-00-00','0000-00-00','0000-00-00','2013-03-26','0000-00-00','0000-00-00'),('V1162','0000-00-00','0000-00-00','0000-00-00','2013-03-27','0000-00-00','0000-00-00'),('V1163','0000-00-00','0000-00-00','0000-00-00','0000-00-00','2013-03-28','0000-00-00'),('V1164','0000-00-00','0000-00-00','0000-00-00','0000-00-00','2013-03-29','0000-00-00'),('V1165','0000-00-00','0000-00-00','0000-00-00','0000-00-00','2013-03-01','0000-00-00'),('V1166','0000-00-00','0000-00-00','0000-00-00','0000-00-00','2013-03-04','0000-00-00'),('V1167','0000-00-00','0000-00-00','0000-00-00','0000-00-00','2013-03-05','0000-00-00'),('V1168','0000-00-00','0000-00-00','0000-00-00','0000-00-00','2013-03-06','0000-00-00'),('V1169','0000-00-00','0000-00-00','0000-00-00','0000-00-00','2013-03-07','0000-00-00'),('V1170','0000-00-00','0000-00-00','0000-00-00','0000-00-00','2013-03-08','0000-00-00'),('V1171','0000-00-00','0000-00-00','0000-00-00','0000-00-00','2013-03-11','0000-00-00'),('V1172','0000-00-00','0000-00-00','0000-00-00','0000-00-00','2013-03-12','0000-00-00'),('V1173','0000-00-00','0000-00-00','0000-00-00','0000-00-00','2013-03-13','0000-00-00'),('V1174','0000-00-00','0000-00-00','0000-00-00','0000-00-00','2013-03-14','0000-00-00'),('V1175','0000-00-00','0000-00-00','0000-00-00','0000-00-00','2013-03-15','0000-00-00'),('V1176','0000-00-00','0000-00-00','0000-00-00','0000-00-00','2013-03-18','0000-00-00'),('V1177','0000-00-00','0000-00-00','0000-00-00','0000-00-00','0000-00-00','2013-03-19'),('V1178','0000-00-00','0000-00-00','0000-00-00','0000-00-00','0000-00-00','2013-03-20'),('V1179','0000-00-00','0000-00-00','0000-00-00','0000-00-00','0000-00-00','2013-03-21'),('V1180','0000-00-00','0000-00-00','0000-00-00','0000-00-00','0000-00-00','2013-03-22'),('V1181','0000-00-00','0000-00-00','0000-00-00','0000-00-00','0000-00-00','2013-03-25'),('V1182','0000-00-00','0000-00-00','0000-00-00','0000-00-00','0000-00-00','2013-03-26'),('V1183','0000-00-00','0000-00-00','0000-00-00','0000-00-00','0000-00-00','2013-03-27'),('V1184','0000-00-00','0000-00-00','0000-00-00','0000-00-00','0000-00-00','2013-03-28'),('V1185','0000-00-00','0000-00-00','0000-00-00','0000-00-00','0000-00-00','2013-03-29'),('V1186','0000-00-00','0000-00-00','0000-00-00','0000-00-00','0000-00-00','2013-04-01'),('V1187','0000-00-00','0000-00-00','0000-00-00','0000-00-00','0000-00-00','2013-04-02'),('V1188','0000-00-00','0000-00-00','0000-00-00','0000-00-00','0000-00-00','2013-04-03'),('V1189','0000-00-00','0000-00-00','0000-00-00','0000-00-00','0000-00-00','2013-04-04'),('V1190','2013-04-05','0000-00-00','0000-00-00','0000-00-00','0000-00-00','0000-00-00'),('V1191','2013-04-08','0000-00-00','0000-00-00','0000-00-00','0000-00-00','0000-00-00'),('V1192','2013-04-09','0000-00-00','0000-00-00','0000-00-00','0000-00-00','0000-00-00'),('V1193','2013-04-10','0000-00-00','0000-00-00','0000-00-00','0000-00-00','0000-00-00'),('V1194','2013-04-11','0000-00-00','0000-00-00','0000-00-00','0000-00-00','0000-00-00'),('V1195','2013-04-12','0000-00-00','0000-00-00','0000-00-00','0000-00-00','0000-00-00'),('V1196','2013-04-15','0000-00-00','0000-00-00','0000-00-00','0000-00-00','0000-00-00'),('V1197','2013-04-16','0000-00-00','0000-00-00','0000-00-00','0000-00-00','0000-00-00'),('V1198','2013-04-17','0000-00-00','0000-00-00','0000-00-00','0000-00-00','0000-00-00'),('V1199','2013-04-18','0000-00-00','0000-00-00','0000-00-00','0000-00-00','0000-00-00'),('V1200','0000-00-00','2013-04-19','0000-00-00','0000-00-00','0000-00-00','0000-00-00'),('V1201','0000-00-00','2013-04-22','0000-00-00','0000-00-00','0000-00-00','0000-00-00');
/*!40000 ALTER TABLE `vencimiento` ENABLE KEYS */;
UNLOCK TABLES;
/*!40103 SET TIME_ZONE=@OLD_TIME_ZONE */;

/*!40101 SET SQL_MODE=@OLD_SQL_MODE */;
/*!40014 SET FOREIGN_KEY_CHECKS=@OLD_FOREIGN_KEY_CHECKS */;
/*!40014 SET UNIQUE_CHECKS=@OLD_UNIQUE_CHECKS */;
/*!40101 SET CHARACTER_SET_CLIENT=@OLD_CHARACTER_SET_CLIENT */;
/*!40101 SET CHARACTER_SET_RESULTS=@OLD_CHARACTER_SET_RESULTS */;
/*!40101 SET COLLATION_CONNECTION=@OLD_COLLATION_CONNECTION */;
/*!40111 SET SQL_NOTES=@OLD_SQL_NOTES */;

-- Dump completed on 2016-10-19  7:33:07
